{"type":"FeatureCollection","features":[{"type":"Feature","id":96713820,"properties":{"osmId":96713820,"name":"Rua Abílio de Almeida","highway":"residential","cycleway":"no","cyclewayLeft":"","cyclewayRight":"","surface":""},"geometry":{"type":"LineString","coordinates":[[-45.944256,-23.2649053],[-45.9433472,-23.2661865],[-45.9433306,-23.2662123],[-45.9433267,-23.2662383],[-45.9433267,-23.2662698],[-45.9433445,-23.2663312]]}},{"type":"Feature","id":125537732,"properties":{"osmId":125537732,"name":"Rua Bacabal","highway":"tertiary","cycleway":"","cyclewayLeft":"lane","cyclewayRight":"","surface":"asphalt"},"geometry":{"type":"LineString","coordinates":[[-45.9143314,-23.2536084],[-45.9142606,-23.2535114],[-45.913131,-23.2522276],[-45.9128324,-23.2518861],[-45.9121774,-23.251137],[-45.9121484,-23.2511026],[-45.9116749,-23.2505632],[-45.9112378,-23.2500514],[-45.9108579,-23.2496065],[-45.9096185,-23.2482074],[-45.909552,-23.2481324]]}},{"type":"Feature","id":126508967,"properties":{"osmId":126508967,"name":"Rua Candeias","highway":"secondary","cycleway":"","cyclewayLeft":"lane","cyclewayRight":"","surface":"asphalt"},"geometry":{"type":"LineString","coordinates":[[-45.9069396,-23.243243],[-45.9073184,-23.2446764],[-45.9073269,-23.2447091],[-45.9076959,-23.2461205],[-45.9079932,-23.2472863],[-45.9081075,-23.2478425],[-45.9081353,-23.2480095],[-45.9081721,-23.2481648],[-45.9081992,-23.2483349],[-45.9083422,-23.2488443],[-45.9085306,-23.2496405],[-45.9085831,-23.2498292],[-45.9086107,-23.2499473],[-45.9088252,-23.250844],[-45.9088338,-23.2508769],[-45.9089732,-23.2514234],[-45.9091988,-23.2522794],[-45.9094765,-23.2533661],[-45.9094922,-23.2534346],[-45.9095287,-23.2535805],[-45.9096434,-23.2540582],[-45.9097353,-23.2544021],[-45.9098897,-23.2549798],[-45.9100229,-23.2554457],[-45.910198,-23.2561659],[-45.9104767,-23.2571895],[-45.9106318,-23.2577538],[-45.910665,-23.2578966]]}},{"type":"Feature","id":127771300,"properties":{"osmId":127771300,"name":"Avenida Doutor João Batista Soares de Queiroz Júnior","highway":"secondary","cycleway":"lane","cyclewayLeft":"","cyclewayRight":"","surface":"asphalt"},"geometry":{"type":"LineString","coordinates":[[-45.9157777,-23.2313067],[-45.9158471,-23.2310915],[-45.9158759,-23.2308644],[-45.9158766,-23.2308025],[-45.9158808,-23.2306314],[-45.9158584,-23.2304377],[-45.9158599,-23.2303276],[-45.9158271,-23.2289478],[-45.9158027,-23.228286],[-45.9157971,-23.2282049],[-45.9158022,-23.2277327],[-45.9158755,-23.2274205],[-45.9160163,-23.226978],[-45.9168975,-23.2256718],[-45.9172719,-23.2251149],[-45.9177276,-23.224478],[-45.9179874,-23.2240286],[-45.9182965,-23.2232482],[-45.9183427,-23.2230772],[-45.918465,-23.2226241],[-45.9185427,-23.2224949],[-45.9186865,-23.2223745],[-45.9188534,-23.2223038],[-45.9189193,-23.2222906],[-45.9190448,-23.2223031],[-45.9191746,-23.2223138],[-45.9193541,-23.2223676],[-45.9194868,-23.2224505],[-45.9202105,-23.2233237],[-45.9211448,-23.2244626],[-45.9214272,-23.2248041],[-45.921765,-23.2252147],[-45.9218126,-23.2252617],[-45.9221322,-23.2255769],[-45.9224647,-23.2258715],[-45.9226983,-23.2260409],[-45.9229526,-23.226207],[-45.9230857,-23.2263207],[-45.9232145,-23.2264996],[-45.9233126,-23.2266561],[-45.9233442,-23.2267241],[-45.9234107,-23.2269212],[-45.9234436,-23.2271029],[-45.9234548,-23.2273907],[-45.9234282,-23.2276961],[-45.9233106,-23.2281367],[-45.9232667,-23.2281885],[-45.9231139,-23.2283394],[-45.9224237,-23.2290117],[-45.9222679,-23.2291479],[-45.9212786,-23.2300355],[-45.9212499,-23.23006],[-45.9207296,-23.2305538],[-45.9207022,-23.2306092],[-45.9206841,-23.2306641]]}},{"type":"Feature","id":128289596,"properties":{"osmId":128289596,"name":"Avenida São João","highway":"primary","cycleway":"","cyclewayLeft":"","cyclewayRight":"no","surface":"asphalt"},"geometry":{"type":"LineString","coordinates":[[-45.9077732,-23.207205],[-45.9078262,-23.2072732],[-45.9079181,-23.2073892],[-45.9080474,-23.2075828],[-45.9083671,-23.2081133],[-45.9086959,-23.2086319],[-45.9089038,-23.2089597],[-45.9089899,-23.2092102],[-45.9090288,-23.2094181],[-45.9090891,-23.2097402],[-45.9091214,-23.2099128],[-45.9091635,-23.2101381],[-45.9093292,-23.2110241],[-45.9095706,-23.2115065],[-45.909669,-23.211671],[-45.9097482,-23.2117495],[-45.9098213,-23.2118429],[-45.9098658,-23.2120149],[-45.9098695,-23.2121017],[-45.9098389,-23.2122739]]}},{"type":"Feature","id":128289600,"properties":{"osmId":128289600,"name":"Avenida São João","highway":"primary","cycleway":"","cyclewayLeft":"","cyclewayRight":"no","surface":"asphalt"},"geometry":{"type":"LineString","coordinates":[[-45.9073648,-23.2069575],[-45.9070997,-23.2065831],[-45.9069917,-23.2064512],[-45.9069077,-23.2063487],[-45.9067483,-23.2061869],[-45.9066034,-23.20607],[-45.9065491,-23.2060368]]}},{"type":"Feature","id":128289601,"properties":{"osmId":128289601,"name":"Avenida São João","highway":"secondary","cycleway":"","cyclewayLeft":"","cyclewayRight":"no","surface":"asphalt"},"geometry":{"type":"LineString","coordinates":[[-45.9065936,-23.2052861],[-45.9066005,-23.205456],[-45.9066115,-23.2055431],[-45.9066266,-23.2056292],[-45.9066615,-23.2057156],[-45.9067056,-23.2057832],[-45.9068202,-23.2059115],[-45.9068393,-23.205935],[-45.9069123,-23.206025],[-45.9073984,-23.2066246]]}},{"type":"Feature","id":128289604,"properties":{"osmId":128289604,"name":"Avenida Jorge Zarur","highway":"primary","cycleway":"","cyclewayLeft":"","cyclewayRight":"no","surface":"asphalt"},"geometry":{"type":"LineString","coordinates":[[-45.9061609,-23.2058738],[-45.906067,-23.2059246],[-45.9059987,-23.205989],[-45.9059304,-23.2060633],[-45.9057064,-23.2063485],[-45.9055747,-23.2065331],[-45.9054776,-23.2066799],[-45.9053704,-23.2068323],[-45.9051731,-23.2071447],[-45.9049989,-23.2074666],[-45.9048668,-23.2077292],[-45.9046875,-23.2080928],[-45.9044511,-23.2084762]]}},{"type":"Feature","id":128289606,"properties":{"osmId":128289606,"name":"","highway":"residential","cycleway":"","cyclewayLeft":"","cyclewayRight":"track","surface":"asphalt"},"geometry":{"type":"LineString","coordinates":[[-45.9061609,-23.2058738],[-45.9061308,-23.2059321],[-45.9061112,-23.2059848]]}},{"type":"Feature","id":128291016,"properties":{"osmId":128291016,"name":"Rua Ana Maria Nardo Silva","highway":"secondary","cycleway":"","cyclewayLeft":"","cyclewayRight":"track","surface":"asphalt"},"geometry":{"type":"LineString","coordinates":[[-45.9129656,-23.1992197],[-45.9128409,-23.1990674]]}},{"type":"Feature","id":129004411,"properties":{"osmId":129004411,"name":"Rua Paraibuna","highway":"secondary","cycleway":"","cyclewayLeft":"","cyclewayRight":"no","surface":"asphalt"},"geometry":{"type":"LineString","coordinates":[[-45.8824052,-23.2076565],[-45.8821062,-23.2074998],[-45.8820364,-23.2074122],[-45.8820163,-23.2072706],[-45.8820592,-23.2071362],[-45.8825526,-23.2063901],[-45.8826378,-23.2062368],[-45.8826933,-23.2060904],[-45.8826882,-23.2058667],[-45.8826795,-23.2058073]]}},{"type":"Feature","id":129006901,"properties":{"osmId":129006901,"name":"Avenida Engenheiro Francisco José Longo","highway":"tertiary","cycleway":"","cyclewayLeft":"","cyclewayRight":"no","surface":"asphalt"},"geometry":{"type":"LineString","coordinates":[[-45.8876662,-23.2076124],[-45.8877091,-23.2075582],[-45.8877878,-23.2071806],[-45.8878017,-23.2070984],[-45.8878102,-23.207025],[-45.8878475,-23.2067961],[-45.8878613,-23.2067031],[-45.8879433,-23.2062013],[-45.8880029,-23.2058677],[-45.8880715,-23.205436],[-45.8880911,-23.2053251],[-45.8880959,-23.2052989],[-45.8881304,-23.2049798],[-45.8881491,-23.2049046]]}},{"type":"Feature","id":129007928,"properties":{"osmId":129007928,"name":"Avenida Heitor Villa Lobos","highway":"tertiary","cycleway":"","cyclewayLeft":"","cyclewayRight":"no","surface":"asphalt"},"geometry":{"type":"LineString","coordinates":[[-45.901014,-23.2077772],[-45.9010396,-23.2077145],[-45.9010564,-23.2076495],[-45.9010641,-23.207583],[-45.9010626,-23.2075161],[-45.9010519,-23.2074499],[-45.9010363,-23.2073964],[-45.9010146,-23.2073448],[-45.9009872,-23.2072954],[-45.9009543,-23.207249],[-45.9009164,-23.207206],[-45.9005448,-23.2068298],[-45.9004256,-23.2066746],[-45.9004011,-23.2065874]]}},{"type":"Feature","id":129007930,"properties":{"osmId":129007930,"name":"Avenida Viaduto Heitor Villa Lobos","highway":"tertiary","cycleway":"","cyclewayLeft":"","cyclewayRight":"no","surface":"asphalt"},"geometry":{"type":"LineString","coordinates":[[-45.8900932,-23.2044153],[-45.8897239,-23.2044705],[-45.8892537,-23.2045709],[-45.8891802,-23.2045921]]}},{"type":"Feature","id":129012063,"properties":{"osmId":129012063,"name":"Rua Francisco Ricci","highway":"tertiary","cycleway":"","cyclewayLeft":"","cyclewayRight":"no","surface":"asphalt"},"geometry":{"type":"LineString","coordinates":[[-45.9010463,-23.2079266],[-45.9008155,-23.2081471],[-45.9003196,-23.2085609],[-45.9002551,-23.2086085],[-45.9001819,-23.2086477]]}},{"type":"Feature","id":129013575,"properties":{"osmId":129013575,"name":"Rua Paraibuna","highway":"primary","cycleway":"","cyclewayLeft":"","cyclewayRight":"no","surface":"asphalt"},"geometry":{"type":"LineString","coordinates":[[-45.8866157,-23.1996164],[-45.886348,-23.2006476]]}},{"type":"Feature","id":129014754,"properties":{"osmId":129014754,"name":"Viaduto Rui Doria","highway":"primary","cycleway":"","cyclewayLeft":"","cyclewayRight":"no","surface":"asphalt"},"geometry":{"type":"LineString","coordinates":[[-45.8857147,-23.2000119],[-45.8857449,-23.1998039],[-45.8858794,-23.1989424]]}},{"type":"Feature","id":129014756,"properties":{"osmId":129014756,"name":"Avenida Doutor Nélson D'Ávila","highway":"primary","cycleway":"","cyclewayLeft":"","cyclewayRight":"no","surface":"asphalt"},"geometry":{"type":"LineString","coordinates":[[-45.8858794,-23.1989424],[-45.8859467,-23.1985083],[-45.8859851,-23.1982601],[-45.8861246,-23.1974788],[-45.8860999,-23.1970702],[-45.8860517,-23.1968155]]}},{"type":"Feature","id":129014757,"properties":{"osmId":129014757,"name":"Viaduto Rui Doria","highway":"primary","cycleway":"","cyclewayLeft":"","cyclewayRight":"no","surface":"asphalt"},"geometry":{"type":"LineString","coordinates":[[-45.8857037,-23.2002937],[-45.8858127,-23.2000222]]}},{"type":"Feature","id":129014766,"properties":{"osmId":129014766,"name":"Avenida Doutor Nélson D'Ávila","highway":"primary","cycleway":"","cyclewayLeft":"","cyclewayRight":"no","surface":"asphalt"},"geometry":{"type":"LineString","coordinates":[[-45.8859925,-23.1989576],[-45.8860628,-23.1985533],[-45.8862329,-23.1974848]]}},{"type":"Feature","id":129017972,"properties":{"osmId":129017972,"name":"Avenida Doutor Adhemar de Barros","highway":"tertiary","cycleway":"","cyclewayLeft":"","cyclewayRight":"no","surface":"asphalt"},"geometry":{"type":"LineString","coordinates":[[-45.8901057,-23.1921265],[-45.8900106,-23.1921761],[-45.8899737,-23.1922876],[-45.8899784,-23.1923776],[-45.8902368,-23.1929131],[-45.8902895,-23.1930406],[-45.890299,-23.1930601],[-45.8904097,-23.1933721],[-45.8906351,-23.1941882],[-45.890702,-23.1944897],[-45.8907888,-23.1949001],[-45.8910403,-23.1958792],[-45.8910656,-23.1959775],[-45.8910789,-23.1960323],[-45.8914338,-23.1974985],[-45.8914729,-23.1976602],[-45.8914922,-23.19774],[-45.8917374,-23.1987163],[-45.8917537,-23.1987772]]}},{"type":"Feature","id":129023850,"properties":{"osmId":129023850,"name":"Avenida Engenheiro Francisco José Longo","highway":"tertiary","cycleway":"","cyclewayLeft":"","cyclewayRight":"no","surface":"asphalt"},"geometry":{"type":"LineString","coordinates":[[-45.8884938,-23.2029896],[-45.888527,-23.2027962],[-45.8886922,-23.2018348],[-45.8888447,-23.200947],[-45.888909,-23.2005729],[-45.8889562,-23.2002983],[-45.8891463,-23.1992125],[-45.8891572,-23.1991499],[-45.8892934,-23.1983692],[-45.8895059,-23.1971635],[-45.8896375,-23.1964706],[-45.8897752,-23.195688],[-45.8898655,-23.1949803],[-45.8898815,-23.1949138],[-45.8900073,-23.1943923],[-45.8900809,-23.1939383],[-45.8901093,-23.1937627],[-45.890159,-23.1933684],[-45.8901692,-23.1933086],[-45.8901752,-23.1932678],[-45.8901779,-23.1932137],[-45.8901799,-23.1931715]]}},{"type":"Feature","id":129028230,"properties":{"osmId":129028230,"name":"Rua Professor Frederico Eyer","highway":"secondary","cycleway":"","cyclewayLeft":"","cyclewayRight":"no","surface":"asphalt"},"geometry":{"type":"LineString","coordinates":[[-45.8869569,-23.1985441],[-45.8870115,-23.1985608],[-45.887601,-23.1987388],[-45.8880549,-23.1988835],[-45.8885442,-23.1990395],[-45.8891463,-23.1992125],[-45.8892215,-23.1992366],[-45.8896322,-23.199368],[-45.8897904,-23.199408],[-45.889993,-23.199403]]}},{"type":"Feature","id":129113310,"properties":{"osmId":129113310,"name":"Avenida Doutor Eduardo Cury","highway":"primary","cycleway":"","cyclewayLeft":"track","cyclewayRight":"","surface":"asphalt"},"geometry":{"type":"LineString","coordinates":[[-45.9129656,-23.1992197],[-45.9117419,-23.2003513],[-45.9101671,-23.2018577],[-45.9099576,-23.2020521],[-45.9096383,-23.2023485],[-45.9070252,-23.2047918],[-45.9067521,-23.2051127],[-45.9065936,-23.2052861]]}},{"type":"Feature","id":129312952,"properties":{"osmId":129312952,"name":"Avenida Engenheiro Francisco José Longo","highway":"tertiary","cycleway":"","cyclewayLeft":"","cyclewayRight":"no","surface":"asphalt"},"geometry":{"type":"LineString","coordinates":[[-45.8883284,-23.2038886],[-45.8883932,-23.2035363],[-45.8884938,-23.2029896]]}},{"type":"Feature","id":130074999,"properties":{"osmId":130074999,"name":"Avenida Alto do Rio Doce","highway":"residential","cycleway":"","cyclewayLeft":"","cyclewayRight":"track","surface":"asphalt"},"geometry":{"type":"LineString","coordinates":[[-45.9132339,-23.1690598],[-45.9133653,-23.1690481],[-45.9134283,-23.1690234],[-45.9134826,-23.1689698],[-45.9136866,-23.1686192],[-45.9137334,-23.1685444],[-45.9138031,-23.1684741],[-45.9139064,-23.1683903],[-45.9141451,-23.168222],[-45.9148412,-23.1678502],[-45.9152817,-23.1676259],[-45.9154272,-23.1675488],[-45.9155337,-23.1674936],[-45.9157618,-23.1675217],[-45.9160957,-23.1675722],[-45.916767,-23.1676431],[-45.9168635,-23.16764],[-45.9169386,-23.1676215],[-45.9172176,-23.167484],[-45.9173269,-23.1674335],[-45.9174997,-23.1673673],[-45.9175884,-23.1673478],[-45.9177212,-23.1673404],[-45.9178439,-23.1673577],[-45.9179679,-23.1673835],[-45.9180605,-23.1673885],[-45.9181181,-23.1673867],[-45.918851,-23.1673373],[-45.9189134,-23.1673263],[-45.918963,-23.167301],[-45.9190039,-23.1672677],[-45.9190381,-23.1672202],[-45.9190509,-23.1671666],[-45.9190529,-23.167116],[-45.9189814,-23.1667793],[-45.918793,-23.166183],[-45.9186438,-23.1656631],[-45.918485,-23.1650836],[-45.9183255,-23.1645182],[-45.9182276,-23.1641908],[-45.9181726,-23.164103],[-45.9180738,-23.1639452],[-45.9179853,-23.1638383],[-45.9178796,-23.1636963],[-45.9177866,-23.1635786],[-45.9177379,-23.163446],[-45.9177204,-23.1633418],[-45.9175284,-23.1623242],[-45.9174957,-23.1620816],[-45.917474,-23.1619697],[-45.9175491,-23.1618772],[-45.9176073,-23.1618119],[-45.9177706,-23.1616766],[-45.9178982,-23.161618],[-45.9180145,-23.161542],[-45.9181166,-23.1614505],[-45.9182023,-23.1613456],[-45.9182693,-23.1612298],[-45.9186734,-23.1603902]]}},{"type":"Feature","id":130174839,"properties":{"osmId":130174839,"name":"","highway":"service","cycleway":"","cyclewayLeft":"no","cyclewayRight":"separate","surface":""},"geometry":{"type":"LineString","coordinates":[[-45.8767467,-23.19859],[-45.876126,-23.1982329],[-45.8759972,-23.1981541],[-45.8758915,-23.1980787],[-45.8757281,-23.1979533],[-45.875559,-23.1978352],[-45.8754599,-23.1977545],[-45.8752858,-23.1975579]]}},{"type":"Feature","id":130193088,"properties":{"osmId":130193088,"name":"Rua Lola Roberto Batista Rocco","highway":"tertiary","cycleway":"","cyclewayLeft":"","cyclewayRight":"no","surface":"asphalt"},"geometry":{"type":"LineString","coordinates":[[-45.8804728,-23.1966424],[-45.8805065,-23.1965676],[-45.8805689,-23.1964539],[-45.8805895,-23.1964139],[-45.8806682,-23.1962614],[-45.8808446,-23.1960952],[-45.8811248,-23.1956058],[-45.8811742,-23.1955503],[-45.8811746,-23.1955498],[-45.8812644,-23.1955123]]}},{"type":"Feature","id":130193097,"properties":{"osmId":130193097,"name":"Rua Jordão Monteiro Ferreira","highway":"residential","cycleway":"","cyclewayLeft":"","cyclewayRight":"no","surface":"asphalt"},"geometry":{"type":"LineString","coordinates":[[-45.8821723,-23.1962473],[-45.8821356,-23.1962963],[-45.8820597,-23.196327],[-45.8815868,-23.1963126],[-45.8812857,-23.1963034]]}},{"type":"Feature","id":130193439,"properties":{"osmId":130193439,"name":"Rua Jaruaguá","highway":"tertiary","cycleway":"","cyclewayLeft":"","cyclewayRight":"no","surface":"asphalt"},"geometry":{"type":"LineString","coordinates":[[-45.8815629,-23.1958717],[-45.8815855,-23.196013],[-45.8815672,-23.1961344],[-45.8815121,-23.1962154],[-45.8814378,-23.1962655],[-45.8812857,-23.1963034]]}},{"type":"Feature","id":130569516,"properties":{"osmId":130569516,"name":"Rua Genésia Berardineli Tarantino","highway":"secondary","cycleway":"","cyclewayLeft":"","cyclewayRight":"no","surface":"asphalt"},"geometry":{"type":"LineString","coordinates":[[-45.8790375,-23.1882145],[-45.8788944,-23.18853],[-45.8788401,-23.188613],[-45.8787618,-23.188742],[-45.8787325,-23.1887885],[-45.8786335,-23.1889455],[-45.8784541,-23.1892402],[-45.8780717,-23.1898646],[-45.8777435,-23.1903288],[-45.8775887,-23.1904954],[-45.8774431,-23.1906404],[-45.8773872,-23.1906993],[-45.877301,-23.1907923],[-45.8771944,-23.1909099],[-45.8771593,-23.1909488],[-45.8771277,-23.1909841],[-45.8768525,-23.1912676],[-45.8768029,-23.1913187],[-45.8767407,-23.1913914]]}},{"type":"Feature","id":130571206,"properties":{"osmId":130571206,"name":"Rua Antônio Porfírio da Silva","highway":"tertiary","cycleway":"","cyclewayLeft":"","cyclewayRight":"no","surface":"asphalt"},"geometry":{"type":"LineString","coordinates":[[-45.8796021,-23.1940999],[-45.8791903,-23.194696],[-45.8791135,-23.1947255],[-45.8789438,-23.1946847],[-45.8778101,-23.1941516],[-45.8774034,-23.1939342],[-45.8770413,-23.1937847]]}},{"type":"Feature","id":130571429,"properties":{"osmId":130571429,"name":"Viaduto Raquel Marcondes","highway":"secondary","cycleway":"","cyclewayLeft":"","cyclewayRight":"no","surface":"asphalt"},"geometry":{"type":"LineString","coordinates":[[-45.8797181,-23.1865593],[-45.8796896,-23.1866182],[-45.8790375,-23.1882145]]}},{"type":"Feature","id":130571432,"properties":{"osmId":130571432,"name":"Viaduto Raquel Marcondes","highway":"secondary","cycleway":"","cyclewayLeft":"","cyclewayRight":"no","surface":"asphalt"},"geometry":{"type":"LineString","coordinates":[[-45.8789628,-23.1881687],[-45.8796326,-23.1865416]]}},{"type":"Feature","id":130573510,"properties":{"osmId":130573510,"name":"","highway":"primary_link","cycleway":"","cyclewayLeft":"no","cyclewayRight":"separate","surface":"asphalt"},"geometry":{"type":"LineString","coordinates":[[-45.870291,-23.1948369],[-45.8697536,-23.194589],[-45.8695373,-23.1945587],[-45.8690354,-23.1945817],[-45.8686307,-23.194576],[-45.86807,-23.1945522],[-45.8679285,-23.1945761],[-45.8676265,-23.1947219]]}},{"type":"Feature","id":130583024,"properties":{"osmId":130583024,"name":"Rua Roma","highway":"secondary","cycleway":"","cyclewayLeft":"","cyclewayRight":"no","surface":"asphalt"},"geometry":{"type":"LineString","coordinates":[[-45.883529,-23.1981614],[-45.8834116,-23.198065],[-45.8824756,-23.1976158],[-45.8822711,-23.1975164],[-45.8820908,-23.1974287],[-45.8816408,-23.1972177],[-45.8814709,-23.1971276],[-45.8813487,-23.1970685],[-45.8806157,-23.1967145],[-45.8805322,-23.1966742]]}},{"type":"Feature","id":130871193,"properties":{"osmId":130871193,"name":"Avenida Doutor João Guilhermino","highway":"secondary","cycleway":"","cyclewayLeft":"","cyclewayRight":"no","surface":"asphalt"},"geometry":{"type":"LineString","coordinates":[[-45.8894355,-23.1917854],[-45.8892818,-23.1916458],[-45.8887221,-23.1911439],[-45.8885867,-23.1910206],[-45.8885479,-23.1909852],[-45.8874917,-23.1900112]]}},{"type":"Feature","id":130906656,"properties":{"osmId":130906656,"name":"","highway":"footway","cycleway":"lane","cyclewayLeft":"","cyclewayRight":"","surface":"sand"},"geometry":{"type":"LineString","coordinates":[[-45.8900367,-23.1717183],[-45.8899993,-23.1716694],[-45.889992,-23.1716576],[-45.8899865,-23.1716378],[-45.8899886,-23.1716077]]}},{"type":"Feature","id":131041948,"properties":{"osmId":131041948,"name":"Avenida São José","highway":"secondary","cycleway":"","cyclewayLeft":"","cyclewayRight":"lane","surface":"asphalt"},"geometry":{"type":"LineString","coordinates":[[-45.8909027,-23.1773046],[-45.8905654,-23.1777819],[-45.8902317,-23.1781633],[-45.889873,-23.1785273],[-45.8896033,-23.1787337],[-45.8893233,-23.1789401],[-45.8887783,-23.1792684],[-45.8887098,-23.1793408],[-45.8886692,-23.1793953],[-45.888618,-23.1794812],[-45.8885871,-23.1795475],[-45.8884818,-23.1797983]]}},{"type":"Feature","id":131068786,"properties":{"osmId":131068786,"name":"Avenida Doutor João Batista Soares de Queiroz Júnior","highway":"secondary","cycleway":"lane","cyclewayLeft":"","cyclewayRight":"","surface":"asphalt"},"geometry":{"type":"LineString","coordinates":[[-45.9207285,-23.2303822],[-45.9209863,-23.230126],[-45.9211667,-23.2299696],[-45.9211926,-23.2299465],[-45.9215775,-23.2296002],[-45.9218312,-23.2293685],[-45.922328,-23.2289245],[-45.9228668,-23.2284412],[-45.9230258,-23.2282761],[-45.9230619,-23.2282155],[-45.9231638,-23.2280564],[-45.9232282,-23.227938],[-45.9233252,-23.2276456],[-45.9233563,-23.2273976],[-45.923355,-23.227342],[-45.9233485,-23.2272477],[-45.9233394,-23.2271152],[-45.9233004,-23.2269504],[-45.9232228,-23.2267435],[-45.9230872,-23.2265263],[-45.9229237,-23.226356],[-45.9226769,-23.2261759],[-45.9224448,-23.2260033],[-45.9223896,-23.225953],[-45.9220812,-23.2256891],[-45.9216742,-23.2252745],[-45.921339,-23.2248626],[-45.9209678,-23.2244064],[-45.920575,-23.2239414],[-45.920234,-23.2235205],[-45.9201888,-23.2234646],[-45.919863,-23.2230622],[-45.9197578,-23.2229322],[-45.9194778,-23.2226166],[-45.9193263,-23.2224469],[-45.9192052,-23.2223954],[-45.9190818,-23.2223762],[-45.9189405,-23.2223804],[-45.9188455,-23.2224042],[-45.9187348,-23.2224553],[-45.9186422,-23.2225473],[-45.9185541,-23.2226754],[-45.9184076,-23.2231292],[-45.9183264,-23.2234441],[-45.9180774,-23.2240746],[-45.9176921,-23.2247293],[-45.9173309,-23.2251787],[-45.9170146,-23.2256499],[-45.9167059,-23.2261241],[-45.9163976,-23.2265963],[-45.9160866,-23.2270903],[-45.9159038,-23.2276992],[-45.9159226,-23.2282008],[-45.9159261,-23.2282832],[-45.9159239,-23.2289941],[-45.9159415,-23.2292595],[-45.9159841,-23.2302081],[-45.915987,-23.2304286],[-45.9159988,-23.2306305],[-45.9160101,-23.230807],[-45.9159985,-23.2309625],[-45.915973,-23.2311283],[-45.9158934,-23.2313719]]}},{"type":"Feature","id":131078662,"properties":{"osmId":131078662,"name":"","highway":"tertiary","cycleway":"","cyclewayLeft":"","cyclewayRight":"lane","surface":""},"geometry":{"type":"LineString","coordinates":[[-45.9201234,-23.2533937],[-45.920195,-23.2533863],[-45.9202657,-23.2533988],[-45.9203291,-23.2534301],[-45.9203698,-23.2534657],[-45.9204002,-23.2535092],[-45.9204187,-23.2535579],[-45.9204232,-23.2536273],[-45.9204037,-23.2536945],[-45.9203623,-23.2537528],[-45.9203032,-23.2537961],[-45.9202322,-23.2538203],[-45.9201606,-23.2538233],[-45.9200913,-23.2538065],[-45.9200305,-23.2537716],[-45.9199824,-23.2537198],[-45.919954,-23.2536569],[-45.9199479,-23.253589],[-45.9199649,-23.2535227],[-45.9200026,-23.253465],[-45.9200576,-23.2534205],[-45.9201234,-23.2533937]]}},{"type":"Feature","id":131101330,"properties":{"osmId":131101330,"name":"","highway":"tertiary_link","cycleway":"","cyclewayLeft":"lane","cyclewayRight":"","surface":""},"geometry":{"type":"LineString","coordinates":[[-45.9234289,-23.2559133],[-45.9235047,-23.255986],[-45.9235463,-23.2560106],[-45.9236488,-23.256042]]}},{"type":"Feature","id":131109512,"properties":{"osmId":131109512,"name":"Rua Miracema","highway":"tertiary","cycleway":"","cyclewayLeft":"lane","cyclewayRight":"","surface":""},"geometry":{"type":"LineString","coordinates":[[-45.927977,-23.2459053],[-45.9276385,-23.246002],[-45.9268091,-23.2463495],[-45.9266415,-23.2464575],[-45.9264342,-23.246641],[-45.9260923,-23.2470727],[-45.9253384,-23.2480194],[-45.9232757,-23.2506868],[-45.9227718,-23.251368],[-45.9225951,-23.251607],[-45.9225121,-23.2517192],[-45.9223245,-23.2519728],[-45.922291,-23.2520467],[-45.9222829,-23.2521268],[-45.9228099,-23.2539241],[-45.9228591,-23.2540817],[-45.9230461,-23.2547083],[-45.9231996,-23.2552253],[-45.9234289,-23.2559133]]}},{"type":"Feature","id":131109513,"properties":{"osmId":131109513,"name":"Alameda Rio Negro","highway":"tertiary","cycleway":"","cyclewayLeft":"lane","cyclewayRight":"","surface":""},"geometry":{"type":"LineString","coordinates":[[-45.9217872,-23.2541548],[-45.9221703,-23.2540355],[-45.9226611,-23.2539061],[-45.9227014,-23.2539012],[-45.9227496,-23.2539086],[-45.9228099,-23.2539241]]}},{"type":"Feature","id":131755152,"properties":{"osmId":131755152,"name":"Via Cambuí","highway":"primary","cycleway":"","cyclewayLeft":"","cyclewayRight":"track","surface":""},"geometry":{"type":"LineString","coordinates":[[-45.8418442,-23.252072],[-45.8419906,-23.2518121],[-45.8420976,-23.2516215],[-45.8421298,-23.251543],[-45.8421531,-23.2514554],[-45.8421661,-23.2513153],[-45.8421617,-23.2511606],[-45.8420976,-23.2500505],[-45.842001,-23.2485657],[-45.8419911,-23.2480953],[-45.8419939,-23.2476526],[-45.8420033,-23.2475467],[-45.8420298,-23.2474398],[-45.8420801,-23.2472613],[-45.8421466,-23.2471019],[-45.8423075,-23.246837],[-45.8424282,-23.2466879],[-45.8427849,-23.2463269],[-45.8433405,-23.2458786],[-45.8438008,-23.2454963],[-45.8439826,-23.245348],[-45.8440594,-23.2452843],[-45.8443253,-23.2450564]]}},{"type":"Feature","id":132144374,"properties":{"osmId":132144374,"name":"Avenida dos Astronautas","highway":"secondary","cycleway":"","cyclewayLeft":"no","cyclewayRight":"separate","surface":"asphalt"},"geometry":{"type":"LineString","coordinates":[[-45.8665464,-23.1956396],[-45.8660209,-23.1961757],[-45.8657554,-23.1965011],[-45.8655114,-23.1968685],[-45.8647588,-23.1984606],[-45.8644223,-23.199181],[-45.8641033,-23.1998811],[-45.8639665,-23.2001572],[-45.8637787,-23.2004185],[-45.8636349,-23.2005619]]}},{"type":"Feature","id":132217543,"properties":{"osmId":132217543,"name":"Saída de residentes","highway":"service","cycleway":"","cyclewayLeft":"no","cyclewayRight":"separate","surface":""},"geometry":{"type":"LineString","coordinates":[[-45.8815383,-23.206452],[-45.8816007,-23.2062572],[-45.8817453,-23.206075],[-45.8821001,-23.2057514],[-45.8822736,-23.2056463]]}},{"type":"Feature","id":132218054,"properties":{"osmId":132218054,"name":"Praça Marechal-do-Ar Eduardo Gomes","highway":"primary","cycleway":"","cyclewayLeft":"no","cyclewayRight":"separate","surface":"asphalt"},"geometry":{"type":"LineString","coordinates":[[-45.8829811,-23.2055992],[-45.8829021,-23.2057185],[-45.8828527,-23.2057586],[-45.8827934,-23.2057866],[-45.8826795,-23.2058073],[-45.8825631,-23.205825],[-45.8825001,-23.2058472],[-45.8824376,-23.2058624],[-45.8823773,-23.205823],[-45.8823299,-23.2057819],[-45.8822814,-23.2057363],[-45.8822656,-23.2056963],[-45.8822736,-23.2056463],[-45.8823652,-23.2055556],[-45.8825049,-23.2054987]]}},{"type":"Feature","id":132543969,"properties":{"osmId":132543969,"name":"Estrada Municipal Dom José Antônio Couto","highway":"secondary","cycleway":"","cyclewayLeft":"","cyclewayRight":"track","surface":"asphalt"},"geometry":{"type":"LineString","coordinates":[[-45.8086176,-23.1841197],[-45.808678,-23.18416],[-45.8089824,-23.1842939],[-45.8094652,-23.1845064],[-45.8095721,-23.1845729],[-45.8097253,-23.1847021],[-45.8099425,-23.1849447],[-45.8100712,-23.1851348],[-45.8101043,-23.1852265],[-45.8101178,-23.1853079],[-45.8101256,-23.1853831],[-45.8101234,-23.1857138],[-45.8101129,-23.1860146]]}},{"type":"Feature","id":132549917,"properties":{"osmId":132549917,"name":"Rua Constância da Cunha Paiva","highway":"primary_link","cycleway":"","cyclewayLeft":"","cyclewayRight":"track","surface":""},"geometry":{"type":"LineString","coordinates":[[-45.8051759,-23.163697],[-45.8048799,-23.1635507],[-45.804591,-23.1633958],[-45.8045306,-23.1633921],[-45.8044793,-23.1634066],[-45.8044315,-23.1634495],[-45.8042968,-23.1636671]]}},{"type":"Feature","id":133742063,"properties":{"osmId":133742063,"name":"Rua Mauricio Maldonado Junior","highway":"residential","cycleway":"","cyclewayLeft":"","cyclewayRight":"track","surface":""},"geometry":{"type":"LineString","coordinates":[[-45.8045786,-23.2136216],[-45.804544,-23.2137156],[-45.8045185,-23.2137545],[-45.8043884,-23.2138882],[-45.8039687,-23.214176],[-45.8036609,-23.2144342],[-45.8029136,-23.2149633],[-45.8026507,-23.2151586],[-45.802466,-23.215292],[-45.8014964,-23.2159521],[-45.8014125,-23.2159927],[-45.8013488,-23.2160272],[-45.8012677,-23.2160599]]}},{"type":"Feature","id":133752542,"properties":{"osmId":133752542,"name":"Estrada Municipal Dom José Antônio Couto","highway":"secondary","cycleway":"","cyclewayLeft":"","cyclewayRight":"track","surface":"asphalt"},"geometry":{"type":"LineString","coordinates":[[-45.8101129,-23.1860146],[-45.8101988,-23.1862518],[-45.8102657,-23.1864095],[-45.8102904,-23.1864676],[-45.8103355,-23.1865827],[-45.8104153,-23.1867921],[-45.8105173,-23.1870507],[-45.8105944,-23.1872235],[-45.8106666,-23.1873941],[-45.8107864,-23.1876601],[-45.8108519,-23.1878078],[-45.8108877,-23.1878739],[-45.8109422,-23.1879768],[-45.8111475,-23.1882105],[-45.8112381,-23.1883034],[-45.8112984,-23.1883767],[-45.8114071,-23.1885228],[-45.8115172,-23.1886862],[-45.8116163,-23.1888557],[-45.8117251,-23.1890622],[-45.8117706,-23.1891515],[-45.8118188,-23.1892748],[-45.8118518,-23.1893897],[-45.811955,-23.1900186]]}},{"type":"Feature","id":133858959,"properties":{"osmId":133858959,"name":"Rua Milton Santos","highway":"tertiary","cycleway":"","cyclewayLeft":"","cyclewayRight":"lane","surface":""},"geometry":{"type":"LineString","coordinates":[[-45.7994042,-23.1720952],[-45.7985303,-23.1717086],[-45.7972299,-23.1710928],[-45.7970107,-23.17099],[-45.7956817,-23.1703713],[-45.7951163,-23.1701015]]}},{"type":"Feature","id":133860111,"properties":{"osmId":133860111,"name":"Avenida Durvalina Silva Aguiar","highway":"residential","cycleway":"","cyclewayLeft":"","cyclewayRight":"lane","surface":""},"geometry":{"type":"LineString","coordinates":[[-45.7951163,-23.1701015],[-45.7946903,-23.17088],[-45.7944762,-23.1712836],[-45.794338,-23.1715297],[-45.7939678,-23.1721888],[-45.7937083,-23.1726704],[-45.7935969,-23.1728772],[-45.7934368,-23.1731744],[-45.7932929,-23.1734415],[-45.7931732,-23.1736677],[-45.7930589,-23.1738757],[-45.7929023,-23.1741665],[-45.7926271,-23.1746772],[-45.7923548,-23.1751826],[-45.7916491,-23.1764924],[-45.7914077,-23.1769404]]}},{"type":"Feature","id":135542265,"properties":{"osmId":135542265,"name":"Rua Audemo Veneziani","highway":"secondary","cycleway":"","cyclewayLeft":"","cyclewayRight":"track","surface":"asphalt"},"geometry":{"type":"LineString","coordinates":[[-45.8988474,-23.1534834],[-45.8992072,-23.152853]]}},{"type":"Feature","id":135542266,"properties":{"osmId":135542266,"name":"Ponte Minas Gerais","highway":"secondary","cycleway":"","cyclewayLeft":"","cyclewayRight":"track","surface":"asphalt"},"geometry":{"type":"LineString","coordinates":[[-45.897816,-23.1557528],[-45.89852,-23.1541734],[-45.8987081,-23.1537375],[-45.8988474,-23.1534834]]}},{"type":"Feature","id":135784535,"properties":{"osmId":135784535,"name":"Praça Pedro Ribeiro Godói","highway":"secondary","cycleway":"","cyclewayLeft":"","cyclewayRight":"track","surface":"asphalt"},"geometry":{"type":"LineString","coordinates":[[-45.9016471,-23.1640366],[-45.9013991,-23.1643122],[-45.9011973,-23.1644549]]}},{"type":"Feature","id":135869276,"properties":{"osmId":135869276,"name":"","highway":"residential","cycleway":"","cyclewayLeft":"","cyclewayRight":"track","surface":""},"geometry":{"type":"LineString","coordinates":[[-45.8946152,-23.1679435],[-45.8944992,-23.1677978],[-45.8943122,-23.1676345],[-45.8942109,-23.1675806],[-45.8940939,-23.1675704],[-45.8939483,-23.1676136]]}},{"type":"Feature","id":151666223,"properties":{"osmId":151666223,"name":"","highway":"secondary_link","cycleway":"no","cyclewayLeft":"","cyclewayRight":"","surface":"asphalt"},"geometry":{"type":"LineString","coordinates":[[-45.8941278,-23.1925027],[-45.8941263,-23.1925336],[-45.8941201,-23.192668]]}},{"type":"Feature","id":204737344,"properties":{"osmId":204737344,"name":"Avenida José Theodoro de Siqueira","highway":"secondary","cycleway":"","cyclewayLeft":"lane","cyclewayRight":"","surface":"asphalt"},"geometry":{"type":"LineString","coordinates":[[-45.9491155,-23.3162532],[-45.9490368,-23.316242],[-45.9489656,-23.3162203],[-45.9488695,-23.3161464],[-45.9482837,-23.3154661],[-45.9480943,-23.3152145],[-45.9480808,-23.3151913],[-45.947954,-23.314973],[-45.9478354,-23.3146727],[-45.9478193,-23.3146252],[-45.9477337,-23.3143727],[-45.9476764,-23.3142038],[-45.9475952,-23.3139288],[-45.9475652,-23.3138484],[-45.9474128,-23.313404],[-45.9470008,-23.3122114],[-45.9466153,-23.3110291],[-45.9462286,-23.3099049],[-45.9461609,-23.3097116],[-45.9461271,-23.3096113],[-45.9457899,-23.3085918],[-45.9456946,-23.3083092],[-45.9455212,-23.3078215],[-45.9453908,-23.3074436],[-45.9453649,-23.3073715],[-45.9453097,-23.3072059],[-45.9452751,-23.3070997],[-45.9451858,-23.3068253],[-45.9450622,-23.3064311]]}},{"type":"Feature","id":217479463,"properties":{"osmId":217479463,"name":"Avenida Rodrigo Reis Tuy","highway":"tertiary","cycleway":"","cyclewayLeft":"","cyclewayRight":"track","surface":"asphalt"},"geometry":{"type":"LineString","coordinates":[[-45.9019002,-23.2097382],[-45.9017083,-23.2097772],[-45.9008305,-23.2099766],[-45.9004331,-23.210115],[-45.9001912,-23.2102556],[-45.9000377,-23.2104402],[-45.8999143,-23.2106275],[-45.899866,-23.2107927],[-45.8998526,-23.21098],[-45.8998687,-23.2111329],[-45.8999277,-23.2112882],[-45.9000361,-23.211436],[-45.9007726,-23.2124399],[-45.9010063,-23.212704],[-45.9011583,-23.2127614],[-45.9015102,-23.2127327],[-45.9016518,-23.2127083],[-45.9017362,-23.2126937]]}},{"type":"Feature","id":219697610,"properties":{"osmId":219697610,"name":"","highway":"tertiary","cycleway":"","cyclewayLeft":"","cyclewayRight":"track","surface":""},"geometry":{"type":"LineString","coordinates":[[-45.909669,-23.211671],[-45.9097526,-23.2117082],[-45.9098393,-23.2117123],[-45.9098681,-23.2117106],[-45.9102546,-23.211713]]}},{"type":"Feature","id":219728543,"properties":{"osmId":219728543,"name":"Avenida Heitor Villa Lobos","highway":"tertiary","cycleway":"","cyclewayLeft":"","cyclewayRight":"no","surface":"asphalt"},"geometry":{"type":"LineString","coordinates":[[-45.8891802,-23.2045921],[-45.8890048,-23.2046464],[-45.8889574,-23.2046621],[-45.8882713,-23.204876],[-45.8881491,-23.2049046]]}},{"type":"Feature","id":222087936,"properties":{"osmId":222087936,"name":"Rua Audemo Veneziani","highway":"secondary","cycleway":"","cyclewayLeft":"","cyclewayRight":"track","surface":"asphalt"},"geometry":{"type":"LineString","coordinates":[[-45.8992072,-23.152853],[-45.899226,-23.15282],[-45.8993735,-23.1526576],[-45.8995526,-23.1525225],[-45.8998979,-23.1523524],[-45.9000419,-23.152287],[-45.9000871,-23.1522628],[-45.9001909,-23.1522204],[-45.9002647,-23.1522056],[-45.9003539,-23.1522019],[-45.900492,-23.1522155],[-45.9006656,-23.1522439],[-45.9007475,-23.1522482]]}},{"type":"Feature","id":226505093,"properties":{"osmId":226505093,"name":"Avenida São Jorge","highway":"secondary","cycleway":"lane","cyclewayLeft":"","cyclewayRight":"","surface":"asphalt"},"geometry":{"type":"LineString","coordinates":[[-45.9412571,-23.3092661],[-45.9407434,-23.3094714],[-45.9402691,-23.3096501],[-45.9399731,-23.3097435],[-45.9397067,-23.3098041],[-45.9394777,-23.3098313],[-45.9391895,-23.3098444],[-45.9388745,-23.3098472],[-45.9387187,-23.3098339],[-45.938473,-23.3097999],[-45.9382647,-23.3097475],[-45.9381113,-23.3096719],[-45.9379913,-23.3096021],[-45.9378735,-23.3095272],[-45.9378196,-23.3094776],[-45.9377163,-23.3093886],[-45.9373319,-23.3090039],[-45.9365761,-23.3082592],[-45.9362465,-23.307929],[-45.936049,-23.3077525],[-45.9358588,-23.3076118],[-45.935554,-23.3074346],[-45.9353819,-23.3073363],[-45.935198,-23.3072546],[-45.9349567,-23.3071968],[-45.9346524,-23.3071388],[-45.9344724,-23.3071047],[-45.9337243,-23.3069913],[-45.9336693,-23.3069801],[-45.9336094,-23.3069714]]}},{"type":"Feature","id":235976758,"properties":{"osmId":235976758,"name":"Rua Constância da Cunha Paiva","highway":"tertiary","cycleway":"","cyclewayLeft":"track","cyclewayRight":"track","surface":""},"geometry":{"type":"LineString","coordinates":[[-45.8042968,-23.1636671],[-45.8040285,-23.1641604],[-45.8037517,-23.1646654],[-45.8035474,-23.1650235],[-45.803472,-23.1651625],[-45.8031916,-23.1656719],[-45.8031179,-23.1658038],[-45.8030726,-23.1658847],[-45.8029178,-23.1661613],[-45.8028572,-23.1662716],[-45.8026441,-23.1666599],[-45.8023537,-23.1671791],[-45.8020758,-23.1676737]]}},{"type":"Feature","id":241786486,"properties":{"osmId":241786486,"name":"Avenida Rui Barbosa","highway":"secondary","cycleway":"","cyclewayLeft":"no","cyclewayRight":"track","surface":"asphalt"},"geometry":{"type":"LineString","coordinates":[[-45.9046268,-23.1496345],[-45.9046542,-23.1499203],[-45.9046558,-23.1499636],[-45.9046754,-23.1504824],[-45.904676,-23.1507164]]}},{"type":"Feature","id":241787753,"properties":{"osmId":241787753,"name":"Via Norte","highway":"secondary","cycleway":"","cyclewayLeft":"","cyclewayRight":"track","surface":"asphalt"},"geometry":{"type":"LineString","coordinates":[[-45.9011973,-23.1644549],[-45.9009503,-23.1645961],[-45.9006549,-23.1646929],[-45.9001644,-23.1648012],[-45.8990857,-23.1651512],[-45.8984557,-23.1654519],[-45.8973091,-23.1660227],[-45.896597,-23.1664161],[-45.8959979,-23.1668938],[-45.8956493,-23.1672446],[-45.8954745,-23.1674604],[-45.8954106,-23.1675512],[-45.895333,-23.1676616],[-45.8951576,-23.1680235],[-45.8950708,-23.1682386],[-45.894965,-23.1685008],[-45.894886,-23.1688987],[-45.8948604,-23.1692867],[-45.8948688,-23.169481],[-45.8949044,-23.169717],[-45.8949778,-23.1700517],[-45.8950733,-23.170489],[-45.8951213,-23.1707121],[-45.8951296,-23.1707822],[-45.8951356,-23.1708501],[-45.8951457,-23.1721144],[-45.8951558,-23.1733784],[-45.8951607,-23.1739947],[-45.8951375,-23.1742937],[-45.8950839,-23.1745219],[-45.8950008,-23.1747119],[-45.8948771,-23.174887],[-45.8946934,-23.1750932],[-45.8944805,-23.1752438],[-45.894131,-23.1754101],[-45.8937898,-23.1755606],[-45.8933421,-23.1757394],[-45.8929285,-23.1758262],[-45.8926126,-23.1758504],[-45.8922925,-23.1758326],[-45.8919212,-23.1757627],[-45.8917269,-23.1757107],[-45.8913189,-23.1755765],[-45.8912312,-23.1755648]]}},{"type":"Feature","id":241787755,"properties":{"osmId":241787755,"name":"","highway":"secondary_link","cycleway":"","cyclewayLeft":"","cyclewayRight":"track + oneway:bicycle=no","surface":""},"geometry":{"type":"LineString","coordinates":[[-45.8951576,-23.1680235],[-45.8950638,-23.1680744],[-45.8950001,-23.1681065],[-45.8949427,-23.1681197],[-45.8948745,-23.1681316],[-45.8947991,-23.168126],[-45.8947438,-23.1681141],[-45.8946736,-23.1680807],[-45.8946587,-23.1680559],[-45.8946152,-23.1679435]]}},{"type":"Feature","id":252932129,"properties":{"osmId":252932129,"name":"Rua Carlos Maria Auricchio","highway":"secondary","cycleway":"","cyclewayLeft":"","cyclewayRight":"track","surface":"asphalt"},"geometry":{"type":"LineString","coordinates":[[-45.9115886,-23.2242316],[-45.9114436,-23.2241698],[-45.9113509,-23.2241398],[-45.9111767,-23.2240997],[-45.9110658,-23.224096],[-45.9109558,-23.2241093],[-45.9108497,-23.2241392],[-45.91047,-23.2243268],[-45.909585,-23.2247595],[-45.9094193,-23.2248407],[-45.909171,-23.2249602],[-45.9082242,-23.2254058],[-45.9076464,-23.2256766],[-45.9074958,-23.2257786],[-45.9074489,-23.2258943],[-45.907451,-23.2260147]]}},{"type":"Feature","id":283818591,"properties":{"osmId":283818591,"name":"","highway":"cycleway","cycleway":"","cyclewayLeft":"","cyclewayRight":"","surface":"asphalt"},"geometry":{"type":"LineString","coordinates":[[-45.8261284,-23.0933827],[-45.8260243,-23.0932981]]}},{"type":"Feature","id":283818603,"properties":{"osmId":283818603,"name":"","highway":"cycleway","cycleway":"","cyclewayLeft":"","cyclewayRight":"","surface":"asphalt"},"geometry":{"type":"LineString","coordinates":[[-45.8281898,-23.0946167],[-45.828126,-23.0946551]]}},{"type":"Feature","id":283818677,"properties":{"osmId":283818677,"name":"","highway":"cycleway","cycleway":"","cyclewayLeft":"","cyclewayRight":"","surface":"asphalt"},"geometry":{"type":"LineString","coordinates":[[-45.8282808,-23.094577],[-45.8282671,-23.0946157],[-45.8282398,-23.0946376],[-45.828208,-23.0946376],[-45.8281898,-23.0946167],[-45.8281887,-23.0945571],[-45.8281716,-23.0944693],[-45.8281296,-23.0943982],[-45.8279431,-23.0941639],[-45.8276931,-23.0938534],[-45.8275214,-23.0936903],[-45.8273532,-23.0935711],[-45.8271952,-23.093502],[-45.8268541,-23.0934069],[-45.826695,-23.0933964],[-45.826446,-23.0934027],[-45.8263608,-23.0933891],[-45.8261323,-23.0933055],[-45.8260686,-23.0932929],[-45.8260243,-23.0932981],[-45.8259595,-23.0933149],[-45.8259118,-23.0933013],[-45.825897,-23.0932636],[-45.8259106,-23.0932302],[-45.8259572,-23.093203],[-45.8260936,-23.0931957],[-45.8262426,-23.0932155],[-45.8264699,-23.0932772],[-45.8266359,-23.0932887],[-45.826953,-23.093386],[-45.827144,-23.0934445],[-45.8273043,-23.0934947],[-45.8274896,-23.0935888],[-45.8276158,-23.0936965],[-45.8278215,-23.0939423],[-45.8279568,-23.094119],[-45.8281068,-23.0943062],[-45.828208,-23.0944389],[-45.8282467,-23.0944933],[-45.8282683,-23.0945247],[-45.8282808,-23.094577]]}},{"type":"Feature","id":292528703,"properties":{"osmId":292528703,"name":"Ponte Leonardo Kunimitsu Suzuki","highway":"primary","cycleway":"","cyclewayLeft":"","cyclewayRight":"no","surface":"asphalt"},"geometry":{"type":"LineString","coordinates":[[-45.9061277,-23.2058637],[-45.906094,-23.2058511],[-45.906011,-23.2058185],[-45.9059487,-23.2057887],[-45.9058837,-23.2057516],[-45.9058292,-23.2057085],[-45.9057899,-23.205671],[-45.9057121,-23.2055715],[-45.9056894,-23.2055366]]}},{"type":"Feature","id":302197150,"properties":{"osmId":302197150,"name":"Avenida São João","highway":"primary","cycleway":"","cyclewayLeft":"","cyclewayRight":"no","surface":"asphalt"},"geometry":{"type":"LineString","coordinates":[[-45.908918,-23.2094427],[-45.9089096,-23.2093896],[-45.9088895,-23.2092629],[-45.9088082,-23.2089992],[-45.908798,-23.2089828],[-45.9087481,-23.2089024],[-45.9083253,-23.2082214],[-45.9081176,-23.2079327],[-45.9080103,-23.2077836],[-45.9077973,-23.2074875],[-45.9077372,-23.207404],[-45.9073648,-23.2069575]]}},{"type":"Feature","id":310153311,"properties":{"osmId":310153311,"name":"Rua Ricardo Hausen","highway":"tertiary","cycleway":"","cyclewayLeft":"","cyclewayRight":"track","surface":""},"geometry":{"type":"LineString","coordinates":[[-45.845928,-23.2398263],[-45.8459761,-23.2399037],[-45.8460088,-23.2399514],[-45.8460687,-23.2399985],[-45.8461571,-23.2400159],[-45.8462648,-23.2400201],[-45.8463837,-23.239993],[-45.8471472,-23.2396386],[-45.8474729,-23.2394635],[-45.8475886,-23.2393791],[-45.8479145,-23.2390846],[-45.8482143,-23.2386928],[-45.8483264,-23.2385194],[-45.8484172,-23.2383106],[-45.8487809,-23.2365288],[-45.8489224,-23.235742],[-45.8489977,-23.2354503],[-45.8491171,-23.2352086],[-45.8493212,-23.234956],[-45.8495067,-23.2347958],[-45.8496724,-23.2346881],[-45.8500249,-23.2345483],[-45.8502734,-23.2345249],[-45.8523804,-23.2348289]]}},{"type":"Feature","id":312071889,"properties":{"osmId":312071889,"name":"Rua Doutora Tânia Lis Tizzoni Nogueira","highway":"unclassified","cycleway":"","cyclewayLeft":"no","cyclewayRight":"separate","surface":"asphalt"},"geometry":{"type":"LineString","coordinates":[[-45.8562105,-23.2223571],[-45.8567545,-23.2225915],[-45.8569069,-23.2226352],[-45.8601819,-23.2236463],[-45.8604587,-23.2237295]]}},{"type":"Feature","id":312071893,"properties":{"osmId":312071893,"name":"Avenida Brigadeiro Faria Lima","highway":"tertiary","cycleway":"","cyclewayLeft":"no","cyclewayRight":"separate","surface":""},"geometry":{"type":"LineString","coordinates":[[-45.8543345,-23.2185508],[-45.8543412,-23.2187417],[-45.8543199,-23.2189354],[-45.8543278,-23.2190869],[-45.854373,-23.219231],[-45.8544372,-23.2193522],[-45.8551065,-23.2204448],[-45.8556302,-23.2212929],[-45.855976,-23.2218612],[-45.856031,-23.2219869],[-45.8560619,-23.2221064],[-45.8561112,-23.2222912]]}},{"type":"Feature","id":312113703,"properties":{"osmId":312113703,"name":"Avenida George Eastman","highway":"tertiary","cycleway":"","cyclewayLeft":"","cyclewayRight":"track","surface":"asphalt"},"geometry":{"type":"LineString","coordinates":[[-45.9200576,-23.2534205],[-45.9200852,-23.2532607],[-45.9200997,-23.2530941],[-45.9195282,-23.2505551],[-45.9191748,-23.249122],[-45.9191047,-23.2488254],[-45.9189838,-23.2483009],[-45.9188598,-23.247806],[-45.918484,-23.2461888],[-45.9184238,-23.2459428],[-45.9180282,-23.2443135],[-45.9180106,-23.2442411],[-45.9179046,-23.2438013],[-45.9178264,-23.2434865],[-45.9177768,-23.2433541],[-45.9176984,-23.2432999],[-45.9176083,-23.2432695]]}},{"type":"Feature","id":312113704,"properties":{"osmId":312113704,"name":"Estrada Imperador","highway":"tertiary","cycleway":"","cyclewayLeft":"","cyclewayRight":"lane","surface":""},"geometry":{"type":"LineString","coordinates":[[-45.9204187,-23.2535579],[-45.9205291,-23.2536697],[-45.920606,-23.2537478],[-45.920658,-23.2537944],[-45.9207316,-23.253826],[-45.921607,-23.2540675],[-45.9216861,-23.2541008],[-45.9217872,-23.2541548]]}},{"type":"Feature","id":312113706,"properties":{"osmId":312113706,"name":"","highway":"tertiary","cycleway":"","cyclewayLeft":"","cyclewayRight":"lane","surface":""},"geometry":{"type":"LineString","coordinates":[[-45.9200305,-23.2537716],[-45.9198099,-23.2537755],[-45.9196544,-23.2538081],[-45.9195189,-23.2538936]]}},{"type":"Feature","id":312138776,"properties":{"osmId":312138776,"name":"Avenida Marechal Henrique Teixeira Lott","highway":"residential","cycleway":"","cyclewayLeft":"","cyclewayRight":"no","surface":""},"geometry":{"type":"LineString","coordinates":[[-45.8864607,-23.2077266],[-45.8855958,-23.2068835],[-45.8853758,-23.2066777]]}},{"type":"Feature","id":312143739,"properties":{"osmId":312143739,"name":"Rua Professor Doutor João Batista Ortiz Monteiro","highway":"tertiary","cycleway":"","cyclewayLeft":"","cyclewayRight":"track","surface":"asphalt"},"geometry":{"type":"LineString","coordinates":[[-45.9102546,-23.211713],[-45.9166986,-23.2107304]]}},{"type":"Feature","id":312143740,"properties":{"osmId":312143740,"name":"Avenida São João","highway":"primary","cycleway":"","cyclewayLeft":"","cyclewayRight":"no","surface":"asphalt"},"geometry":{"type":"LineString","coordinates":[[-45.9094554,-23.2122193],[-45.9094398,-23.212133],[-45.9093682,-23.2117006],[-45.9093557,-23.2116253],[-45.9092228,-23.2110847],[-45.9090772,-23.2103004],[-45.908918,-23.2094427]]}},{"type":"Feature","id":312812170,"properties":{"osmId":312812170,"name":"Avenida Heitor Villa Lobos","highway":"tertiary","cycleway":"","cyclewayLeft":"","cyclewayRight":"no","surface":"asphalt"},"geometry":{"type":"LineString","coordinates":[[-45.9004771,-23.2066441],[-45.9006063,-23.2067834],[-45.9009565,-23.2071612],[-45.9010054,-23.2072186],[-45.9010475,-23.2072803],[-45.9010823,-23.2073458],[-45.9011093,-23.2074143],[-45.9011284,-23.2074851],[-45.9011392,-23.2075569],[-45.9011417,-23.2076293],[-45.901136,-23.2077016],[-45.901122,-23.207773]]}},{"type":"Feature","id":312812177,"properties":{"osmId":312812177,"name":"Avenida São João","highway":"primary","cycleway":"","cyclewayLeft":"","cyclewayRight":"no","surface":"asphalt"},"geometry":{"type":"LineString","coordinates":[[-45.9057795,-23.2052656],[-45.9057788,-23.2052137],[-45.9057812,-23.2051711],[-45.9057771,-23.2051362],[-45.9057722,-23.2051],[-45.9057614,-23.2050743],[-45.9057483,-23.2050507],[-45.9057231,-23.2050071],[-45.9056871,-23.2049654],[-45.9055285,-23.2048131],[-45.9053731,-23.204638],[-45.904929,-23.2041675],[-45.9048905,-23.2041267],[-45.9044264,-23.2036353],[-45.9034626,-23.2025932],[-45.9029912,-23.2020757]]}},{"type":"Feature","id":313121948,"properties":{"osmId":313121948,"name":"","highway":"secondary","cycleway":"","cyclewayLeft":"","cyclewayRight":"track","surface":"asphalt"},"geometry":{"type":"LineString","coordinates":[[-45.9022643,-23.16334],[-45.901756,-23.1639197],[-45.9016471,-23.1640366]]}},{"type":"Feature","id":313141306,"properties":{"osmId":313141306,"name":"Rua Audemo Veneziani","highway":"secondary","cycleway":"","cyclewayLeft":"lane","cyclewayRight":"no","surface":"asphalt"},"geometry":{"type":"LineString","coordinates":[[-45.9038186,-23.1514181],[-45.9040518,-23.151324],[-45.9042879,-23.1512057],[-45.9044273,-23.1510774],[-45.9045045,-23.1509788],[-45.9045789,-23.1508628],[-45.9046018,-23.1508104],[-45.904617,-23.15073],[-45.9046192,-23.150684],[-45.9046159,-23.1506359],[-45.9045978,-23.1505471],[-45.904579,-23.1504793],[-45.9045589,-23.1504127],[-45.9045415,-23.150319],[-45.9045348,-23.1502388],[-45.9045374,-23.1501464],[-45.9045441,-23.1500502],[-45.9045461,-23.1499252],[-45.9046268,-23.1496345]]}},{"type":"Feature","id":313265654,"properties":{"osmId":313265654,"name":"","highway":"cycleway","cycleway":"","cyclewayLeft":"","cyclewayRight":"","surface":"paving_stones"},"geometry":{"type":"LineString","coordinates":[[-45.918894,-23.2171654],[-45.9188376,-23.2170693],[-45.9187658,-23.2169785],[-45.918723,-23.2169491],[-45.9186698,-23.2169173],[-45.9185836,-23.2168808],[-45.9185194,-23.2168505],[-45.9184011,-23.2167613],[-45.9183251,-23.2166774],[-45.9180842,-23.216437],[-45.9179901,-23.2163187],[-45.9177312,-23.2159995],[-45.917686,-23.2159028],[-45.9175261,-23.2155609],[-45.9173739,-23.2146908],[-45.9167753,-23.2105941],[-45.9156834,-23.204325],[-45.9154951,-23.2032385],[-45.9153679,-23.2025316],[-45.9153094,-23.2023201],[-45.9151741,-23.2020047],[-45.9149945,-23.2017468],[-45.9144555,-23.2010862],[-45.9144151,-23.2010194],[-45.9143182,-23.2007021],[-45.9142455,-23.2005556],[-45.9141749,-23.2004275],[-45.9140174,-23.2002884],[-45.9138457,-23.2000834],[-45.9137846,-23.2000208],[-45.9135356,-23.199722],[-45.913475,-23.1996481],[-45.9133682,-23.1995179],[-45.9132414,-23.1993634]]}},{"type":"Feature","id":313289159,"properties":{"osmId":313289159,"name":"Avenida Heitor Villa Lobos","highway":"tertiary","cycleway":"","cyclewayLeft":"","cyclewayRight":"no","surface":"asphalt"},"geometry":{"type":"LineString","coordinates":[[-45.8855168,-23.2056327],[-45.8856334,-23.2056318],[-45.8856659,-23.2056271]]}},{"type":"Feature","id":313291503,"properties":{"osmId":313291503,"name":"Rua Itororó","highway":"tertiary","cycleway":"","cyclewayLeft":"","cyclewayRight":"no","surface":"asphalt"},"geometry":{"type":"LineString","coordinates":[[-45.8783138,-23.1924044],[-45.8784901,-23.1924786],[-45.8785743,-23.1925141],[-45.8787051,-23.192592],[-45.8790231,-23.19278],[-45.8791652,-23.1928552],[-45.8793478,-23.193064]]}},{"type":"Feature","id":313291505,"properties":{"osmId":313291505,"name":"Rua Itororó","highway":"tertiary","cycleway":"","cyclewayLeft":"","cyclewayRight":"no","surface":"asphalt"},"geometry":{"type":"LineString","coordinates":[[-45.8789069,-23.1928661],[-45.8785685,-23.1926617],[-45.8785205,-23.1926114]]}},{"type":"Feature","id":315953427,"properties":{"osmId":315953427,"name":"Avenida Doutor Nélson D'Ávila","highway":"secondary","cycleway":"","cyclewayLeft":"","cyclewayRight":"no","surface":"asphalt"},"geometry":{"type":"LineString","coordinates":[[-45.8826795,-23.2058073],[-45.8826764,-23.2056226],[-45.8827135,-23.2054614],[-45.8828167,-23.2052584]]}},{"type":"Feature","id":315968611,"properties":{"osmId":315968611,"name":"Rua Henrique Mudat","highway":"residential","cycleway":"","cyclewayLeft":"lane","cyclewayRight":"","surface":""},"geometry":{"type":"LineString","coordinates":[[-45.9085729,-23.1954478],[-45.9086168,-23.1953973],[-45.9086525,-23.1953562],[-45.9087257,-23.1952594],[-45.9090795,-23.1948597],[-45.9096437,-23.1942409],[-45.910092,-23.1936988],[-45.9101772,-23.1935829],[-45.9102474,-23.1934699],[-45.9103259,-23.1933302],[-45.9103741,-23.1932292],[-45.9104061,-23.1931234],[-45.9104289,-23.1929533],[-45.9104229,-23.1924707],[-45.9104068,-23.1922593],[-45.9103813,-23.192083]]}},{"type":"Feature","id":317838319,"properties":{"osmId":317838319,"name":"","highway":"primary_link","cycleway":"","cyclewayLeft":"","cyclewayRight":"track","surface":""},"geometry":{"type":"LineString","coordinates":[[-45.8455796,-23.239807],[-45.845614,-23.2397639],[-45.8456837,-23.239733],[-45.8457635,-23.2397207],[-45.8458313,-23.2397404],[-45.8458802,-23.2397688],[-45.845928,-23.2398263]]}},{"type":"Feature","id":317838321,"properties":{"osmId":317838321,"name":"Via Cambuí","highway":"primary","cycleway":"","cyclewayLeft":"","cyclewayRight":"track","surface":""},"geometry":{"type":"LineString","coordinates":[[-45.8452338,-23.2436906],[-45.8454659,-23.2418228],[-45.8454055,-23.2409974]]}},{"type":"Feature","id":317838326,"properties":{"osmId":317838326,"name":"Via Cambuí","highway":"primary","cycleway":"","cyclewayLeft":"","cyclewayRight":"track","surface":""},"geometry":{"type":"LineString","coordinates":[[-45.8449083,-23.2446041],[-45.845011,-23.2445165],[-45.8450535,-23.2444802],[-45.8450955,-23.2444246],[-45.8451268,-23.2443592],[-45.8451563,-23.2442718],[-45.8452116,-23.2438942],[-45.8452338,-23.2436906]]}},{"type":"Feature","id":319330519,"properties":{"osmId":319330519,"name":"Ciclovia Juliana Ingrid Dias","highway":"cycleway","cycleway":"","cyclewayLeft":"","cyclewayRight":"","surface":"paved"},"geometry":{"type":"LineString","coordinates":[[-45.887725,-23.2815871],[-45.887593,-23.2795485],[-45.8875885,-23.2794139],[-45.8873109,-23.2751974],[-45.8872296,-23.2739913],[-45.8872171,-23.2737422],[-45.8870566,-23.2712642],[-45.8870486,-23.2711408],[-45.886905,-23.2689219],[-45.8868656,-23.2683592],[-45.8868023,-23.2673324],[-45.886787,-23.2671007],[-45.8865448,-23.2634342],[-45.8864903,-23.2626088],[-45.8864295,-23.2621531],[-45.8862512,-23.2586773],[-45.8860149,-23.2550292],[-45.8858728,-23.2526171],[-45.8857826,-23.2512158],[-45.8857762,-23.2511331],[-45.8856463,-23.2494809],[-45.8856151,-23.2493876],[-45.885413,-23.2487822],[-45.8851526,-23.248304],[-45.8850711,-23.2481706],[-45.8854451,-23.2477003],[-45.88548,-23.2475574],[-45.8854845,-23.2474431],[-45.8854635,-23.2473065],[-45.8854266,-23.2461439],[-45.8854181,-23.2460133],[-45.8854171,-23.2460013],[-45.8853095,-23.2441679],[-45.8852474,-23.2429119],[-45.8851614,-23.2416584],[-45.8850521,-23.2402807],[-45.8850463,-23.2402087],[-45.8850083,-23.2394474],[-45.8848091,-23.236144],[-45.8847957,-23.2360127],[-45.8847487,-23.2352241],[-45.8846996,-23.23443],[-45.884694,-23.2342936],[-45.8845486,-23.2320021],[-45.8844901,-23.2310802],[-45.8844701,-23.230803],[-45.8844235,-23.2301582],[-45.8843717,-23.2293915],[-45.884371,-23.2293818],[-45.8843614,-23.2292957],[-45.8843431,-23.2286786],[-45.8843467,-23.2286285],[-45.8843728,-23.2282689],[-45.8843863,-23.2281532],[-45.8844204,-23.2279598],[-45.8844633,-23.2277379],[-45.8845116,-23.2275309],[-45.8846189,-23.2271562],[-45.8848693,-23.2265271],[-45.8850373,-23.2262245],[-45.8853538,-23.2257464],[-45.8857902,-23.2251821],[-45.8862711,-23.2247801],[-45.8872092,-23.2238947],[-45.8873353,-23.2237702],[-45.8874667,-23.2236643],[-45.8881326,-23.2230942],[-45.889205,-23.2220504],[-45.8892923,-23.2219592],[-45.8899881,-23.2212836],[-45.8914892,-23.2199873],[-45.8919828,-23.2195379],[-45.8924913,-23.2190757],[-45.8926533,-23.2189218],[-45.8926942,-23.2188831],[-45.8942688,-23.2174319]]}},{"type":"Feature","id":325245044,"properties":{"osmId":325245044,"name":"Avenida Doutor Adhemar de Barros","highway":"tertiary","cycleway":"","cyclewayLeft":"","cyclewayRight":"no","surface":"asphalt"},"geometry":{"type":"LineString","coordinates":[[-45.8901799,-23.1931715],[-45.8901696,-23.1930358],[-45.890138,-23.1928846],[-45.8898458,-23.1922413],[-45.8897792,-23.1921392],[-45.8896881,-23.1920535],[-45.8894852,-23.1918523],[-45.8894355,-23.1917854]]}},{"type":"Feature","id":325811426,"properties":{"osmId":325811426,"name":"Ponte Pastor Paulo Leivas Macalão","highway":"secondary","cycleway":"","cyclewayLeft":"","cyclewayRight":"track","surface":"asphalt"},"geometry":{"type":"LineString","coordinates":[[-45.9061986,-23.2047931],[-45.9062581,-23.2048067],[-45.9063647,-23.2048335],[-45.9064085,-23.2048507],[-45.9064585,-23.2048856],[-45.9065098,-23.204996],[-45.9065641,-23.2050967],[-45.9065709,-23.2051402],[-45.9065782,-23.2051771]]}},{"type":"Feature","id":325811427,"properties":{"osmId":325811427,"name":"Avenida São João","highway":"secondary","cycleway":"","cyclewayLeft":"","cyclewayRight":"no","surface":"asphalt"},"geometry":{"type":"LineString","coordinates":[[-45.9073984,-23.2066246],[-45.9074777,-23.2067045],[-45.9076334,-23.2069513],[-45.9077732,-23.207205]]}},{"type":"Feature","id":325811428,"properties":{"osmId":325811428,"name":"Avenida Jorge Zarur","highway":"primary","cycleway":"","cyclewayLeft":"track","cyclewayRight":"no","surface":"asphalt"},"geometry":{"type":"LineString","coordinates":[[-45.9065936,-23.2052861],[-45.9063847,-23.2055926],[-45.9063006,-23.2056983],[-45.9061609,-23.2058738]]}},{"type":"Feature","id":325813508,"properties":{"osmId":325813508,"name":"Avenida São João","highway":"primary","cycleway":"","cyclewayLeft":"","cyclewayRight":"no","surface":"asphalt"},"geometry":{"type":"LineString","coordinates":[[-45.9029221,-23.2018952],[-45.902971,-23.201946],[-45.9035356,-23.2025349],[-45.904009,-23.2030452],[-45.9044744,-23.2035677],[-45.9045116,-23.2036064],[-45.9049161,-23.2039978]]}},{"type":"Feature","id":325813509,"properties":{"osmId":325813509,"name":"Avenida Doutor Nélson D'Ávila","highway":"primary","cycleway":"","cyclewayLeft":"","cyclewayRight":"no","surface":"asphalt"},"geometry":{"type":"LineString","coordinates":[[-45.8860517,-23.1968155],[-45.8857871,-23.1954762],[-45.8857661,-23.1953773],[-45.8855993,-23.1945208],[-45.8854981,-23.194111],[-45.8854425,-23.1938473],[-45.885285,-23.1931007],[-45.8852606,-23.1927965],[-45.8852912,-23.1924832],[-45.8853537,-23.1921469]]}},{"type":"Feature","id":329327277,"properties":{"osmId":329327277,"name":"Rua Ana Eufrásia","highway":"secondary","cycleway":"","cyclewayLeft":"","cyclewayRight":"track","surface":"asphalt"},"geometry":{"type":"LineString","coordinates":[[-45.8909732,-23.1758557],[-45.8910509,-23.1761546],[-45.8911067,-23.1763771],[-45.8911418,-23.1765745],[-45.8911486,-23.1766694],[-45.8911454,-23.1767935],[-45.8911305,-23.176932],[-45.8910463,-23.1770809],[-45.8909027,-23.1773046]]}},{"type":"Feature","id":329327278,"properties":{"osmId":329327278,"name":"Via Norte","highway":"secondary_link","cycleway":"","cyclewayLeft":"","cyclewayRight":"track","surface":"asphalt"},"geometry":{"type":"LineString","coordinates":[[-45.8912312,-23.1755648],[-45.891101,-23.175592],[-45.8910145,-23.175676],[-45.8909883,-23.1757255],[-45.8909732,-23.1758557]]}},{"type":"Feature","id":329929688,"properties":{"osmId":329929688,"name":"","highway":"cycleway","cycleway":"","cyclewayLeft":"","cyclewayRight":"","surface":""},"geometry":{"type":"LineString","coordinates":[[-45.8765123,-23.206273],[-45.8764525,-23.2062097],[-45.8760388,-23.2058327],[-45.8756059,-23.2054298],[-45.875465,-23.2053006],[-45.8753004,-23.205316],[-45.8752051,-23.205247],[-45.8744423,-23.2045356],[-45.8744191,-23.2044859],[-45.8744526,-23.2043429],[-45.8739142,-23.2038314],[-45.8738189,-23.2037352],[-45.8729513,-23.2029184],[-45.8728015,-23.2028862],[-45.8726446,-23.2029515],[-45.8726113,-23.2029108]]}},{"type":"Feature","id":330091869,"properties":{"osmId":330091869,"name":"Avenida Anchieta","highway":"secondary","cycleway":"","cyclewayLeft":"lane","cyclewayRight":"","surface":"asphalt"},"geometry":{"type":"LineString","coordinates":[[-45.9083046,-23.1956326],[-45.9083546,-23.1956136],[-45.9084024,-23.1955899],[-45.9084537,-23.1955594],[-45.9085029,-23.1955181],[-45.9085729,-23.1954478]]}},{"type":"Feature","id":330925494,"properties":{"osmId":330925494,"name":"Avenida Nove de Julho","highway":"secondary","cycleway":"","cyclewayLeft":"lane","cyclewayRight":"","surface":"asphalt"},"geometry":{"type":"LineString","coordinates":[[-45.8931963,-23.1937006],[-45.8932112,-23.1936343],[-45.8931638,-23.1931745],[-45.8931318,-23.1928638],[-45.893169,-23.1927798],[-45.8932315,-23.1927622],[-45.8933849,-23.1927596],[-45.8934655,-23.1927686],[-45.8937524,-23.1928299]]}},{"type":"Feature","id":330967590,"properties":{"osmId":330967590,"name":"Avenida Heitor Villa Lobos","highway":"tertiary","cycleway":"","cyclewayLeft":"","cyclewayRight":"no","surface":"asphalt"},"geometry":{"type":"LineString","coordinates":[[-45.8924649,-23.2040868],[-45.8912481,-23.2042624],[-45.8911959,-23.204272],[-45.891059,-23.2042895],[-45.8910161,-23.2042977],[-45.8900932,-23.2044153]]}},{"type":"Feature","id":332150065,"properties":{"osmId":332150065,"name":"Rua Madre Paula de São José","highway":"secondary","cycleway":"","cyclewayLeft":"","cyclewayRight":"no","surface":"asphalt"},"geometry":{"type":"LineString","coordinates":[[-45.902846,-23.2019189],[-45.9026562,-23.2019876]]}},{"type":"Feature","id":337446125,"properties":{"osmId":337446125,"name":"Estrada Municipal Dom José Antônio Couto","highway":"secondary","cycleway":"","cyclewayLeft":"","cyclewayRight":"track","surface":"asphalt"},"geometry":{"type":"LineString","coordinates":[[-45.8123067,-23.191417],[-45.8123017,-23.1914876],[-45.8122721,-23.1917169],[-45.8122117,-23.1921841],[-45.8122037,-23.1922778],[-45.8121997,-23.1923875],[-45.8121984,-23.1925958]]}},{"type":"Feature","id":337446131,"properties":{"osmId":337446131,"name":"Estrada Municipal Dom José Antônio Couto","highway":"secondary","cycleway":"","cyclewayLeft":"","cyclewayRight":"track","surface":"asphalt"},"geometry":{"type":"LineString","coordinates":[[-45.8121984,-23.1925958],[-45.8122295,-23.1926649],[-45.8122601,-23.1927166],[-45.8123135,-23.1927806],[-45.8124049,-23.192855],[-45.8128263,-23.1931485],[-45.8129746,-23.1933175],[-45.8130434,-23.1935124],[-45.8131711,-23.1942285],[-45.8137203,-23.2010368],[-45.8137075,-23.2013889],[-45.8136558,-23.2016045],[-45.8135381,-23.2017965],[-45.8133826,-23.2019445],[-45.8132203,-23.2020455],[-45.8126986,-23.2022341],[-45.8119798,-23.2025003],[-45.8117152,-23.2025565],[-45.8114215,-23.2025448],[-45.8109354,-23.2024199],[-45.8105958,-23.2023096],[-45.8104556,-23.2022537],[-45.8102038,-23.2021621],[-45.8100872,-23.2021481],[-45.809947,-23.2021496],[-45.8096918,-23.2022413],[-45.8094139,-23.2023939],[-45.8092576,-23.2025511],[-45.8091159,-23.202733],[-45.8087908,-23.2032061],[-45.8086109,-23.20359],[-45.8080946,-23.2046649],[-45.8079793,-23.2049311],[-45.8078049,-23.2053958],[-45.8074415,-23.2065532],[-45.8073197,-23.2069125],[-45.8072516,-23.2070309],[-45.8071111,-23.2071864],[-45.8068581,-23.2074123],[-45.8066516,-23.2075553],[-45.806205,-23.2077636],[-45.8060414,-23.2078696],[-45.8059448,-23.2079621],[-45.8058643,-23.2080853],[-45.8057866,-23.2082567]]}},{"type":"Feature","id":338552109,"properties":{"osmId":338552109,"name":"Avenida Doutor Jorge Zarur","highway":"residential","cycleway":"","cyclewayLeft":"","cyclewayRight":"track","surface":"asphalt"},"geometry":{"type":"LineString","coordinates":[[-45.9061112,-23.2059848],[-45.9060342,-23.2061189],[-45.9059762,-23.2062265],[-45.9059314,-23.2062982],[-45.9053542,-23.2071766],[-45.9052279,-23.2073812],[-45.9051419,-23.2075067],[-45.9050458,-23.207648],[-45.9049652,-23.2077757],[-45.9048256,-23.2080449],[-45.9047317,-23.2082323],[-45.9046152,-23.2084206],[-45.9045618,-23.2085018],[-45.9045077,-23.2085778],[-45.9044566,-23.20864],[-45.9043904,-23.2087104],[-45.9042912,-23.2087961],[-45.9042549,-23.2088239],[-45.9041741,-23.2088818],[-45.904116,-23.2089216],[-45.9040788,-23.2089471],[-45.9040185,-23.2089852],[-45.9039077,-23.2090566],[-45.9038207,-23.2091004],[-45.9037524,-23.209129],[-45.9036571,-23.2091604],[-45.9035826,-23.2091667]]}},{"type":"Feature","id":339656170,"properties":{"osmId":339656170,"name":"Avenida Jorge Zarur","highway":"primary","cycleway":"","cyclewayLeft":"","cyclewayRight":"track","surface":"asphalt"},"geometry":{"type":"LineString","coordinates":[[-45.9035363,-23.2091919],[-45.9032947,-23.2092982],[-45.9030375,-23.2093728]]}},{"type":"Feature","id":339656171,"properties":{"osmId":339656171,"name":"Avenida Jorge Zarur","highway":"primary","cycleway":"","cyclewayLeft":"","cyclewayRight":"no","surface":"asphalt"},"geometry":{"type":"LineString","coordinates":[[-45.9028765,-23.2094041],[-45.9017989,-23.2096778],[-45.9006901,-23.2098964],[-45.8977778,-23.2104364]]}},{"type":"Feature","id":339656222,"properties":{"osmId":339656222,"name":"Rua Francisco Ricci","highway":"tertiary","cycleway":"","cyclewayLeft":"","cyclewayRight":"no","surface":"asphalt"},"geometry":{"type":"LineString","coordinates":[[-45.8996009,-23.208695],[-45.8997681,-23.2086402],[-45.8999394,-23.2086148],[-45.9001089,-23.2085388]]}},{"type":"Feature","id":339656224,"properties":{"osmId":339656224,"name":"Rua Francisco Ricci","highway":"tertiary","cycleway":"","cyclewayLeft":"","cyclewayRight":"no","surface":"asphalt"},"geometry":{"type":"LineString","coordinates":[[-45.9001089,-23.2085388],[-45.9002888,-23.2084267],[-45.9004477,-23.2082912],[-45.900979,-23.2078435]]}},{"type":"Feature","id":339656226,"properties":{"osmId":339656226,"name":"Rua Francisco Ricci","highway":"tertiary","cycleway":"","cyclewayLeft":"","cyclewayRight":"no","surface":"asphalt"},"geometry":{"type":"LineString","coordinates":[[-45.9001819,-23.2086477],[-45.9000214,-23.2086793],[-45.8998756,-23.2087038],[-45.8997457,-23.2087048],[-45.8996009,-23.208695]]}},{"type":"Feature","id":339656248,"properties":{"osmId":339656248,"name":"","highway":"motorway_link","cycleway":"","cyclewayLeft":"","cyclewayRight":"track","surface":""},"geometry":{"type":"LineString","coordinates":[[-45.8974027,-23.2118402],[-45.8971095,-23.2117811],[-45.8968317,-23.2116766],[-45.8965777,-23.2115296],[-45.8965458,-23.211508],[-45.8962072,-23.2112785],[-45.8959528,-23.2111633],[-45.8956835,-23.2110819],[-45.8954044,-23.2110358],[-45.8951211,-23.2110261],[-45.8943693,-23.2111007]]}},{"type":"Feature","id":339656344,"properties":{"osmId":339656344,"name":"","highway":"motorway_link","cycleway":"","cyclewayLeft":"","cyclewayRight":"track","surface":"asphalt"},"geometry":{"type":"LineString","coordinates":[[-45.8929156,-23.2114695],[-45.8926168,-23.2116285]]}},{"type":"Feature","id":348438890,"properties":{"osmId":348438890,"name":"Avenida São João","highway":"secondary","cycleway":"","cyclewayLeft":"","cyclewayRight":"no","surface":"asphalt"},"geometry":{"type":"LineString","coordinates":[[-45.9050613,-23.2040785],[-45.9052541,-23.2042608],[-45.9054905,-23.2045052],[-45.9056247,-23.2046187],[-45.905671,-23.2046476],[-45.9057189,-23.2046682],[-45.9058109,-23.2046913],[-45.9060092,-23.2047302],[-45.906117,-23.2047504]]}},{"type":"Feature","id":368688850,"properties":{"osmId":368688850,"name":"","highway":"cycleway","cycleway":"","cyclewayLeft":"","cyclewayRight":"","surface":"paving_stones"},"geometry":{"type":"LineString","coordinates":[[-45.9297991,-23.1958708],[-45.9296079,-23.1959381],[-45.9292954,-23.1959024],[-45.9291278,-23.1958247],[-45.9288595,-23.1956361],[-45.9288054,-23.1955503],[-45.928776,-23.1955036],[-45.9287464,-23.195466],[-45.9286037,-23.1952846],[-45.9285869,-23.1952632],[-45.9284036,-23.1949729],[-45.9281756,-23.1944835],[-45.9279141,-23.1942062],[-45.9275976,-23.1940336],[-45.9268313,-23.1936233],[-45.9263865,-23.1934049],[-45.9256463,-23.1930228],[-45.9249998,-23.1926899],[-45.9246351,-23.1924853],[-45.9243442,-23.1923228],[-45.924155,-23.1922455],[-45.9239729,-23.1921962],[-45.9237161,-23.192149],[-45.9234375,-23.1921438],[-45.9231837,-23.1921854],[-45.9229502,-23.1922391],[-45.922724,-23.1923053],[-45.9225089,-23.1923851],[-45.9222975,-23.1924816],[-45.9221768,-23.1925489],[-45.921867,-23.1928046],[-45.9217906,-23.1928748],[-45.9216015,-23.1930733],[-45.9214714,-23.1932434],[-45.9210717,-23.1937303],[-45.9209415,-23.1938663],[-45.9207737,-23.1940161],[-45.9201583,-23.1945273],[-45.9194131,-23.19516],[-45.918826,-23.195642],[-45.9186262,-23.1958144],[-45.9184277,-23.1959339],[-45.918369,-23.1959481],[-45.9180274,-23.1960308],[-45.9176907,-23.1961134],[-45.9174306,-23.1962332],[-45.9171476,-23.1964442],[-45.9169832,-23.1965954],[-45.9168274,-23.1968164],[-45.916725,-23.1970296],[-45.9166787,-23.1972226],[-45.9166243,-23.1973758],[-45.9164248,-23.1975159],[-45.9162387,-23.1976548],[-45.915533,-23.1981816],[-45.915132,-23.1984713],[-45.914955,-23.1985637],[-45.9147042,-23.1986364],[-45.9147191,-23.1986878],[-45.9146103,-23.1987708],[-45.9143674,-23.1987531],[-45.9142007,-23.1987188],[-45.9138968,-23.1986562],[-45.913704,-23.1986519],[-45.9136715,-23.1986512],[-45.9136286,-23.1987018],[-45.913605,-23.1987676],[-45.9135604,-23.1988205],[-45.9132567,-23.1990752],[-45.9132286,-23.1991291],[-45.9132093,-23.1991939],[-45.9132079,-23.1992402],[-45.9132077,-23.199247],[-45.9132414,-23.1993634]]}},{"type":"Feature","id":370811308,"properties":{"osmId":370811308,"name":"","highway":"cycleway","cycleway":"","cyclewayLeft":"","cyclewayRight":"","surface":"asphalt"},"geometry":{"type":"LineString","coordinates":[[-45.9060125,-23.1945306],[-45.905299,-23.1939685],[-45.9048267,-23.1936036],[-45.9047948,-23.1935789],[-45.903982,-23.1929601],[-45.9038774,-23.1929108],[-45.9036816,-23.1928492],[-45.903627,-23.1928355],[-45.9036039,-23.1928294],[-45.9036009,-23.1928042],[-45.9035931,-23.1926544],[-45.9035652,-23.1926439],[-45.9034751,-23.19261],[-45.9033115,-23.1925484],[-45.9031452,-23.1924818],[-45.9029494,-23.1924103],[-45.9028609,-23.1923832],[-45.9026034,-23.1923857],[-45.902474,-23.1923958],[-45.9023191,-23.1924004],[-45.9022905,-23.1924028],[-45.9022252,-23.1924004],[-45.900184,-23.19243],[-45.8989288,-23.1924498],[-45.8979363,-23.192467],[-45.8959461,-23.1924991],[-45.8954258,-23.192504],[-45.8945997,-23.1925213],[-45.8941263,-23.1925336],[-45.8934115,-23.1925522],[-45.8933718,-23.1925236],[-45.8930162,-23.1922675],[-45.8923107,-23.1917595],[-45.8921065,-23.1916356],[-45.8914467,-23.1911372],[-45.8912397,-23.1909881],[-45.890586,-23.1905176],[-45.8903414,-23.1903401],[-45.8900295,-23.1901166],[-45.889916,-23.1900249],[-45.8898363,-23.1898654],[-45.8898154,-23.1897217],[-45.8898057,-23.1895804],[-45.8898031,-23.1894283],[-45.8897814,-23.1893101],[-45.8896468,-23.1890181],[-45.8889524,-23.1883207],[-45.8889231,-23.1882455],[-45.8886408,-23.1875223],[-45.8883607,-23.186222],[-45.8881708,-23.1848361],[-45.8882566,-23.1847441],[-45.8882565,-23.1846078],[-45.8881732,-23.1845314],[-45.888007,-23.1834212],[-45.8880378,-23.1826462],[-45.8881009,-23.1825254],[-45.8881533,-23.1823651],[-45.8881281,-23.1822239],[-45.8881041,-23.1820893],[-45.8882811,-23.1809809],[-45.8883435,-23.1805898],[-45.8884171,-23.1803122],[-45.8884818,-23.1797983]]}},{"type":"Feature","id":390809423,"properties":{"osmId":390809423,"name":"Rua Roma","highway":"secondary","cycleway":"","cyclewayLeft":"","cyclewayRight":"no","surface":"asphalt"},"geometry":{"type":"LineString","coordinates":[[-45.880023,-23.1964401],[-45.8795418,-23.1961957],[-45.8794239,-23.1961689],[-45.8787782,-23.1961302]]}},{"type":"Feature","id":408592393,"properties":{"osmId":408592393,"name":"Rua Paraibuna","highway":"primary","cycleway":"","cyclewayLeft":"","cyclewayRight":"no","surface":"asphalt"},"geometry":{"type":"LineString","coordinates":[[-45.8894355,-23.1917854],[-45.8891824,-23.19205],[-45.8891174,-23.1921138],[-45.8890209,-23.1921985],[-45.8888705,-23.192391],[-45.8887546,-23.1926554],[-45.8886773,-23.1928234],[-45.8886731,-23.1928368],[-45.8885019,-23.1933839],[-45.8884021,-23.1936911],[-45.8883293,-23.1939154],[-45.888289,-23.1940353],[-45.8882492,-23.1941752],[-45.8881166,-23.1946297],[-45.8881022,-23.1946786],[-45.888091,-23.1947167],[-45.8880776,-23.1947647],[-45.887903,-23.1954377],[-45.8877446,-23.1958232],[-45.8876634,-23.196123],[-45.8876218,-23.1962291],[-45.8875784,-23.1963614],[-45.8874111,-23.1968922],[-45.8873899,-23.1969569],[-45.8872202,-23.1975173],[-45.8870595,-23.1981093],[-45.8869569,-23.1985441],[-45.886784,-23.1990796],[-45.886648,-23.199501],[-45.8866157,-23.1996164]]}},{"type":"Feature","id":448342051,"properties":{"osmId":448342051,"name":"Avenida dos Astronautas","highway":"secondary","cycleway":"","cyclewayLeft":"no","cyclewayRight":"separate","surface":"asphalt"},"geometry":{"type":"LineString","coordinates":[[-45.861035,-23.2053982],[-45.8610262,-23.2054451],[-45.8609973,-23.2055148],[-45.86093,-23.2056101]]}},{"type":"Feature","id":448343874,"properties":{"osmId":448343874,"name":"Avenida dos Astronautas","highway":"secondary","cycleway":"","cyclewayLeft":"no","cyclewayRight":"separate","surface":"asphalt"},"geometry":{"type":"LineString","coordinates":[[-45.8636349,-23.2005619],[-45.8635071,-23.2006892],[-45.8629228,-23.2012514],[-45.8625557,-23.201609],[-45.8621479,-23.2020062],[-45.86192,-23.2022502],[-45.8617268,-23.2025313],[-45.8615511,-23.2028994],[-45.8614576,-23.2032267],[-45.8613699,-23.2035815],[-45.8612171,-23.2042557],[-45.8611411,-23.204604],[-45.861124,-23.204934],[-45.8611205,-23.2050926],[-45.8611012,-23.2052172],[-45.861035,-23.2053982]]}},{"type":"Feature","id":448345135,"properties":{"osmId":448345135,"name":"Rua Turquia","highway":"secondary","cycleway":"","cyclewayLeft":"","cyclewayRight":"no","surface":"asphalt"},"geometry":{"type":"LineString","coordinates":[[-45.8856848,-23.200366],[-45.8855373,-23.2002149],[-45.8853909,-23.200065],[-45.8850928,-23.1997597],[-45.8847005,-23.19934],[-45.8843901,-23.1990191],[-45.8842777,-23.1989029]]}},{"type":"Feature","id":448345137,"properties":{"osmId":448345137,"name":"Avenida Doutor Nélson D'Ávila","highway":"primary","cycleway":"","cyclewayLeft":"","cyclewayRight":"no","surface":"asphalt"},"geometry":{"type":"LineString","coordinates":[[-45.8847801,-23.2032903],[-45.8848618,-23.2031033],[-45.8849895,-23.2028079],[-45.8851271,-23.202425],[-45.8851817,-23.2022729],[-45.8852831,-23.201893],[-45.8854039,-23.2014391],[-45.8854963,-23.201087],[-45.8856848,-23.200366]]}},{"type":"Feature","id":448345144,"properties":{"osmId":448345144,"name":"Avenida Doutor Nélson D'Ávila","highway":"primary","cycleway":"","cyclewayLeft":"","cyclewayRight":"no","surface":"asphalt"},"geometry":{"type":"LineString","coordinates":[[-45.8828167,-23.2052584],[-45.8829604,-23.205104],[-45.8833602,-23.2047471]]}},{"type":"Feature","id":448345887,"properties":{"osmId":448345887,"name":"Rua Paraibuna","highway":"secondary","cycleway":"","cyclewayLeft":"","cyclewayRight":"no","surface":"asphalt"},"geometry":{"type":"LineString","coordinates":[[-45.8829811,-23.2055992],[-45.8829733,-23.2057835],[-45.8829199,-23.2060099],[-45.8829017,-23.2060922],[-45.8828778,-23.2061888],[-45.8828279,-23.2063883],[-45.8825298,-23.2067264],[-45.8821958,-23.2071945],[-45.8821692,-23.2073014],[-45.8822053,-23.2074431],[-45.8824052,-23.2076565]]}},{"type":"Feature","id":448350591,"properties":{"osmId":448350591,"name":"Avenida Deputado Benedito Matarazzo","highway":"secondary","cycleway":"","cyclewayLeft":"","cyclewayRight":"no","surface":"asphalt"},"geometry":{"type":"LineString","coordinates":[[-45.8831562,-23.2034766],[-45.8838125,-23.2040847],[-45.8839501,-23.2042122]]}},{"type":"Feature","id":448350593,"properties":{"osmId":448350593,"name":"Avenida Doutor João Guilhermino","highway":"secondary","cycleway":"","cyclewayLeft":"","cyclewayRight":"no","surface":"asphalt"},"geometry":{"type":"LineString","coordinates":[[-45.8859874,-23.1887123],[-45.8855894,-23.1883498],[-45.8853058,-23.1880914],[-45.8850021,-23.1878148],[-45.8848633,-23.1876883],[-45.8846232,-23.1874777],[-45.8840894,-23.1870528],[-45.8838087,-23.1868095],[-45.883759,-23.1867725],[-45.8835634,-23.1866895]]}},{"type":"Feature","id":448350598,"properties":{"osmId":448350598,"name":"Avenida Doutor Nélson D'Ávila","highway":"primary","cycleway":"","cyclewayLeft":"","cyclewayRight":"no","surface":"asphalt"},"geometry":{"type":"LineString","coordinates":[[-45.8853537,-23.1921469],[-45.8853834,-23.1920703],[-45.8853869,-23.1920399],[-45.8854164,-23.191811],[-45.8855331,-23.1912925],[-45.8855974,-23.1909433],[-45.885611,-23.1908763],[-45.8857762,-23.1898656],[-45.8859349,-23.1889991],[-45.8859603,-23.1888604],[-45.8859874,-23.1887123]]}},{"type":"Feature","id":448350600,"properties":{"osmId":448350600,"name":"Avenida Deputado Benedito Matarazzo","highway":"secondary","cycleway":"","cyclewayLeft":"","cyclewayRight":"no","surface":"asphalt"},"geometry":{"type":"LineString","coordinates":[[-45.8770966,-23.1980119],[-45.8776672,-23.198452],[-45.877853,-23.1986061],[-45.8779167,-23.198659],[-45.8782228,-23.1989064],[-45.8784114,-23.1990588],[-45.878878,-23.1994371],[-45.8792915,-23.1998207]]}},{"type":"Feature","id":448352064,"properties":{"osmId":448352064,"name":"","highway":"unclassified","cycleway":"","cyclewayLeft":"no","cyclewayRight":"separate","surface":""},"geometry":{"type":"LineString","coordinates":[[-45.8561112,-23.2222912],[-45.8561651,-23.2223186],[-45.8562105,-23.2223571]]}},{"type":"Feature","id":457361431,"properties":{"osmId":457361431,"name":"Sul02","highway":"cycleway","cycleway":"","cyclewayLeft":"","cyclewayRight":"","surface":"paved"},"geometry":{"type":"LineString","coordinates":[[-45.8871797,-23.2712827],[-45.8872385,-23.2713108],[-45.8882182,-23.2717363],[-45.8884051,-23.2718329],[-45.8890456,-23.2721404],[-45.8898309,-23.272547],[-45.8900468,-23.2726428],[-45.8915404,-23.2733523],[-45.8917133,-23.273464],[-45.891843,-23.273564],[-45.8920173,-23.2736645],[-45.8921008,-23.2737019],[-45.8936021,-23.2744763],[-45.8937503,-23.2745578],[-45.8952595,-23.2751707],[-45.8953802,-23.275243],[-45.8956473,-23.2754305],[-45.8958932,-23.2756304],[-45.8959715,-23.2756924],[-45.8960417,-23.275734],[-45.8961343,-23.2758059],[-45.8964396,-23.2760757],[-45.8969147,-23.2765094],[-45.8972857,-23.2768306],[-45.8976679,-23.2771684],[-45.8980841,-23.2775431],[-45.8982891,-23.277663],[-45.898373,-23.2777047],[-45.8984884,-23.2778108],[-45.898619,-23.2777475],[-45.8986747,-23.2777223],[-45.8987392,-23.2776869],[-45.9003486,-23.276173],[-45.900489,-23.2759825],[-45.9005811,-23.2758576],[-45.9008436,-23.275576],[-45.9011592,-23.2752942],[-45.9037097,-23.2726958],[-45.9038048,-23.2726145],[-45.9041126,-23.2722667],[-45.905409,-23.2708536],[-45.9057205,-23.2705412],[-45.9058262,-23.2703088],[-45.9059246,-23.2701911],[-45.9060199,-23.2701363],[-45.9061153,-23.2700898],[-45.906286,-23.2700156],[-45.9064041,-23.2699161],[-45.9065024,-23.2698332],[-45.908118,-23.2681252],[-45.9088457,-23.2673581],[-45.9089121,-23.2672881],[-45.9089668,-23.2672272],[-45.9090277,-23.2671467],[-45.9091416,-23.2669732],[-45.9092125,-23.2668745],[-45.9092827,-23.2668277],[-45.9093708,-23.2667777],[-45.9094386,-23.266753],[-45.9094846,-23.266691],[-45.9102727,-23.2657503],[-45.9106264,-23.2653662],[-45.9112848,-23.2646512],[-45.911542,-23.2643385],[-45.9117569,-23.2640802],[-45.9118302,-23.2640208],[-45.9119281,-23.2639208],[-45.9120392,-23.2638314],[-45.9120797,-23.2638035],[-45.912102,-23.263771],[-45.9121175,-23.2637462]]}},{"type":"Feature","id":457361432,"properties":{"osmId":457361432,"name":"Sul03","highway":"cycleway","cycleway":"","cyclewayLeft":"","cyclewayRight":"","surface":""},"geometry":{"type":"LineString","coordinates":[[-45.9118302,-23.2640208],[-45.9117989,-23.2639782],[-45.9118732,-23.2637869],[-45.9118924,-23.2637382],[-45.9119171,-23.2636334],[-45.911922,-23.263553],[-45.9119203,-23.2634606],[-45.9118992,-23.2633419],[-45.9118612,-23.2632301],[-45.9117995,-23.2629887],[-45.9116108,-23.2624621],[-45.9115483,-23.262254],[-45.9112413,-23.2611287],[-45.9110237,-23.2602854],[-45.9110509,-23.2602375],[-45.9109874,-23.2601576],[-45.9109731,-23.2601074],[-45.9109582,-23.2600362],[-45.9110533,-23.2600213],[-45.9111076,-23.2600177],[-45.9111641,-23.2600111]]}},{"type":"Feature","id":457361433,"properties":{"osmId":457361433,"name":"Sul03 - Estrada Velha - Itabaiana","highway":"cycleway","cycleway":"","cyclewayLeft":"","cyclewayRight":"","surface":""},"geometry":{"type":"LineString","coordinates":[[-45.9111641,-23.2600111],[-45.9111876,-23.2600088],[-45.9110386,-23.2594311],[-45.9108986,-23.2589109],[-45.9107704,-23.2584865],[-45.9107555,-23.2583742],[-45.910635,-23.2579516],[-45.9105968,-23.2578176],[-45.9104506,-23.2573048]]}},{"type":"Feature","id":457361434,"properties":{"osmId":457361434,"name":"Sul03","highway":"cycleway","cycleway":"","cyclewayLeft":"","cyclewayRight":"","surface":""},"geometry":{"type":"LineString","coordinates":[[-45.9121175,-23.2637462],[-45.9121234,-23.2637135],[-45.9121322,-23.2636283],[-45.9121184,-23.2635331],[-45.9120528,-23.2633428],[-45.9120079,-23.2632192],[-45.9119734,-23.2631082],[-45.9118974,-23.2629337],[-45.9119431,-23.2627818],[-45.9119458,-23.2627625],[-45.9119112,-23.2626293],[-45.9118422,-23.2624041],[-45.9118083,-23.2622619]]}},{"type":"Feature","id":457361435,"properties":{"osmId":457361435,"name":"Sul03 - Estrada Velha - Itabaiana","highway":"cycleway","cycleway":"","cyclewayLeft":"","cyclewayRight":"","surface":""},"geometry":{"type":"LineString","coordinates":[[-45.9118083,-23.2622619],[-45.9117919,-23.262212],[-45.9117145,-23.261976],[-45.9116558,-23.2617381],[-45.9115074,-23.26118],[-45.9114211,-23.2609041],[-45.9112265,-23.2600763],[-45.9111876,-23.2600088]]}},{"type":"Feature","id":460985166,"properties":{"osmId":460985166,"name":"","highway":"cycleway","cycleway":"","cyclewayLeft":"","cyclewayRight":"","surface":""},"geometry":{"type":"LineString","coordinates":[[-45.8904478,-23.2648909],[-45.8904176,-23.2648361],[-45.8903895,-23.2646883],[-45.8903928,-23.2645429],[-45.8904351,-23.2643285],[-45.8904961,-23.2641235],[-45.8905383,-23.2640377],[-45.8905826,-23.2639724],[-45.8906221,-23.2638832],[-45.8906711,-23.2637802],[-45.8907172,-23.2635649],[-45.8907354,-23.2634892],[-45.890797,-23.2633934],[-45.8909506,-23.2631881],[-45.8911586,-23.26285]]}},{"type":"Feature","id":460985167,"properties":{"osmId":460985167,"name":"","highway":"cycleway","cycleway":"","cyclewayLeft":"","cyclewayRight":"","surface":""},"geometry":{"type":"LineString","coordinates":[[-45.8911586,-23.26285],[-45.8916146,-23.2620763],[-45.8918539,-23.2615453],[-45.8924729,-23.2604056],[-45.8927679,-23.2597353],[-45.892902,-23.2593805],[-45.8931254,-23.2587417]]}},{"type":"Feature","id":460985168,"properties":{"osmId":460985168,"name":"","highway":"cycleway","cycleway":"","cyclewayLeft":"","cyclewayRight":"","surface":""},"geometry":{"type":"LineString","coordinates":[[-45.8931254,-23.2587417],[-45.8932132,-23.2581385],[-45.8932614,-23.2575471],[-45.8932652,-23.2568412],[-45.8932096,-23.2564839],[-45.8930271,-23.2557328],[-45.8929775,-23.2555243],[-45.8928661,-23.2552613],[-45.892723,-23.254991],[-45.8923651,-23.2542968],[-45.8919622,-23.2537794],[-45.8911311,-23.2528198],[-45.8905805,-23.2520818],[-45.890362,-23.2517215],[-45.8903357,-23.251597]]}},{"type":"Feature","id":460985399,"properties":{"osmId":460985399,"name":"","highway":"cycleway","cycleway":"","cyclewayLeft":"","cyclewayRight":"","surface":""},"geometry":{"type":"LineString","coordinates":[[-45.8903357,-23.251597],[-45.8902508,-23.2515286],[-45.8900803,-23.2513888],[-45.8897746,-23.2511448],[-45.889678,-23.2510019],[-45.8895761,-23.2507702],[-45.8895144,-23.2506297],[-45.88945,-23.2504696],[-45.8893964,-23.2503217],[-45.8893347,-23.2500925],[-45.8893213,-23.2500062],[-45.8892944,-23.2498904],[-45.8892676,-23.2497327],[-45.8892515,-23.2493975],[-45.8892247,-23.2492768],[-45.8892247,-23.2491141],[-45.8892623,-23.2486927],[-45.8893221,-23.2484942],[-45.8893348,-23.2481735],[-45.8894052,-23.2478947],[-45.8895332,-23.2475566],[-45.8897209,-23.2469208],[-45.8899033,-23.2461716],[-45.8901823,-23.2452696],[-45.890252,-23.2450527],[-45.8902848,-23.2449498]]}},{"type":"Feature","id":470212313,"properties":{"osmId":470212313,"name":"Rua Paraibuna","highway":"primary","cycleway":"","cyclewayLeft":"","cyclewayRight":"no","surface":"asphalt"},"geometry":{"type":"LineString","coordinates":[[-45.8862732,-23.2009657],[-45.8862056,-23.2012288],[-45.8861315,-23.2015315],[-45.8860333,-23.2019453],[-45.8860001,-23.2020678],[-45.8858644,-23.2024001],[-45.8857092,-23.2026379],[-45.8851548,-23.2032934],[-45.8850748,-23.2033781]]}},{"type":"Feature","id":470213798,"properties":{"osmId":470213798,"name":"Avenida Doutor Nélson D'Ávila","highway":"primary","cycleway":"","cyclewayLeft":"","cyclewayRight":"no","surface":"asphalt"},"geometry":{"type":"LineString","coordinates":[[-45.8856908,-23.1944997],[-45.8855943,-23.194087],[-45.885518,-23.1937607],[-45.8855174,-23.1937578],[-45.8853767,-23.1930789],[-45.8853499,-23.1927905],[-45.8853636,-23.1924824],[-45.8853976,-23.1921524],[-45.8853834,-23.1920703]]}},{"type":"Feature","id":472736206,"properties":{"osmId":472736206,"name":"Avenida Doutor Nélson D'Ávila","highway":"primary","cycleway":"","cyclewayLeft":"","cyclewayRight":"no","surface":"asphalt"},"geometry":{"type":"LineString","coordinates":[[-45.8861805,-23.1968254],[-45.8858779,-23.1954559],[-45.8856908,-23.1944997]]}},{"type":"Feature","id":472739642,"properties":{"osmId":472739642,"name":"Avenida dos Astronautas","highway":"secondary","cycleway":"","cyclewayLeft":"no","cyclewayRight":"separate","surface":"asphalt"},"geometry":{"type":"LineString","coordinates":[[-45.8608929,-23.2056488],[-45.8608443,-23.2056892],[-45.860798,-23.2057206],[-45.8607551,-23.2057391],[-45.860633,-23.2057939],[-45.8605526,-23.2058272],[-45.8604715,-23.2058539],[-45.8604031,-23.2058892],[-45.8603382,-23.2059254],[-45.8602743,-23.2059802],[-45.8597261,-23.2065711],[-45.8595217,-23.2068011],[-45.8583672,-23.2081001],[-45.8581969,-23.2083143],[-45.8576398,-23.2090149],[-45.8575632,-23.2091479],[-45.8574717,-23.2093377],[-45.857362,-23.2096107],[-45.8572864,-23.2098963],[-45.8572045,-23.2102514],[-45.8571534,-23.2104667],[-45.857114,-23.2106242],[-45.8570927,-23.2107641],[-45.8571363,-23.2117471],[-45.8571513,-23.2120847],[-45.8571651,-23.2122911],[-45.8572247,-23.2135492],[-45.8572236,-23.2136558],[-45.8572002,-23.2137468],[-45.8571257,-23.213918],[-45.8570928,-23.2139815],[-45.8569939,-23.214152],[-45.856542,-23.2149605],[-45.8562571,-23.215448],[-45.8561251,-23.2156681],[-45.855264,-23.2166737],[-45.8545689,-23.2174945],[-45.8544742,-23.2176666],[-45.8543891,-23.2178662],[-45.8543518,-23.2180354],[-45.8543399,-23.2182562],[-45.8543426,-23.2184275],[-45.8543345,-23.2185508]]}},{"type":"Feature","id":472744345,"properties":{"osmId":472744345,"name":"Rua Roma","highway":"secondary","cycleway":"","cyclewayLeft":"","cyclewayRight":"no","surface":"asphalt"},"geometry":{"type":"LineString","coordinates":[[-45.8804728,-23.1966424],[-45.880023,-23.1964401]]}},{"type":"Feature","id":472753420,"properties":{"osmId":472753420,"name":"Avenida Marechal Henrique Teixeira Lott","highway":"primary","cycleway":"","cyclewayLeft":"","cyclewayRight":"no","surface":"asphalt"},"geometry":{"type":"LineString","coordinates":[[-45.8853758,-23.2066777],[-45.8849649,-23.2063218],[-45.8845513,-23.2058961],[-45.8840993,-23.2054696],[-45.8834589,-23.2048442]]}},{"type":"Feature","id":474497986,"properties":{"osmId":474497986,"name":"","highway":"cycleway","cycleway":"","cyclewayLeft":"","cyclewayRight":"","surface":"asphalt"},"geometry":{"type":"LineString","coordinates":[[-45.9128791,-23.2301664],[-45.9128079,-23.2297929],[-45.9130555,-23.2296415],[-45.9134999,-23.2293553],[-45.91355,-23.2293246],[-45.9139811,-23.2290501],[-45.9140128,-23.2290291]]}},{"type":"Feature","id":474497987,"properties":{"osmId":474497987,"name":"","highway":"cycleway","cycleway":"","cyclewayLeft":"","cyclewayRight":"","surface":"asphalt"},"geometry":{"type":"LineString","coordinates":[[-45.9140128,-23.2290291],[-45.9140776,-23.2289861],[-45.9145141,-23.2286964],[-45.9144925,-23.228668],[-45.914167,-23.228251],[-45.9141424,-23.2282085],[-45.9142734,-23.2281321],[-45.9144574,-23.2279239],[-45.9144946,-23.2276361],[-45.914484,-23.2271678],[-45.9144696,-23.2260734],[-45.914542,-23.2258849],[-45.9146631,-23.2256168],[-45.914678,-23.2255771]]}},{"type":"Feature","id":535304019,"properties":{"osmId":535304019,"name":"","highway":"cycleway","cycleway":"","cyclewayLeft":"","cyclewayRight":"","surface":"concrete"},"geometry":{"type":"LineString","coordinates":[[-45.8081791,-23.1841427],[-45.8082919,-23.1840526],[-45.8083012,-23.1840269],[-45.808301,-23.1839405],[-45.8082888,-23.1839097],[-45.8082617,-23.1838899],[-45.8082288,-23.1838777],[-45.8081037,-23.1838444],[-45.8079688,-23.1838143],[-45.8077773,-23.183771],[-45.8073229,-23.1835647],[-45.8069797,-23.183423],[-45.8067904,-23.1833926],[-45.806757,-23.1833868],[-45.8064165,-23.1834039],[-45.8048338,-23.1834939],[-45.8043778,-23.1835388],[-45.8035916,-23.1836162],[-45.8032367,-23.183672],[-45.8030429,-23.1837321],[-45.8025782,-23.1839081],[-45.8013179,-23.1841262]]}},{"type":"Feature","id":552624270,"properties":{"osmId":552624270,"name":"Estrada Municipal Dom José Antônio Couto","highway":"secondary","cycleway":"","cyclewayLeft":"","cyclewayRight":"track","surface":"asphalt"},"geometry":{"type":"LineString","coordinates":[[-45.804426,-23.2136349],[-45.8045266,-23.2135616],[-45.8045742,-23.2135283],[-45.8047915,-23.2133822],[-45.8051737,-23.2130568],[-45.8052769,-23.2129539],[-45.8053358,-23.212865],[-45.8053579,-23.2127923],[-45.8053909,-23.21257]]}},{"type":"Feature","id":553585054,"properties":{"osmId":553585054,"name":"","highway":"cycleway","cycleway":"","cyclewayLeft":"","cyclewayRight":"","surface":""},"geometry":{"type":"LineString","coordinates":[[-45.9040361,-23.1613452],[-45.9041105,-23.1615037],[-45.9038713,-23.1617958],[-45.9038308,-23.1619719],[-45.9052722,-23.162966],[-45.9053118,-23.1630373],[-45.9057638,-23.1633431],[-45.9058918,-23.1634627],[-45.9060088,-23.1635623],[-45.9066989,-23.1643214],[-45.9070139,-23.1646761],[-45.9071904,-23.1649346],[-45.907325,-23.1652978],[-45.9073746,-23.1654368],[-45.9074325,-23.165631],[-45.9075058,-23.1658783],[-45.9075306,-23.1659542],[-45.9075533,-23.165994],[-45.9076007,-23.1660472],[-45.9079826,-23.1664551],[-45.9082633,-23.1667948],[-45.908319,-23.1668365],[-45.9083706,-23.1668802],[-45.9085233,-23.1670225],[-45.9086162,-23.1671079],[-45.9086657,-23.1671838],[-45.9087566,-23.167309],[-45.9089072,-23.1674551],[-45.9089939,-23.1675253],[-45.9090889,-23.1675955],[-45.9091508,-23.1676259],[-45.9093902,-23.1677132],[-45.9101023,-23.1679978],[-45.9106389,-23.1682065],[-45.9106988,-23.168199],[-45.9108821,-23.1681538]]}},{"type":"Feature","id":573297028,"properties":{"osmId":573297028,"name":"Avenida Alfredo Asdente","highway":"tertiary","cycleway":"","cyclewayLeft":"","cyclewayRight":"track","surface":"asphalt"},"geometry":{"type":"LineString","coordinates":[[-45.9194531,-23.2174957],[-45.9196994,-23.2176149],[-45.9198092,-23.2176782],[-45.9199263,-23.2177548],[-45.9200101,-23.2178288],[-45.9200998,-23.217926],[-45.9206173,-23.2184312],[-45.9211329,-23.2189797],[-45.9212724,-23.2191239],[-45.9213884,-23.2192582],[-45.9214816,-23.2193901],[-45.9215708,-23.2195626],[-45.9216325,-23.2197426],[-45.9216888,-23.2199521],[-45.9218967,-23.2208481],[-45.9218992,-23.2208596],[-45.9221032,-23.2217934],[-45.9222474,-23.2223482],[-45.9224439,-23.2226584],[-45.9227575,-23.2230007],[-45.9234839,-23.2236412],[-45.9237219,-23.2238179],[-45.9243113,-23.2241755],[-45.9246827,-23.2244513],[-45.9261981,-23.2259517],[-45.9262835,-23.226034],[-45.9267366,-23.2264424],[-45.926971,-23.2265456],[-45.9271358,-23.2266134],[-45.9280488,-23.2268473],[-45.9282979,-23.2269977],[-45.9285967,-23.2272439],[-45.9287913,-23.2276112],[-45.9289081,-23.2279674],[-45.9289032,-23.2282664],[-45.9288555,-23.2284159],[-45.9287453,-23.2287609],[-45.9286715,-23.2289759],[-45.9285756,-23.2292555],[-45.9282904,-23.2301193],[-45.9282715,-23.2302301],[-45.9282215,-23.2305952],[-45.9282056,-23.2311315],[-45.9282076,-23.2313084],[-45.9282737,-23.2318406],[-45.9283996,-23.2323765],[-45.9284401,-23.2324695],[-45.9286029,-23.2328038],[-45.9287043,-23.2329742],[-45.9288719,-23.2332264],[-45.9310033,-23.2358327],[-45.931318,-23.2361141],[-45.9318357,-23.23645],[-45.9322044,-23.2366893],[-45.9323131,-23.23681],[-45.9323924,-23.2369492],[-45.9324075,-23.2370438],[-45.9324194,-23.237118],[-45.9323962,-23.237253],[-45.9323183,-23.2373836]]}},{"type":"Feature","id":593926370,"properties":{"osmId":593926370,"name":"","highway":"cycleway","cycleway":"","cyclewayLeft":"","cyclewayRight":"","surface":""},"geometry":{"type":"LineString","coordinates":[[-45.8929362,-23.2386157],[-45.8930978,-23.2382876],[-45.8931005,-23.2382185],[-45.8930469,-23.2374594],[-45.8929825,-23.2364859],[-45.8929074,-23.23585],[-45.8928738,-23.2354805],[-45.8926812,-23.234635],[-45.8926634,-23.2344777],[-45.8926741,-23.2341828],[-45.8927026,-23.2340583],[-45.8927526,-23.2339698],[-45.8928168,-23.2338878],[-45.8928489,-23.2337764],[-45.8927989,-23.2336748],[-45.8926609,-23.2335838]]}},{"type":"Feature","id":622004863,"properties":{"osmId":622004863,"name":"Rua Turquia","highway":"secondary","cycleway":"","cyclewayLeft":"","cyclewayRight":"no","surface":"asphalt"},"geometry":{"type":"LineString","coordinates":[[-45.8842777,-23.1989029],[-45.883529,-23.1981614]]}},{"type":"Feature","id":641002001,"properties":{"osmId":641002001,"name":"Avenida Alfredo Asdente","highway":"tertiary","cycleway":"","cyclewayLeft":"","cyclewayRight":"track","surface":"asphalt"},"geometry":{"type":"LineString","coordinates":[[-45.9184018,-23.2168339],[-45.9186955,-23.217036],[-45.918894,-23.2171654],[-45.9192835,-23.2173891],[-45.9194531,-23.2174957]]}},{"type":"Feature","id":660875668,"properties":{"osmId":660875668,"name":"Avenida Engenheiro Francisco José Longo","highway":"tertiary","cycleway":"","cyclewayLeft":"","cyclewayRight":"no","surface":"asphalt"},"geometry":{"type":"LineString","coordinates":[[-45.8881491,-23.2049046],[-45.8882488,-23.2043397],[-45.8883284,-23.2038886]]}},{"type":"Feature","id":660875669,"properties":{"osmId":660875669,"name":"Avenida Heitor Villa Lobos","highway":"tertiary","cycleway":"","cyclewayLeft":"","cyclewayRight":"no","surface":"asphalt"},"geometry":{"type":"LineString","coordinates":[[-45.8881491,-23.2049046],[-45.8881387,-23.2049087],[-45.8880568,-23.2049414],[-45.8874576,-23.2051259],[-45.8870961,-23.2052373],[-45.8868174,-23.2053231],[-45.8866163,-23.205381],[-45.8864181,-23.2054402],[-45.8862199,-23.2055013]]}},{"type":"Feature","id":663861413,"properties":{"osmId":663861413,"name":"Avenida Doutor Nélson D'Ávila","highway":"primary","cycleway":"","cyclewayLeft":"","cyclewayRight":"no","surface":"asphalt"},"geometry":{"type":"LineString","coordinates":[[-45.8833602,-23.2047471],[-45.8839501,-23.2042122]]}},{"type":"Feature","id":663861414,"properties":{"osmId":663861414,"name":"Avenida Marechal Henrique Teixeira Lott","highway":"primary","cycleway":"","cyclewayLeft":"","cyclewayRight":"no","surface":"asphalt"},"geometry":{"type":"LineString","coordinates":[[-45.8833602,-23.2047471],[-45.8833049,-23.2046914],[-45.8830437,-23.2044287]]}},{"type":"Feature","id":663861415,"properties":{"osmId":663861415,"name":"Avenida Marechal Henrique Teixeira Lott","highway":"primary","cycleway":"","cyclewayLeft":"","cyclewayRight":"no","surface":"asphalt"},"geometry":{"type":"LineString","coordinates":[[-45.8834589,-23.2048442],[-45.8833602,-23.2047471]]}},{"type":"Feature","id":663861416,"properties":{"osmId":663861416,"name":"Rua Paraibuna","highway":"primary","cycleway":"","cyclewayLeft":"","cyclewayRight":"no","surface":"asphalt"},"geometry":{"type":"LineString","coordinates":[[-45.8834589,-23.2048442],[-45.8831404,-23.2051123],[-45.8830685,-23.2052287],[-45.883027,-23.2053291],[-45.8829811,-23.2055992]]}},{"type":"Feature","id":663861492,"properties":{"osmId":663861492,"name":"Avenida Deputado Benedito Matarazzo","highway":"primary","cycleway":"","cyclewayLeft":"","cyclewayRight":"no","surface":"asphalt"},"geometry":{"type":"LineString","coordinates":[[-45.8839501,-23.2042122],[-45.884021,-23.204266]]}},{"type":"Feature","id":663861493,"properties":{"osmId":663861493,"name":"Avenida Doutor Nélson D'Ávila","highway":"primary","cycleway":"","cyclewayLeft":"","cyclewayRight":"no","surface":"asphalt"},"geometry":{"type":"LineString","coordinates":[[-45.8839501,-23.2042122],[-45.8839631,-23.2042005]]}},{"type":"Feature","id":663861494,"properties":{"osmId":663861494,"name":"Rua Paraibuna","highway":"primary","cycleway":"","cyclewayLeft":"","cyclewayRight":"no","surface":"asphalt"},"geometry":{"type":"LineString","coordinates":[[-45.884021,-23.204266],[-45.8834589,-23.2048442]]}},{"type":"Feature","id":663861495,"properties":{"osmId":663861495,"name":"Avenida Deputado Benedito Matarazzo","highway":"secondary","cycleway":"","cyclewayLeft":"","cyclewayRight":"no","surface":"asphalt"},"geometry":{"type":"LineString","coordinates":[[-45.8855168,-23.2056327],[-45.8856174,-23.2057203],[-45.8861375,-23.2062118]]}},{"type":"Feature","id":664308451,"properties":{"osmId":664308451,"name":"Rua Genésia Berardineli Tarantino","highway":"tertiary","cycleway":"","cyclewayLeft":"","cyclewayRight":"no","surface":"asphalt"},"geometry":{"type":"LineString","coordinates":[[-45.8734803,-23.1948049],[-45.8732537,-23.1950419],[-45.8730872,-23.195216]]}},{"type":"Feature","id":665143541,"properties":{"osmId":665143541,"name":"Praça Marechal-do-Ar Eduardo Gomes","highway":"primary","cycleway":"","cyclewayLeft":"","cyclewayRight":"no","surface":"asphalt"},"geometry":{"type":"LineString","coordinates":[[-45.8825049,-23.2054987],[-45.8828167,-23.2052584]]}},{"type":"Feature","id":665143542,"properties":{"osmId":665143542,"name":"","highway":"primary_link","cycleway":"","cyclewayLeft":"no","cyclewayRight":"separate","surface":"asphalt"},"geometry":{"type":"LineString","coordinates":[[-45.8823652,-23.2055556],[-45.8824003,-23.2054955],[-45.8824545,-23.2054278],[-45.8827278,-23.2052148],[-45.8831843,-23.2048003],[-45.8832162,-23.2047318],[-45.8832151,-23.2046712],[-45.8831776,-23.2046129],[-45.8831071,-23.2045297],[-45.8830437,-23.2044287]]}},{"type":"Feature","id":665146343,"properties":{"osmId":665146343,"name":"Rua Genésia Berardineli Tarantino","highway":"tertiary","cycleway":"","cyclewayLeft":"","cyclewayRight":"no","surface":"asphalt"},"geometry":{"type":"LineString","coordinates":[[-45.8744457,-23.1937843],[-45.8738864,-23.1943781],[-45.8734803,-23.1948049]]}},{"type":"Feature","id":665672061,"properties":{"osmId":665672061,"name":"Rua Jordão Monteiro Ferreira","highway":"tertiary","cycleway":"","cyclewayLeft":"","cyclewayRight":"no","surface":"asphalt"},"geometry":{"type":"LineString","coordinates":[[-45.8812857,-23.1963034],[-45.8809683,-23.1962892],[-45.8808094,-23.1962987],[-45.8807376,-23.1963481],[-45.8806774,-23.1964529],[-45.8806533,-23.1964948],[-45.8805821,-23.1966021],[-45.8805598,-23.1966335],[-45.8805322,-23.1966742]]}},{"type":"Feature","id":665677509,"properties":{"osmId":665677509,"name":"Avenida Deputado Benedito Matarazzo","highway":"tertiary","cycleway":"","cyclewayLeft":"","cyclewayRight":"no","surface":"asphalt"},"geometry":{"type":"LineString","coordinates":[[-45.8861375,-23.2062118],[-45.8869556,-23.2069464],[-45.8874722,-23.2074297],[-45.8876662,-23.2076124]]}},{"type":"Feature","id":676660196,"properties":{"osmId":676660196,"name":"","highway":"cycleway","cycleway":"","cyclewayLeft":"","cyclewayRight":"","surface":"asphalt"},"geometry":{"type":"LineString","coordinates":[[-45.9665348,-23.3051252],[-45.9664401,-23.3050506],[-45.9661118,-23.3041125],[-45.9660882,-23.3039985],[-45.96609,-23.3038336],[-45.9659442,-23.3033734],[-45.9659676,-23.303209],[-45.9659837,-23.3029968],[-45.9659958,-23.3028434],[-45.9659746,-23.3026984],[-45.9658862,-23.302323],[-45.9658576,-23.3022152],[-45.9658192,-23.3020434],[-45.9657771,-23.3018608],[-45.9657668,-23.3018071],[-45.9657678,-23.3017442],[-45.9658648,-23.3013247],[-45.9658836,-23.301305],[-45.9664294,-23.3009909],[-45.9665447,-23.3009096],[-45.9666666,-23.3006824],[-45.9667114,-23.300596],[-45.9667152,-23.300491],[-45.9666908,-23.3004525],[-45.9666722,-23.3004231],[-45.9666252,-23.3003923],[-45.966585,-23.3003615],[-45.9664442,-23.300306],[-45.9663838,-23.30029],[-45.9663141,-23.3002851],[-45.9655429,-23.3002543],[-45.9654343,-23.3002457],[-45.9653565,-23.3002174],[-45.9652935,-23.3001841],[-45.9652345,-23.300141],[-45.9650588,-23.2998971],[-45.9648684,-23.2995818],[-45.9648483,-23.2995448],[-45.9648483,-23.2995113],[-45.9649004,-23.299467]]}},{"type":"Feature","id":687576096,"properties":{"osmId":687576096,"name":"","highway":"cycleway","cycleway":"","cyclewayLeft":"","cyclewayRight":"","surface":"asphalt"},"geometry":{"type":"LineString","coordinates":[[-45.9132352,-23.1983579],[-45.913119,-23.1983522],[-45.9129963,-23.1983822],[-45.9128756,-23.1984315],[-45.9127694,-23.198493],[-45.9126852,-23.1985516],[-45.9126275,-23.1985859],[-45.9125651,-23.1986084],[-45.9125535,-23.1986126],[-45.9125136,-23.1986047],[-45.9124678,-23.1985831],[-45.9119555,-23.1979688],[-45.9119115,-23.197885],[-45.9118552,-23.1978231]]}},{"type":"Feature","id":687576097,"properties":{"osmId":687576097,"name":"","highway":"cycleway","cycleway":"","cyclewayLeft":"","cyclewayRight":"","surface":"asphalt"},"geometry":{"type":"LineString","coordinates":[[-45.9118552,-23.1978231],[-45.9107466,-23.1970374],[-45.9106297,-23.1969734],[-45.9105615,-23.1969335],[-45.9105172,-23.1969144],[-45.9103943,-23.1969227],[-45.9103604,-23.1969508],[-45.9090831,-23.1962935],[-45.9084206,-23.195971],[-45.908364,-23.1959549],[-45.9081469,-23.1958683],[-45.9080243,-23.1957907],[-45.908033,-23.1957646],[-45.9080491,-23.195727],[-45.9081138,-23.1955743]]}},{"type":"Feature","id":687576098,"properties":{"osmId":687576098,"name":"","highway":"cycleway","cycleway":"","cyclewayLeft":"","cyclewayRight":"","surface":"asphalt"},"geometry":{"type":"LineString","coordinates":[[-45.9060125,-23.1945306],[-45.9060663,-23.1945678],[-45.906182,-23.1946676],[-45.9061993,-23.1946816],[-45.9062477,-23.1947508],[-45.9062621,-23.1947753],[-45.906314,-23.1948831],[-45.906381,-23.1948925],[-45.9064028,-23.1948882],[-45.9064794,-23.1949489],[-45.9073027,-23.1954727],[-45.9080491,-23.195727]]}},{"type":"Feature","id":696789280,"properties":{"osmId":696789280,"name":"","highway":"cycleway","cycleway":"","cyclewayLeft":"","cyclewayRight":"","surface":""},"geometry":{"type":"LineString","coordinates":[[-45.8215437,-23.2180275],[-45.8215826,-23.2180636],[-45.821571,-23.2181424],[-45.8215347,-23.2182147],[-45.8214771,-23.2182741],[-45.8214031,-23.2183154],[-45.8213192,-23.2183351],[-45.8209357,-23.2184312],[-45.8205736,-23.2185668],[-45.8201498,-23.2187837],[-45.8198065,-23.2190253],[-45.8195543,-23.2192767],[-45.819329,-23.2195528],[-45.8191171,-23.2198757],[-45.8189642,-23.2201665],[-45.8188328,-23.2204623],[-45.8187738,-23.2206842],[-45.8187644,-23.2207673],[-45.818779,-23.2208497],[-45.8188167,-23.2209257],[-45.8188958,-23.2210379],[-45.8189079,-23.2210761],[-45.8188821,-23.2211344],[-45.8188207,-23.2211907],[-45.8187665,-23.2212392],[-45.8187094,-23.2212573],[-45.8186587,-23.2212578],[-45.8186188,-23.2212572],[-45.8185811,-23.2212692],[-45.8185501,-23.2212922],[-45.8185295,-23.2213236],[-45.8185217,-23.2213596],[-45.8184251,-23.22168],[-45.8180979,-23.2225772],[-45.8178914,-23.2232403],[-45.8178082,-23.2235558],[-45.8177117,-23.2240315],[-45.8176526,-23.224485],[-45.8176312,-23.2249682],[-45.8176392,-23.225227],[-45.8176383,-23.2252959],[-45.8176163,-23.2253618],[-45.8175749,-23.2254192],[-45.8174467,-23.2255019]]}},{"type":"Feature","id":696789281,"properties":{"osmId":696789281,"name":"","highway":"cycleway","cycleway":"","cyclewayLeft":"","cyclewayRight":"","surface":""},"geometry":{"type":"LineString","coordinates":[[-45.826799,-23.2242805],[-45.8267465,-23.2241827],[-45.8267429,-23.2241199],[-45.8267185,-23.2240241],[-45.8267581,-23.2239538],[-45.8267619,-23.2239421],[-45.8267649,-23.223913],[-45.8267582,-23.2238844],[-45.8267427,-23.223859],[-45.8257154,-23.222698],[-45.8254766,-23.2224959],[-45.8251923,-23.2222938],[-45.8248195,-23.2221089],[-45.8238888,-23.2216923],[-45.8236758,-23.2216197],[-45.8234487,-23.2216146],[-45.8232321,-23.2216774],[-45.8230495,-23.2218015],[-45.8229205,-23.2219733],[-45.8228508,-23.2221976],[-45.8228025,-23.2223381],[-45.8227857,-23.2223657],[-45.8227612,-23.2223879],[-45.822731,-23.2224029],[-45.8226973,-23.2224095],[-45.822663,-23.2224072],[-45.8222848,-23.2224638],[-45.8222199,-23.2224854],[-45.8221646,-23.2225235],[-45.8221239,-23.2225748],[-45.8217457,-23.2233019],[-45.8216588,-23.2233707],[-45.8215519,-23.2234091],[-45.8214372,-23.2234128],[-45.82133,-23.223398],[-45.8212984,-23.2234007],[-45.821269,-23.2234116],[-45.8212444,-23.2234299],[-45.8212266,-23.223454],[-45.8212173,-23.2234818],[-45.8210886,-23.2238269],[-45.8210806,-23.2238975],[-45.8210939,-23.2239674],[-45.8210805,-23.2240167],[-45.8210322,-23.2240414],[-45.8209491,-23.224071]]}},{"type":"Feature","id":696789282,"properties":{"osmId":696789282,"name":"","highway":"cycleway","cycleway":"","cyclewayLeft":"","cyclewayRight":"","surface":""},"geometry":{"type":"LineString","coordinates":[[-45.8295751,-23.227221],[-45.8295643,-23.227152],[-45.8295375,-23.2270914],[-45.8294806,-23.2270427],[-45.829441,-23.2270016],[-45.8290494,-23.2267133],[-45.8289447,-23.2266295],[-45.8284405,-23.2260182],[-45.8274454,-23.2248055],[-45.8273032,-23.2246564],[-45.8270417,-23.2244456],[-45.826945,-23.2243812],[-45.826871,-23.224371],[-45.8268392,-23.2243372],[-45.826799,-23.2242805]]}},{"type":"Feature","id":696789283,"properties":{"osmId":696789283,"name":"","highway":"cycleway","cycleway":"","cyclewayLeft":"","cyclewayRight":"","surface":""},"geometry":{"type":"LineString","coordinates":[[-45.8240819,-23.2296217],[-45.8241712,-23.2295091],[-45.8242106,-23.2294406],[-45.8242143,-23.229428],[-45.8242139,-23.2294151],[-45.8242095,-23.2294027],[-45.8242015,-23.229392],[-45.8241905,-23.2293839],[-45.8241449,-23.2293272],[-45.824145,-23.229297],[-45.8241543,-23.229268],[-45.824731,-23.2282365],[-45.825313,-23.2272851],[-45.8259299,-23.2262006],[-45.8263618,-23.2254217],[-45.8264154,-23.2252935],[-45.82652,-23.2250027],[-45.8265924,-23.2247315],[-45.8266815,-23.2244392],[-45.826704,-23.2243946],[-45.8267427,-23.2243248],[-45.826799,-23.2242805]]}},{"type":"Feature","id":696789284,"properties":{"osmId":696789284,"name":"","highway":"cycleway","cycleway":"","cyclewayLeft":"","cyclewayRight":"","surface":""},"geometry":{"type":"LineString","coordinates":[[-45.8240819,-23.2296217],[-45.8240122,-23.229496],[-45.8239537,-23.2294503],[-45.8235133,-23.2291805],[-45.8232799,-23.2290647],[-45.8225021,-23.228759],[-45.8224002,-23.2287344],[-45.8221524,-23.2287154],[-45.8220984,-23.228711],[-45.8220568,-23.228702],[-45.8220206,-23.2286811],[-45.8219937,-23.2286505],[-45.821979,-23.2286136],[-45.8219061,-23.2284311],[-45.8218847,-23.2283801],[-45.8217457,-23.2282069],[-45.8216465,-23.2280319],[-45.8215472,-23.2277953],[-45.8214882,-23.2276129],[-45.8214641,-23.2274478],[-45.8213675,-23.2267453],[-45.8211637,-23.2254044],[-45.8210081,-23.224278],[-45.8209491,-23.224071],[-45.8209053,-23.2239906],[-45.8208688,-23.2239521],[-45.8208418,-23.2238935],[-45.8208284,-23.223822],[-45.8208337,-23.2237579],[-45.8208337,-23.2236889],[-45.8208061,-23.223633],[-45.8207507,-23.2236017],[-45.8207077,-23.2235533],[-45.8205709,-23.223329],[-45.820308,-23.2229667],[-45.81927,-23.22168],[-45.8188207,-23.2211907],[-45.8187239,-23.2211149],[-45.8186966,-23.2210894],[-45.8186577,-23.2210596],[-45.8186307,-23.2210202],[-45.8186148,-23.2209599],[-45.8186048,-23.2208986],[-45.8185079,-23.220814],[-45.8184781,-23.2207875],[-45.8183152,-23.2206497],[-45.8180657,-23.2203687],[-45.8172771,-23.219432],[-45.8170895,-23.2192457],[-45.8170671,-23.2192082],[-45.8170331,-23.2191559],[-45.8170277,-23.2190992],[-45.8169982,-23.2190475],[-45.8169522,-23.2190055],[-45.8168896,-23.2189834],[-45.8168024,-23.2189143],[-45.8166388,-23.2187122],[-45.8151099,-23.2169399],[-45.8145225,-23.2162571],[-45.8144767,-23.2162021],[-45.8144213,-23.2161682],[-45.8143636,-23.2161361],[-45.814324,-23.2160845],[-45.8142756,-23.2160101],[-45.8142114,-23.2159465],[-45.8140625,-23.2158997]]}},{"type":"Feature","id":696789285,"properties":{"osmId":696789285,"name":"","highway":"cycleway","cycleway":"","cyclewayLeft":"","cyclewayRight":"","surface":""},"geometry":{"type":"LineString","coordinates":[[-45.8266224,-23.2319724],[-45.8265775,-23.231909],[-45.8265128,-23.2318705],[-45.8261284,-23.2316354],[-45.8250019,-23.2305731],[-45.8242626,-23.2298685],[-45.8242278,-23.2298216],[-45.8240819,-23.2296217]]}},{"type":"Feature","id":696789286,"properties":{"osmId":696789286,"name":"","highway":"cycleway","cycleway":"","cyclewayLeft":"","cyclewayRight":"","surface":""},"geometry":{"type":"LineString","coordinates":[[-45.8272178,-23.2324411],[-45.8271684,-23.2324101],[-45.8267287,-23.2320999],[-45.8266927,-23.2320626],[-45.8266224,-23.2319724]]}},{"type":"Feature","id":696789287,"properties":{"osmId":696789287,"name":"","highway":"cycleway","cycleway":"","cyclewayLeft":"","cyclewayRight":"","surface":""},"geometry":{"type":"LineString","coordinates":[[-45.8266224,-23.2319724],[-45.8266767,-23.2319053],[-45.8267276,-23.2318548],[-45.8268446,-23.2315023],[-45.8272523,-23.2302281],[-45.8275875,-23.2291682],[-45.8276541,-23.2290622],[-45.8277179,-23.2290359],[-45.8279257,-23.2289052],[-45.8279545,-23.2288384],[-45.8280998,-23.2286481],[-45.8282152,-23.2285249],[-45.8287409,-23.228059],[-45.8291701,-23.2276474],[-45.8292908,-23.2275242],[-45.8293992,-23.2272817],[-45.8294316,-23.2272577],[-45.8295751,-23.227221]]}},{"type":"Feature","id":696789288,"properties":{"osmId":696789288,"name":"","highway":"cycleway","cycleway":"","cyclewayLeft":"","cyclewayRight":"","surface":""},"geometry":{"type":"LineString","coordinates":[[-45.833593,-23.2238491],[-45.8328205,-23.2245368],[-45.8323002,-23.2250199],[-45.8319354,-23.225434],[-45.8318469,-23.225503],[-45.8316028,-23.2255851],[-45.8315331,-23.2256213],[-45.8311924,-23.2260601],[-45.8310851,-23.2261611],[-45.8298401,-23.2271314],[-45.8298326,-23.2271372],[-45.8297514,-23.2271777],[-45.8296877,-23.2272062],[-45.8295751,-23.227221]]}},{"type":"Feature","id":727510246,"properties":{"osmId":727510246,"name":"","highway":"cycleway","cycleway":"","cyclewayLeft":"","cyclewayRight":"","surface":""},"geometry":{"type":"LineString","coordinates":[[-45.8868579,-23.2739806],[-45.8868064,-23.2740034],[-45.8867729,-23.2740149],[-45.8867084,-23.2740473],[-45.8866652,-23.2740667],[-45.8864515,-23.2741482],[-45.8863791,-23.2741825],[-45.8862997,-23.2742049],[-45.886169,-23.27425],[-45.8860406,-23.2743005],[-45.885932,-23.2743444],[-45.885833,-23.2743815],[-45.8856996,-23.2744324],[-45.8855163,-23.2744903],[-45.8854253,-23.2745182],[-45.8853375,-23.2745545],[-45.8852712,-23.2745814],[-45.8851743,-23.2746222],[-45.8850785,-23.2746619],[-45.8850085,-23.2746876],[-45.8849116,-23.274723],[-45.8848853,-23.2747334]]}},{"type":"Feature","id":727510247,"properties":{"osmId":727510247,"name":"","highway":"cycleway","cycleway":"","cyclewayLeft":"","cyclewayRight":"","surface":""},"geometry":{"type":"LineString","coordinates":[[-45.8848853,-23.2747334],[-45.8847119,-23.2747917],[-45.8844697,-23.2748731],[-45.8842052,-23.2749568],[-45.8839904,-23.2750287],[-45.883674,-23.2751402],[-45.8834522,-23.2752131],[-45.8832105,-23.2752936],[-45.883088,-23.2753343],[-45.8829047,-23.2753965],[-45.8827529,-23.2754448],[-45.8826641,-23.2754759],[-45.8825276,-23.2755209],[-45.8824236,-23.2755585],[-45.8823034,-23.2755971],[-45.8821061,-23.2756625],[-45.8817348,-23.275817],[-45.881492,-23.2758556],[-45.8812491,-23.2758716],[-45.8809549,-23.2758695],[-45.8807284,-23.2758695],[-45.8803093,-23.2758674],[-45.8794033,-23.2758738],[-45.8785534,-23.2758845],[-45.8781016,-23.2758995],[-45.8775739,-23.2759017],[-45.8768372,-23.2759081],[-45.87674,-23.2759097],[-45.876094,-23.2759207],[-45.8758226,-23.2759253],[-45.8756031,-23.2759328],[-45.8754957,-23.2759296],[-45.8754116,-23.2759145],[-45.8753066,-23.2758652],[-45.8749645,-23.2756389],[-45.8747835,-23.2755585],[-45.8744846,-23.2754759],[-45.8742346,-23.2754277],[-45.8741788,-23.2754169],[-45.873825,-23.2753762],[-45.8736265,-23.2753408],[-45.8734164,-23.275285],[-45.873288,-23.2752421],[-45.8732121,-23.2751896],[-45.8730953,-23.275093],[-45.8729678,-23.274962]]}},{"type":"Feature","id":727510248,"properties":{"osmId":727510248,"name":"","highway":"cycleway","cycleway":"","cyclewayLeft":"","cyclewayRight":"","surface":""},"geometry":{"type":"LineString","coordinates":[[-45.8729678,-23.274962],[-45.8728259,-23.2748562],[-45.8726989,-23.2747675],[-45.8726064,-23.2746778],[-45.8724357,-23.2745256],[-45.8722761,-23.2744472],[-45.8721328,-23.2744052],[-45.8719417,-23.2744015],[-45.871713,-23.2744089],[-45.8714041,-23.2744653],[-45.870986,-23.274543],[-45.8707178,-23.2746023],[-45.8705845,-23.2746231],[-45.8705238,-23.27461],[-45.8704015,-23.2745767],[-45.8703084,-23.2745555],[-45.8701498,-23.2745051],[-45.8697209,-23.2744117],[-45.8692981,-23.2743146],[-45.8689383,-23.2742138],[-45.8687576,-23.2741666],[-45.8686497,-23.2740999],[-45.8685135,-23.2740364],[-45.8683753,-23.273986],[-45.8682767,-23.2739599],[-45.8681588,-23.2739673],[-45.8680236,-23.2739206],[-45.867861,-23.2738665],[-45.8677827,-23.2738348],[-45.8676811,-23.2738011],[-45.8674717,-23.2737292],[-45.8672806,-23.2736685],[-45.8671983,-23.2736422]]}},{"type":"Feature","id":727510249,"properties":{"osmId":727510249,"name":"","highway":"cycleway","cycleway":"","cyclewayLeft":"","cyclewayRight":"","surface":""},"geometry":{"type":"LineString","coordinates":[[-45.8657409,-23.2730135],[-45.865629,-23.2729562],[-45.865622,-23.2729519],[-45.865377,-23.2728049],[-45.8651415,-23.2726537],[-45.8650695,-23.2726142],[-45.8650499,-23.2726004],[-45.8650225,-23.2725809],[-45.8649898,-23.2725615],[-45.8649403,-23.2725322],[-45.8647441,-23.2724269],[-45.8645405,-23.2723119],[-45.864448,-23.2722428],[-45.864386,-23.2721906],[-45.8643381,-23.272189],[-45.8642671,-23.2721886],[-45.8641567,-23.2721816],[-45.8639528,-23.2721831],[-45.8638105,-23.2721841],[-45.8636231,-23.2721854],[-45.8635327,-23.2721829],[-45.8633856,-23.272187],[-45.8631546,-23.272184],[-45.8630103,-23.2721839],[-45.8628236,-23.2721875]]}},{"type":"Feature","id":727510253,"properties":{"osmId":727510253,"name":"","highway":"cycleway","cycleway":"","cyclewayLeft":"","cyclewayRight":"","surface":""},"geometry":{"type":"LineString","coordinates":[[-45.8666611,-23.2734725],[-45.8665814,-23.2734547],[-45.8664391,-23.2734034],[-45.8662704,-23.2733343],[-45.8661647,-23.2732661],[-45.8658709,-23.2730925],[-45.8658109,-23.2730541],[-45.8658008,-23.2730482],[-45.8657719,-23.2730315],[-45.8657409,-23.2730135]]}},{"type":"Feature","id":727510255,"properties":{"osmId":727510255,"name":"","highway":"cycleway","cycleway":"","cyclewayLeft":"","cyclewayRight":"","surface":""},"geometry":{"type":"LineString","coordinates":[[-45.8667348,-23.2734978],[-45.8667201,-23.2734928],[-45.8666922,-23.2734832],[-45.8666611,-23.2734725]]}},{"type":"Feature","id":727510256,"properties":{"osmId":727510256,"name":"","highway":"cycleway","cycleway":"","cyclewayLeft":"","cyclewayRight":"","surface":""},"geometry":{"type":"LineString","coordinates":[[-45.8671983,-23.2736422],[-45.8670144,-23.2735864],[-45.8667348,-23.2734978]]}},{"type":"Feature","id":730684593,"properties":{"osmId":730684593,"name":"","highway":"cycleway","cycleway":"","cyclewayLeft":"","cyclewayRight":"","surface":"asphalt"},"geometry":{"type":"LineString","coordinates":[[-45.9649004,-23.299467],[-45.9649375,-23.2994334],[-45.964801,-23.2991692],[-45.9647122,-23.2989974],[-45.9647122,-23.2988816],[-45.9646237,-23.2987461],[-45.9645767,-23.2987154],[-45.9644059,-23.2982472],[-45.9643746,-23.2980963],[-45.964415,-23.2978954],[-45.9643686,-23.2978477],[-45.9642133,-23.2977311],[-45.9641932,-23.2974916],[-45.9640914,-23.2973014],[-45.9636527,-23.2967249],[-45.9631131,-23.2962136],[-45.9630987,-23.2961985],[-45.9622453,-23.2953876],[-45.9616679,-23.294839],[-45.960485,-23.2936786],[-45.960457,-23.2936513],[-45.9604033,-23.2935988],[-45.9603844,-23.2935633],[-45.9599658,-23.2931456],[-45.9591815,-23.2923631],[-45.9589795,-23.2920777]]}},{"type":"Feature","id":741999953,"properties":{"osmId":741999953,"name":"Avenida Iracy Pires de Almeida Puccini","highway":"primary","cycleway":"","cyclewayLeft":"","cyclewayRight":"track","surface":""},"geometry":{"type":"LineString","coordinates":[[-45.805838,-23.1642132],[-45.8057712,-23.1641436]]}},{"type":"Feature","id":741999955,"properties":{"osmId":741999955,"name":"Avenida Iracy Pires de Almeida Puccini","highway":"primary","cycleway":"","cyclewayLeft":"","cyclewayRight":"track","surface":""},"geometry":{"type":"LineString","coordinates":[[-45.8057712,-23.1641436],[-45.8057077,-23.1640803]]}},{"type":"Feature","id":741999956,"properties":{"osmId":741999956,"name":"Avenida Iracy Pires de Almeida Puccini","highway":"primary","cycleway":"","cyclewayLeft":"","cyclewayRight":"track","surface":""},"geometry":{"type":"LineString","coordinates":[[-45.8057077,-23.1640803],[-45.8056034,-23.1639886],[-45.8052991,-23.1637617],[-45.8051759,-23.163697]]}},{"type":"Feature","id":741999959,"properties":{"osmId":741999959,"name":"Rua Constância da Cunha Paiva","highway":"tertiary","cycleway":"","cyclewayLeft":"track","cyclewayRight":"","surface":""},"geometry":{"type":"LineString","coordinates":[[-45.8033758,-23.1651024],[-45.8042238,-23.1635846],[-45.8043312,-23.1633844],[-45.8043996,-23.1632674],[-45.8044393,-23.1632105],[-45.8045071,-23.1631184]]}},{"type":"Feature","id":744300282,"properties":{"osmId":744300282,"name":"Avenida Benedito Friggi","highway":"primary","cycleway":"","cyclewayLeft":"","cyclewayRight":"track","surface":""},"geometry":{"type":"LineString","coordinates":[[-45.8114473,-23.1705573],[-45.811597,-23.1707041]]}},{"type":"Feature","id":744300283,"properties":{"osmId":744300283,"name":"Avenida Benedito Friggi","highway":"primary","cycleway":"","cyclewayLeft":"","cyclewayRight":"track","surface":""},"geometry":{"type":"LineString","coordinates":[[-45.811597,-23.1707041],[-45.8116157,-23.170739],[-45.8116458,-23.1707994],[-45.8117071,-23.1708786],[-45.8122599,-23.1720592],[-45.812537,-23.1724154]]}},{"type":"Feature","id":744300285,"properties":{"osmId":744300285,"name":"Avenida Benedito Friggi","highway":"primary","cycleway":"","cyclewayLeft":"","cyclewayRight":"track","surface":""},"geometry":{"type":"LineString","coordinates":[[-45.8107627,-23.1699861],[-45.8112182,-23.1703557],[-45.8114473,-23.1705573]]}},{"type":"Feature","id":754630556,"properties":{"osmId":754630556,"name":"Avenida Doutor Adhemar de Barros","highway":"tertiary","cycleway":"","cyclewayLeft":"","cyclewayRight":"no","surface":"asphalt"},"geometry":{"type":"LineString","coordinates":[[-45.8917537,-23.1987772],[-45.8917789,-23.198851],[-45.8921088,-23.1997385],[-45.8923341,-23.2002805],[-45.8924498,-23.2005789],[-45.8925031,-23.2007164],[-45.8925311,-23.2007735],[-45.8925378,-23.2007907],[-45.8927368,-23.2013003],[-45.8927979,-23.2014567],[-45.8928196,-23.2015123],[-45.8929115,-23.2017262],[-45.8931799,-23.2024496],[-45.8932044,-23.2025156],[-45.8932287,-23.2025734],[-45.8935241,-23.2032757],[-45.8937101,-23.2037543],[-45.8937518,-23.2038614],[-45.8937724,-23.2039101],[-45.8937975,-23.2039817],[-45.8939949,-23.2044363],[-45.8941859,-23.2049209],[-45.8946365,-23.2062718],[-45.894666,-23.2063478],[-45.8947425,-23.2066065],[-45.8947813,-23.2067309],[-45.8950148,-23.207489],[-45.8952389,-23.2082003]]}},{"type":"Feature","id":754630567,"properties":{"osmId":754630567,"name":"Avenida São João","highway":"primary","cycleway":"","cyclewayLeft":"","cyclewayRight":"no","surface":"asphalt"},"geometry":{"type":"LineString","coordinates":[[-45.9065491,-23.2060368],[-45.9064272,-23.2059632],[-45.9063163,-23.2059169],[-45.9062918,-23.2059067],[-45.9061609,-23.2058738]]}},{"type":"Feature","id":754630570,"properties":{"osmId":754630570,"name":"Avenida São João","highway":"primary","cycleway":"","cyclewayLeft":"","cyclewayRight":"no","surface":"asphalt"},"geometry":{"type":"LineString","coordinates":[[-45.9029912,-23.2020757],[-45.9028872,-23.2019648],[-45.902846,-23.2019189]]}},{"type":"Feature","id":754630574,"properties":{"osmId":754630574,"name":"Avenida Doutor João Guilhermino","highway":"secondary","cycleway":"","cyclewayLeft":"","cyclewayRight":"no","surface":"asphalt"},"geometry":{"type":"LineString","coordinates":[[-45.8874917,-23.1900112],[-45.8870129,-23.1896172],[-45.8869572,-23.1895682]]}},{"type":"Feature","id":754630576,"properties":{"osmId":754630576,"name":"Avenida Doutor João Guilhermino","highway":"secondary","cycleway":"","cyclewayLeft":"","cyclewayRight":"no","surface":"asphalt"},"geometry":{"type":"LineString","coordinates":[[-45.8869572,-23.1895682],[-45.8859874,-23.1887123]]}},{"type":"Feature","id":756277392,"properties":{"osmId":756277392,"name":"","highway":"cycleway","cycleway":"","cyclewayLeft":"","cyclewayRight":"","surface":"asphalt"},"geometry":{"type":"LineString","coordinates":[[-45.8691499,-23.199279],[-45.8688076,-23.1995333],[-45.8686533,-23.1996768],[-45.8682483,-23.2000537],[-45.8680557,-23.2002329],[-45.8677989,-23.2004518],[-45.8677125,-23.2005656],[-45.8676308,-23.2006621],[-45.867563,-23.2007394],[-45.8674743,-23.2008188],[-45.8673613,-23.2008984],[-45.8673342,-23.2009175],[-45.8671684,-23.201012],[-45.8670867,-23.2010871],[-45.8670657,-23.2011429],[-45.8670377,-23.2012459],[-45.86704,-23.2013768],[-45.8670353,-23.2014927],[-45.8669956,-23.201615],[-45.8668369,-23.2017739],[-45.8667248,-23.2019241],[-45.8666477,-23.2020958],[-45.8666244,-23.202216],[-45.8665942,-23.2022526],[-45.8665216,-23.2023404],[-45.8663699,-23.2023748],[-45.866134,-23.2024778],[-45.8659823,-23.2026366],[-45.8657814,-23.2027868],[-45.8656624,-23.2029371],[-45.8654919,-23.2030894]]}},{"type":"Feature","id":756277417,"properties":{"osmId":756277417,"name":"","highway":"cycleway","cycleway":"","cyclewayLeft":"","cyclewayRight":"","surface":"asphalt"},"geometry":{"type":"LineString","coordinates":[[-45.8725434,-23.2028497],[-45.8725177,-23.2028272],[-45.8725798,-23.2026766],[-45.8725614,-23.2025429],[-45.8723725,-23.2023586],[-45.8721739,-23.2021752],[-45.8718261,-23.2018609],[-45.8716266,-23.2016793],[-45.8713446,-23.2013999],[-45.8710978,-23.201165],[-45.8708164,-23.2009082],[-45.8705591,-23.2006664],[-45.8702547,-23.2003777],[-45.8699483,-23.2000997],[-45.869675,-23.199811],[-45.8694066,-23.1995547],[-45.8692483,-23.1993807],[-45.8691499,-23.199279],[-45.8691186,-23.1992545],[-45.8690203,-23.1992577],[-45.8689504,-23.1992018],[-45.8689261,-23.1991242],[-45.8688818,-23.1990415],[-45.8681151,-23.198295],[-45.8669877,-23.197228]]}},{"type":"Feature","id":756277420,"properties":{"osmId":756277420,"name":"","highway":"cycleway","cycleway":"crossing","cyclewayLeft":"","cyclewayRight":"","surface":""},"geometry":{"type":"LineString","coordinates":[[-45.8669877,-23.197228],[-45.8670057,-23.1972088],[-45.867074,-23.1971423]]}},{"type":"Feature","id":756277421,"properties":{"osmId":756277421,"name":"","highway":"cycleway","cycleway":"","cyclewayLeft":"","cyclewayRight":"","surface":"asphalt"},"geometry":{"type":"LineString","coordinates":[[-45.867074,-23.1971423],[-45.8671004,-23.1971193],[-45.8670914,-23.197097],[-45.8670424,-23.1970574],[-45.8669954,-23.1969782],[-45.8669921,-23.1969184],[-45.8670372,-23.1968538],[-45.8671048,-23.1967884],[-45.867095,-23.1967625],[-45.8670841,-23.1967309]]}},{"type":"Feature","id":756675603,"properties":{"osmId":756675603,"name":"Rua Madre Paula de São José","highway":"secondary","cycleway":"","cyclewayLeft":"","cyclewayRight":"no","surface":"asphalt"},"geometry":{"type":"LineString","coordinates":[[-45.9026562,-23.2019876],[-45.9021451,-23.2021739],[-45.9018747,-23.2022589],[-45.9017768,-23.2022922],[-45.9009183,-23.2026013],[-45.9004558,-23.2027673],[-45.9003141,-23.2028182],[-45.8997138,-23.2030233],[-45.8987162,-23.2033536],[-45.8978582,-23.2036286],[-45.8977805,-23.2036389],[-45.8977276,-23.2036459],[-45.897642,-23.203654]]}},{"type":"Feature","id":768514197,"properties":{"osmId":768514197,"name":"","highway":"cycleway","cycleway":"","cyclewayLeft":"","cyclewayRight":"","surface":"concrete"},"geometry":{"type":"LineString","coordinates":[[-45.8011257,-23.1521637],[-45.8012094,-23.1522686],[-45.8013043,-23.1523875],[-45.8019325,-23.1531746],[-45.8022745,-23.153574],[-45.8029,-23.1542851],[-45.8031002,-23.1544947],[-45.8031594,-23.1545364],[-45.8032316,-23.1545872],[-45.8034072,-23.1548097],[-45.8035117,-23.1551243],[-45.8044181,-23.1564574],[-45.8046189,-23.156748],[-45.8047845,-23.1570652],[-45.8049392,-23.1574936],[-45.8049928,-23.1578192],[-45.8050653,-23.1581876],[-45.8051014,-23.1584685],[-45.805112,-23.158761],[-45.8050557,-23.1589163],[-45.8050289,-23.1591481],[-45.8050411,-23.1591976]]}},{"type":"Feature","id":768514198,"properties":{"osmId":768514198,"name":"","highway":"cycleway","cycleway":"","cyclewayLeft":"","cyclewayRight":"","surface":"concrete"},"geometry":{"type":"LineString","coordinates":[[-45.8050411,-23.1591976],[-45.8050953,-23.1598218],[-45.8050631,-23.1601325],[-45.8049785,-23.1604311],[-45.8048872,-23.1606469],[-45.8048502,-23.1607143]]}},{"type":"Feature","id":768514199,"properties":{"osmId":768514199,"name":"","highway":"cycleway","cycleway":"","cyclewayLeft":"","cyclewayRight":"","surface":"concrete"},"geometry":{"type":"LineString","coordinates":[[-45.8048502,-23.1607143],[-45.8044887,-23.1615051],[-45.8043644,-23.161777],[-45.8042713,-23.1620436],[-45.8042594,-23.1623044],[-45.8042851,-23.162539]]}},{"type":"Feature","id":768514200,"properties":{"osmId":768514200,"name":"","highway":"cycleway","cycleway":"","cyclewayLeft":"","cyclewayRight":"","surface":"concrete"},"geometry":{"type":"LineString","coordinates":[[-45.8042851,-23.162539],[-45.8044911,-23.1630245],[-45.8046285,-23.1631101]]}},{"type":"Feature","id":772030606,"properties":{"osmId":772030606,"name":"Avenida Deputado Benedito Matarazzo","highway":"primary","cycleway":"","cyclewayLeft":"","cyclewayRight":"track","surface":""},"geometry":{"type":"LineString","coordinates":[[-45.8926168,-23.2116285],[-45.8923967,-23.2118204],[-45.8923641,-23.2118596],[-45.8923467,-23.2119062],[-45.8923464,-23.2119556],[-45.8923632,-23.2120024],[-45.8924635,-23.2120979],[-45.89291,-23.2124942],[-45.8932252,-23.212774],[-45.8941225,-23.2136781],[-45.8942616,-23.2139288],[-45.894476,-23.2141679],[-45.8945189,-23.2142079],[-45.8946668,-23.2143407],[-45.8949369,-23.2145853],[-45.8953797,-23.2149862],[-45.8959103,-23.2154484],[-45.8963705,-23.2159183]]}},{"type":"Feature","id":772034146,"properties":{"osmId":772034146,"name":"","highway":"trunk_link","cycleway":"","cyclewayLeft":"","cyclewayRight":"track","surface":""},"geometry":{"type":"LineString","coordinates":[[-45.898582,-23.2117741],[-45.8984081,-23.2117798],[-45.8983732,-23.2117809],[-45.8981375,-23.2118204],[-45.8978337,-23.2118675],[-45.8976891,-23.2118776],[-45.8975444,-23.2118684],[-45.8974027,-23.2118402]]}},{"type":"Feature","id":772037041,"properties":{"osmId":772037041,"name":"Avenida Marechal Henrique Teixeira Lott","highway":"primary","cycleway":"","cyclewayLeft":"no","cyclewayRight":"separate","surface":"asphalt"},"geometry":{"type":"LineString","coordinates":[[-45.8816881,-23.2032109],[-45.8803204,-23.2016582]]}},{"type":"Feature","id":772037042,"properties":{"osmId":772037042,"name":"Avenida Marechal Henrique Teixeira Lott","highway":"primary","cycleway":"","cyclewayLeft":"no","cyclewayRight":"separate","surface":"asphalt"},"geometry":{"type":"LineString","coordinates":[[-45.8830437,-23.2044287],[-45.8816881,-23.2032109]]}},{"type":"Feature","id":772037043,"properties":{"osmId":772037043,"name":"Avenida Deputado Benedito Matarazzo","highway":"secondary","cycleway":"","cyclewayLeft":"","cyclewayRight":"no","surface":"asphalt"},"geometry":{"type":"LineString","coordinates":[[-45.8847561,-23.204936],[-45.8855168,-23.2056327]]}},{"type":"Feature","id":772037044,"properties":{"osmId":772037044,"name":"Avenida Deputado Benedito Matarazzo","highway":"secondary","cycleway":"","cyclewayLeft":"","cyclewayRight":"no","surface":"asphalt"},"geometry":{"type":"LineString","coordinates":[[-45.884021,-23.204266],[-45.8847561,-23.204936]]}},{"type":"Feature","id":772037045,"properties":{"osmId":772037045,"name":"Avenida Deputado Benedito Matarazzo","highway":"secondary","cycleway":"","cyclewayLeft":"","cyclewayRight":"no","surface":"asphalt"},"geometry":{"type":"LineString","coordinates":[[-45.8820896,-23.202511],[-45.8828291,-23.2031805],[-45.8831562,-23.2034766]]}},{"type":"Feature","id":772037046,"properties":{"osmId":772037046,"name":"Avenida Deputado Benedito Matarazzo","highway":"secondary","cycleway":"","cyclewayLeft":"","cyclewayRight":"no","surface":"asphalt"},"geometry":{"type":"LineString","coordinates":[[-45.8792915,-23.1998207],[-45.8797192,-23.2002148],[-45.8802269,-23.2007181],[-45.8804315,-23.200921],[-45.8810771,-23.2015609],[-45.8812004,-23.2016832],[-45.8812287,-23.2017112],[-45.8814548,-23.2019228],[-45.8815225,-23.2019861],[-45.8819428,-23.2023752],[-45.8820896,-23.202511]]}},{"type":"Feature","id":772037048,"properties":{"osmId":772037048,"name":"Avenida dos Astronautas","highway":"secondary","cycleway":"","cyclewayLeft":"no","cyclewayRight":"separate","surface":"asphalt"},"geometry":{"type":"LineString","coordinates":[[-45.8676265,-23.1947219],[-45.8665464,-23.1956396]]}},{"type":"Feature","id":772037055,"properties":{"osmId":772037055,"name":"","highway":"primary_link","cycleway":"","cyclewayLeft":"no","cyclewayRight":"separate","surface":""},"geometry":{"type":"LineString","coordinates":[[-45.8739872,-23.1967287],[-45.870291,-23.1948369]]}},{"type":"Feature","id":772037056,"properties":{"osmId":772037056,"name":"Rodovia Pres Dutrabr 116","highway":"primary","cycleway":"","cyclewayLeft":"no","cyclewayRight":"separate","surface":"asphalt"},"geometry":{"type":"LineString","coordinates":[[-45.8752858,-23.1975579],[-45.87466,-23.197192],[-45.8739872,-23.1967287]]}},{"type":"Feature","id":772037058,"properties":{"osmId":772037058,"name":"Rodovia Pres Dutrabr 116","highway":"primary","cycleway":"","cyclewayLeft":"no","cyclewayRight":"separate","surface":"asphalt"},"geometry":{"type":"LineString","coordinates":[[-45.8790779,-23.2004431],[-45.8782997,-23.1997653],[-45.8775959,-23.1992134],[-45.8767467,-23.19859]]}},{"type":"Feature","id":772037059,"properties":{"osmId":772037059,"name":"Rodovia Pres Dutrabr 116","highway":"primary","cycleway":"","cyclewayLeft":"no","cyclewayRight":"separate","surface":"asphalt"},"geometry":{"type":"LineString","coordinates":[[-45.8803204,-23.2016582],[-45.8790779,-23.2004431]]}},{"type":"Feature","id":774891227,"properties":{"osmId":774891227,"name":"Avenida Rodrigo Reis Tuy","highway":"primary_link","cycleway":"","cyclewayLeft":"","cyclewayRight":"track","surface":""},"geometry":{"type":"LineString","coordinates":[[-45.9028765,-23.2094041],[-45.9025063,-23.2095592],[-45.9021107,-23.2097013],[-45.9019002,-23.2097382]]}},{"type":"Feature","id":786457317,"properties":{"osmId":786457317,"name":"","highway":"cycleway","cycleway":"","cyclewayLeft":"","cyclewayRight":"","surface":"paving_stones"},"geometry":{"type":"LineString","coordinates":[[-45.9307801,-23.1955888],[-45.9297991,-23.1958708]]}},{"type":"Feature","id":786457318,"properties":{"osmId":786457318,"name":"","highway":"cycleway","cycleway":"","cyclewayLeft":"","cyclewayRight":"","surface":"paving_stones"},"geometry":{"type":"LineString","coordinates":[[-45.931593,-23.1954105],[-45.9313622,-23.1954532],[-45.9307801,-23.1955888]]}},{"type":"Feature","id":789762331,"properties":{"osmId":789762331,"name":"Rua Genésia Berardineli Tarantino","highway":"tertiary","cycleway":"","cyclewayLeft":"","cyclewayRight":"no","surface":"asphalt"},"geometry":{"type":"LineString","coordinates":[[-45.8752451,-23.1929321],[-45.8744869,-23.1937412],[-45.8744457,-23.1937843]]}},{"type":"Feature","id":789762332,"properties":{"osmId":789762332,"name":"Rua Genésia Berardineli Tarantino","highway":"secondary","cycleway":"","cyclewayLeft":"","cyclewayRight":"no","surface":"asphalt"},"geometry":{"type":"LineString","coordinates":[[-45.8767407,-23.1913914],[-45.8762201,-23.1919354],[-45.8760415,-23.1921254],[-45.875616,-23.1925508],[-45.8755552,-23.1926116]]}},{"type":"Feature","id":789762333,"properties":{"osmId":789762333,"name":"Rua Itororó","highway":"tertiary","cycleway":"","cyclewayLeft":"","cyclewayRight":"no","surface":"asphalt"},"geometry":{"type":"LineString","coordinates":[[-45.8785205,-23.1926114],[-45.8784443,-23.1925351],[-45.8783138,-23.1924044]]}},{"type":"Feature","id":789762334,"properties":{"osmId":789762334,"name":"Rua Itororó","highway":"tertiary","cycleway":"","cyclewayLeft":"","cyclewayRight":"no","surface":"asphalt"},"geometry":{"type":"LineString","coordinates":[[-45.8793478,-23.193064],[-45.8790768,-23.192923],[-45.8789069,-23.1928661]]}},{"type":"Feature","id":789771649,"properties":{"osmId":789771649,"name":"Rua Genésia Berardineli Tarantino","highway":"tertiary","cycleway":"","cyclewayLeft":"","cyclewayRight":"no","surface":"asphalt"},"geometry":{"type":"LineString","coordinates":[[-45.8754474,-23.1927313],[-45.8752922,-23.1928854],[-45.8752451,-23.1929321]]}},{"type":"Feature","id":803035621,"properties":{"osmId":803035621,"name":"","highway":"cycleway","cycleway":"","cyclewayLeft":"","cyclewayRight":"","surface":"asphalt"},"geometry":{"type":"LineString","coordinates":[[-45.8931963,-23.1937006],[-45.8932481,-23.193902],[-45.8932645,-23.193957],[-45.8933046,-23.194092],[-45.8933214,-23.1941483],[-45.8933246,-23.1941593],[-45.8934005,-23.1944144],[-45.8935645,-23.1948846],[-45.8936467,-23.1950921],[-45.8938562,-23.1956211],[-45.8940773,-23.1961796],[-45.8941893,-23.1964623],[-45.8943248,-23.1968045],[-45.8947159,-23.1977922],[-45.8954998,-23.1997716],[-45.8957616,-23.2004329],[-45.8960239,-23.201095],[-45.896297,-23.2017849],[-45.8965063,-23.2023133],[-45.8965557,-23.2024536],[-45.8966772,-23.2028017],[-45.8968413,-23.2031671],[-45.8969445,-23.2034911]]}},{"type":"Feature","id":814582318,"properties":{"osmId":814582318,"name":"","highway":"cycleway","cycleway":"","cyclewayLeft":"","cyclewayRight":"","surface":""},"geometry":{"type":"LineString","coordinates":[[-45.8639394,-23.1843272],[-45.8633547,-23.184818],[-45.8632918,-23.1848835],[-45.86316,-23.1850714],[-45.8630983,-23.1851478],[-45.8629546,-23.1852825],[-45.8628453,-23.185429],[-45.8624843,-23.1863891],[-45.8621516,-23.1873713],[-45.8620983,-23.1874937],[-45.8620326,-23.1876197],[-45.8619125,-23.1877741],[-45.8617644,-23.1879055],[-45.8616331,-23.1880057],[-45.861357,-23.1881157],[-45.8611104,-23.1881629],[-45.8608284,-23.1881601],[-45.860771,-23.1881509],[-45.859852,-23.1880035],[-45.859551,-23.1879808],[-45.8592415,-23.1879775],[-45.8589154,-23.1879961],[-45.858584,-23.1880472]]}},{"type":"Feature","id":814582319,"properties":{"osmId":814582319,"name":"","highway":"cycleway","cycleway":"","cyclewayLeft":"","cyclewayRight":"","surface":""},"geometry":{"type":"LineString","coordinates":[[-45.8394664,-23.2167326],[-45.8395462,-23.217031]]}},{"type":"Feature","id":814582320,"properties":{"osmId":814582320,"name":"","highway":"cycleway","cycleway":"","cyclewayLeft":"","cyclewayRight":"","surface":""},"geometry":{"type":"LineString","coordinates":[[-45.839434,-23.2165892],[-45.8394664,-23.2167326]]}},{"type":"Feature","id":814582321,"properties":{"osmId":814582321,"name":"","highway":"cycleway","cycleway":"","cyclewayLeft":"","cyclewayRight":"","surface":"asphalt"},"geometry":{"type":"LineString","coordinates":[[-45.8426927,-23.2109407],[-45.842544,-23.211048],[-45.8423859,-23.2111618],[-45.8422132,-23.2112698],[-45.8418876,-23.2114739],[-45.8411904,-23.2118835],[-45.8408277,-23.2120875],[-45.8405174,-23.2122997],[-45.8402772,-23.2124995],[-45.8401107,-23.2126543],[-45.8399692,-23.2128098],[-45.8398122,-23.2129943],[-45.8396754,-23.2131855],[-45.8395433,-23.2134124],[-45.839485,-23.2135195],[-45.8394324,-23.2136352],[-45.839319,-23.2138995],[-45.8392761,-23.2140311],[-45.8392411,-23.2141654],[-45.839115,-23.2148306],[-45.8392458,-23.2158478],[-45.839434,-23.2165892]]}},{"type":"Feature","id":814582322,"properties":{"osmId":814582322,"name":"","highway":"cycleway","cycleway":"","cyclewayLeft":"","cyclewayRight":"","surface":""},"geometry":{"type":"LineString","coordinates":[[-45.8427953,-23.2108595],[-45.8426927,-23.2109407]]}},{"type":"Feature","id":814582323,"properties":{"osmId":814582323,"name":"","highway":"cycleway","cycleway":"","cyclewayLeft":"","cyclewayRight":"","surface":""},"geometry":{"type":"LineString","coordinates":[[-45.8395845,-23.2171818],[-45.839638,-23.2173928],[-45.8398622,-23.2179679],[-45.8399649,-23.2184443],[-45.8400163,-23.2187319],[-45.8399836,-23.2189336],[-45.8403992,-23.2203069],[-45.8404039,-23.2207104],[-45.8403852,-23.2217103],[-45.8403834,-23.2218071]]}},{"type":"Feature","id":814582324,"properties":{"osmId":814582324,"name":"","highway":"cycleway","cycleway":"","cyclewayLeft":"","cyclewayRight":"","surface":""},"geometry":{"type":"LineString","coordinates":[[-45.8395462,-23.217031],[-45.8395845,-23.2171818]]}},{"type":"Feature","id":814582325,"properties":{"osmId":814582325,"name":"","highway":"cycleway","cycleway":"","cyclewayLeft":"","cyclewayRight":"","surface":""},"geometry":{"type":"LineString","coordinates":[[-45.847142,-23.2029247],[-45.8470646,-23.2030558],[-45.8461247,-23.2051778],[-45.8455222,-23.2064097],[-45.8452327,-23.2070964],[-45.8445555,-23.2085986],[-45.8441493,-23.209294],[-45.8433834,-23.2102854],[-45.843149,-23.2105699],[-45.8427953,-23.2108595]]}},{"type":"Feature","id":814582326,"properties":{"osmId":814582326,"name":"","highway":"cycleway","cycleway":"","cyclewayLeft":"","cyclewayRight":"","surface":""},"geometry":{"type":"LineString","coordinates":[[-45.8471888,-23.2028455],[-45.847142,-23.2029247]]}},{"type":"Feature","id":814582327,"properties":{"osmId":814582327,"name":"","highway":"cycleway","cycleway":"","cyclewayLeft":"","cyclewayRight":"","surface":""},"geometry":{"type":"LineString","coordinates":[[-45.8403821,-23.2218728],[-45.8403759,-23.222191],[-45.8404553,-23.2227832],[-45.8405954,-23.2233025],[-45.8410437,-23.2239505],[-45.8415527,-23.2244527],[-45.843704,-23.2263853]]}},{"type":"Feature","id":814582328,"properties":{"osmId":814582328,"name":"","highway":"cycleway","cycleway":"","cyclewayLeft":"","cyclewayRight":"","surface":""},"geometry":{"type":"LineString","coordinates":[[-45.8403834,-23.2218071],[-45.8403821,-23.2218728]]}},{"type":"Feature","id":814582329,"properties":{"osmId":814582329,"name":"","highway":"cycleway","cycleway":"","cyclewayLeft":"","cyclewayRight":"","surface":""},"geometry":{"type":"LineString","coordinates":[[-45.8569863,-23.1888148],[-45.8566572,-23.1891645]]}},{"type":"Feature","id":814582330,"properties":{"osmId":814582330,"name":"","highway":"cycleway","cycleway":"","cyclewayLeft":"","cyclewayRight":"","surface":""},"geometry":{"type":"LineString","coordinates":[[-45.858584,-23.1880472],[-45.8582651,-23.1881466],[-45.8580953,-23.1881995],[-45.8579083,-23.1882691],[-45.8575704,-23.1884292],[-45.8572722,-23.1886121],[-45.8569863,-23.1888148]]}},{"type":"Feature","id":814582331,"properties":{"osmId":814582331,"name":"","highway":"cycleway","cycleway":"","cyclewayLeft":"","cyclewayRight":"","surface":""},"geometry":{"type":"LineString","coordinates":[[-45.843767,-23.2264419],[-45.8438397,-23.2265884],[-45.8442053,-23.227092],[-45.8444312,-23.2276129],[-45.8444621,-23.2276842],[-45.8446116,-23.2286068],[-45.8446087,-23.228663]]}},{"type":"Feature","id":814582332,"properties":{"osmId":814582332,"name":"","highway":"cycleway","cycleway":"","cyclewayLeft":"","cyclewayRight":"","surface":""},"geometry":{"type":"LineString","coordinates":[[-45.843704,-23.2263853],[-45.843767,-23.2264419]]}},{"type":"Feature","id":814582333,"properties":{"osmId":814582333,"name":"","highway":"cycleway","cycleway":"","cyclewayLeft":"","cyclewayRight":"","surface":""},"geometry":{"type":"LineString","coordinates":[[-45.8565593,-23.1892686],[-45.8565384,-23.1892907],[-45.8561951,-23.1898714],[-45.8558048,-23.1910825],[-45.8544231,-23.1951825],[-45.8543661,-23.1953319],[-45.8541648,-23.1958994],[-45.8540694,-23.1961429],[-45.8536222,-23.1970883],[-45.8534027,-23.1975554],[-45.8531913,-23.1981832],[-45.8529921,-23.1986353],[-45.8525449,-23.1993565],[-45.8518172,-23.2001562],[-45.8513009,-23.2005373],[-45.8506992,-23.2008512],[-45.849077,-23.2014603],[-45.8485241,-23.201677],[-45.8481095,-23.2018825],[-45.8476379,-23.2022674],[-45.8474021,-23.2024841],[-45.8471888,-23.2028455]]}},{"type":"Feature","id":814582334,"properties":{"osmId":814582334,"name":"","highway":"cycleway","cycleway":"","cyclewayLeft":"","cyclewayRight":"","surface":""},"geometry":{"type":"LineString","coordinates":[[-45.8566572,-23.1891645],[-45.8565593,-23.1892686]]}},{"type":"Feature","id":814582335,"properties":{"osmId":814582335,"name":"","highway":"cycleway","cycleway":"","cyclewayLeft":"","cyclewayRight":"","surface":""},"geometry":{"type":"LineString","coordinates":[[-45.8446033,-23.2287659],[-45.8445976,-23.2288772],[-45.8446142,-23.229645],[-45.8446336,-23.2308935],[-45.8448023,-23.231544],[-45.8455121,-23.2344681],[-45.8457151,-23.2364128]]}},{"type":"Feature","id":814582336,"properties":{"osmId":814582336,"name":"","highway":"cycleway","cycleway":"","cyclewayLeft":"","cyclewayRight":"","surface":""},"geometry":{"type":"LineString","coordinates":[[-45.8446087,-23.228663],[-45.8446033,-23.2287659]]}},{"type":"Feature","id":816209323,"properties":{"osmId":816209323,"name":"Avenida Jorge Zarur","highway":"primary","cycleway":"","cyclewayLeft":"","cyclewayRight":"no","surface":"asphalt"},"geometry":{"type":"LineString","coordinates":[[-45.9044511,-23.2084762],[-45.9043125,-23.2086527],[-45.904227,-23.2087384],[-45.9041321,-23.2088219],[-45.9038724,-23.2090144],[-45.9037597,-23.2090851],[-45.9035826,-23.2091667]]}},{"type":"Feature","id":816210705,"properties":{"osmId":816210705,"name":"Avenida São João","highway":"secondary","cycleway":"","cyclewayLeft":"","cyclewayRight":"no","surface":"asphalt"},"geometry":{"type":"LineString","coordinates":[[-45.9049161,-23.2039978],[-45.9050613,-23.2040785]]}},{"type":"Feature","id":818455470,"properties":{"osmId":818455470,"name":"Rua Antônio Galvão Júnior","highway":"primary","cycleway":"","cyclewayLeft":"lane","cyclewayRight":"","surface":"asphalt"},"geometry":{"type":"LineString","coordinates":[[-45.7763613,-23.134245],[-45.7750261,-23.1337919],[-45.7747515,-23.1337044],[-45.7745347,-23.1336209],[-45.7742693,-23.1335186],[-45.7736239,-23.1333055],[-45.7732193,-23.1331723],[-45.7723792,-23.1328946],[-45.7720955,-23.1328008],[-45.772047,-23.1327848],[-45.7718164,-23.132709],[-45.7716111,-23.1326388],[-45.771142,-23.1324783],[-45.769747,-23.1320011],[-45.7691496,-23.1318099]]}},{"type":"Feature","id":822997662,"properties":{"osmId":822997662,"name":"","highway":"cycleway","cycleway":"","cyclewayLeft":"","cyclewayRight":"","surface":"concrete"},"geometry":{"type":"LineString","coordinates":[[-45.9268706,-23.2917191],[-45.9264149,-23.2925724],[-45.9263046,-23.2927794]]}},{"type":"Feature","id":822997663,"properties":{"osmId":822997663,"name":"","highway":"cycleway","cycleway":"","cyclewayLeft":"","cyclewayRight":"","surface":"concrete"},"geometry":{"type":"LineString","coordinates":[[-45.9263046,-23.2927794],[-45.9256452,-23.2940625],[-45.9254253,-23.2944731],[-45.9253239,-23.2946686],[-45.92522,-23.2948682],[-45.9251177,-23.2950757],[-45.9250788,-23.2951681],[-45.9250667,-23.2952124],[-45.9250661,-23.2952631],[-45.9250748,-23.2953528],[-45.9250958,-23.2954218],[-45.9259742,-23.2966512]]}},{"type":"Feature","id":823467512,"properties":{"osmId":823467512,"name":"","highway":"cycleway","cycleway":"","cyclewayLeft":"","cyclewayRight":"","surface":"ground"},"geometry":{"type":"LineString","coordinates":[[-45.8011257,-23.1521637],[-45.8007426,-23.1518155],[-45.7981798,-23.14965]]}},{"type":"Feature","id":823469306,"properties":{"osmId":823469306,"name":"","highway":"cycleway","cycleway":"","cyclewayLeft":"","cyclewayRight":"","surface":""},"geometry":{"type":"LineString","coordinates":[[-45.7954965,-23.1462785],[-45.7954406,-23.1462625],[-45.7954017,-23.1462347],[-45.7949243,-23.1455921],[-45.7946881,-23.1453538],[-45.7945062,-23.1452128],[-45.7943748,-23.1451267],[-45.794256,-23.1450253],[-45.7940095,-23.14481],[-45.7938616,-23.1446627],[-45.7935628,-23.1442972],[-45.7933902,-23.1441385],[-45.7932855,-23.1440705],[-45.792581,-23.1437885],[-45.7925776,-23.1437871],[-45.7897981,-23.1427168],[-45.7896043,-23.142618],[-45.7892161,-23.1424282],[-45.7888566,-23.1421791],[-45.7886474,-23.1420065],[-45.788516,-23.1418314],[-45.7884409,-23.1417154],[-45.7879903,-23.1405932],[-45.7878822,-23.1403887]]}},{"type":"Feature","id":824924294,"properties":{"osmId":824924294,"name":"","highway":"footway","cycleway":"lane","cyclewayLeft":"","cyclewayRight":"","surface":"sand"},"geometry":{"type":"LineString","coordinates":[[-45.8899886,-23.1716077],[-45.8897834,-23.1715555]]}},{"type":"Feature","id":826311301,"properties":{"osmId":826311301,"name":"Rodovia Nilo Máximo","highway":"primary","cycleway":"","cyclewayLeft":"lane","cyclewayRight":"","surface":"asphalt"},"geometry":{"type":"LineString","coordinates":[[-45.9516691,-23.2976492],[-45.9506013,-23.2985524]]}},{"type":"Feature","id":827713949,"properties":{"osmId":827713949,"name":"","highway":"cycleway","cycleway":"","cyclewayLeft":"","cyclewayRight":"","surface":""},"geometry":{"type":"LineString","coordinates":[[-45.906397,-23.2419278],[-45.9054448,-23.2397919],[-45.9053712,-23.2397468]]}},{"type":"Feature","id":827713968,"properties":{"osmId":827713968,"name":"","highway":"cycleway","cycleway":"","cyclewayLeft":"","cyclewayRight":"","surface":"concrete"},"geometry":{"type":"LineString","coordinates":[[-45.9065554,-23.2421411],[-45.9066062,-23.2422732],[-45.9066167,-23.2423422],[-45.9066273,-23.2424113],[-45.9066437,-23.2425218],[-45.9066798,-23.2425682],[-45.9067437,-23.2426503],[-45.9068071,-23.2429633],[-45.9067946,-23.2430717],[-45.9075973,-23.2461353],[-45.9078254,-23.2470237],[-45.9078873,-23.2472846],[-45.907948,-23.2474891],[-45.9080514,-23.2479133],[-45.9080976,-23.2480937],[-45.9085312,-23.2497863],[-45.9085229,-23.2498456],[-45.9085151,-23.2499016],[-45.9085456,-23.2499566],[-45.9085581,-23.2500304],[-45.9086266,-23.250202]]}},{"type":"Feature","id":827736518,"properties":{"osmId":827736518,"name":"Rua Candeias","highway":"secondary","cycleway":"","cyclewayLeft":"","cyclewayRight":"lane","surface":"asphalt"},"geometry":{"type":"LineString","coordinates":[[-45.910665,-23.2578966],[-45.9109452,-23.2588727]]}},{"type":"Feature","id":827736520,"properties":{"osmId":827736520,"name":"Rua Candeias","highway":"secondary","cycleway":"","cyclewayLeft":"lane","cyclewayRight":"","surface":"asphalt"},"geometry":{"type":"LineString","coordinates":[[-45.9112637,-23.2600355],[-45.9113053,-23.260188],[-45.9113258,-23.2602632],[-45.9118294,-23.2621505],[-45.9118512,-23.2622322],[-45.911888,-23.2623668],[-45.9121227,-23.2631998]]}},{"type":"Feature","id":827767318,"properties":{"osmId":827767318,"name":"Rua Pedro Gonçalves","highway":"tertiary","cycleway":"","cyclewayLeft":"lane","cyclewayRight":"","surface":"asphalt"},"geometry":{"type":"LineString","coordinates":[[-45.9402042,-23.3146441],[-45.9402269,-23.3145564],[-45.9402283,-23.3144517],[-45.9402145,-23.314364],[-45.9401706,-23.3141549],[-45.9401057,-23.3138644],[-45.9397665,-23.3123061]]}},{"type":"Feature","id":828191545,"properties":{"osmId":828191545,"name":"Rodovia Nilo Máximo","highway":"primary","cycleway":"","cyclewayLeft":"lane","cyclewayRight":"","surface":"asphalt"},"geometry":{"type":"LineString","coordinates":[[-45.9472511,-23.3023177],[-45.9467447,-23.3029161],[-45.9463317,-23.3034506],[-45.9462007,-23.3036174],[-45.9460687,-23.3038399],[-45.9459212,-23.3040419],[-45.9456476,-23.3043485],[-45.945244,-23.3047242],[-45.9449819,-23.3049776],[-45.9447277,-23.3052622],[-45.944409,-23.3056296],[-45.9443408,-23.3057166],[-45.9438827,-23.3062506],[-45.9435556,-23.306575],[-45.94324,-23.3068404],[-45.9430746,-23.3069629],[-45.9429166,-23.3070963],[-45.9425775,-23.3075074],[-45.9424113,-23.3077465],[-45.9423135,-23.3078994],[-45.9422429,-23.3080479]]}},{"type":"Feature","id":828236775,"properties":{"osmId":828236775,"name":"Rodovia Nilo Máximo","highway":"primary","cycleway":"","cyclewayLeft":"lane","cyclewayRight":"","surface":"asphalt"},"geometry":{"type":"LineString","coordinates":[[-45.9506013,-23.2985524],[-45.9501112,-23.2989917],[-45.9500442,-23.2990632],[-45.9497166,-23.2994128],[-45.9495114,-23.2996506],[-45.9494933,-23.2996683],[-45.9492051,-23.2999929],[-45.9491277,-23.3000873],[-45.9486857,-23.3006061],[-45.9478638,-23.3015743],[-45.9472511,-23.3023177]]}},{"type":"Feature","id":828236776,"properties":{"osmId":828236776,"name":"Avenida G. C. Josué Sant'Ana","highway":"primary","cycleway":"","cyclewayLeft":"lane","cyclewayRight":"","surface":"asphalt"},"geometry":{"type":"LineString","coordinates":[[-45.9503577,-23.2982883],[-45.9506129,-23.2981086],[-45.9510823,-23.297845],[-45.9515513,-23.2974575],[-45.9516014,-23.2974148],[-45.9519876,-23.2971141],[-45.9525115,-23.2966396],[-45.9526544,-23.2965526],[-45.9528095,-23.2964884],[-45.9530304,-23.2964266],[-45.9531455,-23.2964095],[-45.9536412,-23.2963476],[-45.9537571,-23.2963345],[-45.9539033,-23.2963153],[-45.9540904,-23.2962898],[-45.9544461,-23.2962311]]}},{"type":"Feature","id":831792245,"properties":{"osmId":831792245,"name":"","highway":"cycleway","cycleway":"","cyclewayLeft":"","cyclewayRight":"","surface":""},"geometry":{"type":"LineString","coordinates":[[-45.8929362,-23.2386157],[-45.8926714,-23.2391625],[-45.8923549,-23.2397737],[-45.8922583,-23.2399955],[-45.8921456,-23.2401335],[-45.8920357,-23.2402469],[-45.8919847,-23.2403455],[-45.8919472,-23.2405057],[-45.8918828,-23.2406511],[-45.8917648,-23.2407743],[-45.8916333,-23.2409049],[-45.8915582,-23.2410331],[-45.8915502,-23.2411563],[-45.8915556,-23.2413313],[-45.891526,-23.2414841],[-45.891518,-23.2415999],[-45.89151,-23.241738],[-45.8915019,-23.2418489],[-45.8914375,-23.2419425],[-45.891349,-23.2420584],[-45.8913168,-23.2421372],[-45.8912122,-23.242566],[-45.8911076,-23.2428692],[-45.8910191,-23.2430861],[-45.890944,-23.2432315],[-45.890885,-23.2433695],[-45.8908394,-23.2435124],[-45.8908233,-23.243611],[-45.8907804,-23.2436948],[-45.8906838,-23.2437983],[-45.8906195,-23.2438993],[-45.8905846,-23.2440053],[-45.8905229,-23.2441828],[-45.8904746,-23.2443257],[-45.8904183,-23.244476],[-45.8903593,-23.2446412],[-45.8903083,-23.2448433],[-45.8902848,-23.2449498]]}},{"type":"Feature","id":832767205,"properties":{"osmId":832767205,"name":"Avenida José Theodoro de Siqueira","highway":"secondary","cycleway":"","cyclewayLeft":"","cyclewayRight":"lane","surface":"asphalt"},"geometry":{"type":"LineString","coordinates":[[-45.9450622,-23.3064311],[-45.9450464,-23.3063809],[-45.9448506,-23.3057577]]}},{"type":"Feature","id":835371539,"properties":{"osmId":835371539,"name":"Rua Pedro Gonçalves","highway":"tertiary","cycleway":"lane","cyclewayLeft":"","cyclewayRight":"","surface":"asphalt"},"geometry":{"type":"LineString","coordinates":[[-45.9397665,-23.3123061],[-45.9396766,-23.3118831]]}},{"type":"Feature","id":835620131,"properties":{"osmId":835620131,"name":"Avenida São Jorge","highway":"secondary","cycleway":"lane","cyclewayLeft":"","cyclewayRight":"","surface":"asphalt"},"geometry":{"type":"LineString","coordinates":[[-45.9307102,-23.3032247],[-45.9306783,-23.3031817],[-45.9304331,-23.3028453],[-45.9298083,-23.301978],[-45.9288698,-23.3007036],[-45.9287159,-23.3004809],[-45.9284131,-23.3000566],[-45.9280849,-23.2996218],[-45.9279135,-23.2993889],[-45.9274303,-23.2987321],[-45.9270251,-23.2981739],[-45.9269877,-23.298118],[-45.9263504,-23.2972402]]}},{"type":"Feature","id":837851771,"properties":{"osmId":837851771,"name":"Avenida dos Astronautas","highway":"secondary","cycleway":"","cyclewayLeft":"no","cyclewayRight":"separate","surface":"asphalt"},"geometry":{"type":"LineString","coordinates":[[-45.86093,-23.2056101],[-45.8608929,-23.2056488]]}},{"type":"Feature","id":845098137,"properties":{"osmId":845098137,"name":"Ponte Maria Peregrina","highway":"secondary","cycleway":"","cyclewayLeft":"","cyclewayRight":"track","surface":"asphalt"},"geometry":{"type":"LineString","coordinates":[[-45.9036986,-23.161727],[-45.9035651,-23.161874]]}},{"type":"Feature","id":860559345,"properties":{"osmId":860559345,"name":"Rua Ana Maria Nardo Silva","highway":"secondary","cycleway":"","cyclewayLeft":"","cyclewayRight":"track","surface":"asphalt"},"geometry":{"type":"LineString","coordinates":[[-45.9128409,-23.1990674],[-45.9126397,-23.1988166]]}},{"type":"Feature","id":860559346,"properties":{"osmId":860559346,"name":"Rua Ana Maria Nardo Silva","highway":"secondary","cycleway":"","cyclewayLeft":"","cyclewayRight":"track","surface":"asphalt"},"geometry":{"type":"LineString","coordinates":[[-45.9126397,-23.1988166],[-45.9125685,-23.198725]]}},{"type":"Feature","id":860564389,"properties":{"osmId":860564389,"name":"Via Cambuí","highway":"primary","cycleway":"","cyclewayLeft":"","cyclewayRight":"track","surface":""},"geometry":{"type":"LineString","coordinates":[[-45.8454055,-23.2409974],[-45.8454092,-23.2408563],[-45.8454859,-23.2403738],[-45.8455796,-23.239807]]}},{"type":"Feature","id":872749291,"properties":{"osmId":872749291,"name":"","highway":"cycleway","cycleway":"","cyclewayLeft":"","cyclewayRight":"","surface":"asphalt"},"geometry":{"type":"LineString","coordinates":[[-45.9538968,-23.2873947],[-45.953843,-23.2874397],[-45.9537869,-23.287504],[-45.9537636,-23.2875748],[-45.9537636,-23.2876456],[-45.9537636,-23.2877185],[-45.9537869,-23.2878021],[-45.9540897,-23.2886691],[-45.95438,-23.2895072],[-45.9546673,-23.2902477],[-45.9546929,-23.2903136],[-45.9548627,-23.2905734],[-45.9554262,-23.2914472]]}},{"type":"Feature","id":877732536,"properties":{"osmId":877732536,"name":"Estrada Municipal Dom José Antônio Couto","highway":"secondary","cycleway":"","cyclewayLeft":"","cyclewayRight":"track","surface":"asphalt"},"geometry":{"type":"LineString","coordinates":[[-45.811955,-23.1900186],[-45.8120749,-23.190354],[-45.8121903,-23.1908083],[-45.8122399,-23.1910352],[-45.8122825,-23.1912439],[-45.8123067,-23.191417]]}},{"type":"Feature","id":883153435,"properties":{"osmId":883153435,"name":"","highway":"secondary","cycleway":"","cyclewayLeft":"","cyclewayRight":"track","surface":"asphalt"},"geometry":{"type":"LineString","coordinates":[[-45.9023561,-23.1632516],[-45.9022643,-23.16334]]}},{"type":"Feature","id":883153437,"properties":{"osmId":883153437,"name":"Ponte Maria Peregrina","highway":"secondary","cycleway":"","cyclewayLeft":"","cyclewayRight":"track","surface":"asphalt"},"geometry":{"type":"LineString","coordinates":[[-45.9035651,-23.161874],[-45.9023561,-23.1632516]]}},{"type":"Feature","id":883676015,"properties":{"osmId":883676015,"name":"Estrada Municipal Dom José Antônio Couto","highway":"secondary","cycleway":"","cyclewayLeft":"","cyclewayRight":"track","surface":"asphalt"},"geometry":{"type":"LineString","coordinates":[[-45.8053909,-23.21257],[-45.8053843,-23.2124322],[-45.8053742,-23.2122096],[-45.8053584,-23.2116022],[-45.805346,-23.2094184],[-45.8053574,-23.2093173],[-45.8053762,-23.2092248],[-45.805409,-23.2091114]]}},{"type":"Feature","id":884629388,"properties":{"osmId":884629388,"name":"Avenida Heitor Villa Lobos","highway":"tertiary","cycleway":"","cyclewayLeft":"","cyclewayRight":"no","surface":"asphalt"},"geometry":{"type":"LineString","coordinates":[[-45.8856659,-23.2056271],[-45.8856617,-23.2056471],[-45.8856585,-23.2056629],[-45.8856174,-23.2057203]]}},{"type":"Feature","id":884654249,"properties":{"osmId":884654249,"name":"Rua Genésia Berardineli Tarantino","highway":"tertiary","cycleway":"","cyclewayLeft":"","cyclewayRight":"no","surface":"asphalt"},"geometry":{"type":"LineString","coordinates":[[-45.8730872,-23.195216],[-45.8728885,-23.1954235]]}},{"type":"Feature","id":884680635,"properties":{"osmId":884680635,"name":"Rua Roma","highway":"secondary","cycleway":"","cyclewayLeft":"","cyclewayRight":"no","surface":"asphalt"},"geometry":{"type":"LineString","coordinates":[[-45.8805322,-23.1966742],[-45.8804728,-23.1966424]]}},{"type":"Feature","id":885101451,"properties":{"osmId":885101451,"name":"Ponte Leonardo Kunimitsu Suzuki","highway":"primary","cycleway":"","cyclewayLeft":"","cyclewayRight":"no","surface":"asphalt"},"geometry":{"type":"LineString","coordinates":[[-45.9056894,-23.2055366],[-45.9056515,-23.2054654]]}},{"type":"Feature","id":885101452,"properties":{"osmId":885101452,"name":"Ponte Leonardo Kunimitsu Suzuki","highway":"primary","cycleway":"","cyclewayLeft":"","cyclewayRight":"no","surface":"asphalt"},"geometry":{"type":"LineString","coordinates":[[-45.9061609,-23.2058738],[-45.9061277,-23.2058637]]}},{"type":"Feature","id":885101453,"properties":{"osmId":885101453,"name":"Ponte Pastor Paulo Leivas Macalão","highway":"secondary","cycleway":"","cyclewayLeft":"","cyclewayRight":"track","surface":"asphalt"},"geometry":{"type":"LineString","coordinates":[[-45.906117,-23.2047504],[-45.9061986,-23.2047931]]}},{"type":"Feature","id":885101454,"properties":{"osmId":885101454,"name":"Ponte Pastor Paulo Leivas Macalão","highway":"secondary","cycleway":"","cyclewayLeft":"","cyclewayRight":"track","surface":"asphalt"},"geometry":{"type":"LineString","coordinates":[[-45.9065782,-23.2051771],[-45.9065857,-23.2052301],[-45.9065936,-23.2052861]]}},{"type":"Feature","id":885450846,"properties":{"osmId":885450846,"name":"Viaduto Rui Doria","highway":"primary","cycleway":"","cyclewayLeft":"","cyclewayRight":"no","surface":"asphalt"},"geometry":{"type":"LineString","coordinates":[[-45.8857037,-23.2002937],[-45.8857147,-23.2000119]]}},{"type":"Feature","id":885450847,"properties":{"osmId":885450847,"name":"Viaduto Rui Doria","highway":"primary","cycleway":"","cyclewayLeft":"","cyclewayRight":"no","surface":"asphalt"},"geometry":{"type":"LineString","coordinates":[[-45.8858127,-23.2000222],[-45.8859925,-23.1989576]]}},{"type":"Feature","id":885479244,"properties":{"osmId":885479244,"name":"Rua Audemo Veneziani","highway":"secondary","cycleway":"","cyclewayLeft":"lane","cyclewayRight":"no","surface":"asphalt"},"geometry":{"type":"LineString","coordinates":[[-45.9028209,-23.1516909],[-45.9033085,-23.1515576],[-45.9038186,-23.1514181]]}},{"type":"Feature","id":885479245,"properties":{"osmId":885479245,"name":"Rua Audemo Veneziani","highway":"secondary","cycleway":"","cyclewayLeft":"lane","cyclewayRight":"no","surface":"asphalt"},"geometry":{"type":"LineString","coordinates":[[-45.9012643,-23.1521164],[-45.9019163,-23.1519381],[-45.9020968,-23.1518888],[-45.9028209,-23.1516909]]}},{"type":"Feature","id":908131858,"properties":{"osmId":908131858,"name":"Avenida Alto do Rio Doce","highway":"residential","cycleway":"","cyclewayLeft":"","cyclewayRight":"lane","surface":"asphalt"},"geometry":{"type":"LineString","coordinates":[[-45.9132339,-23.1690598],[-45.9125136,-23.1687984],[-45.9119947,-23.1686078],[-45.9115061,-23.1684087],[-45.9113853,-23.1683575],[-45.9108821,-23.1681538]]}},{"type":"Feature","id":908131859,"properties":{"osmId":908131859,"name":"","highway":"cycleway","cycleway":"","cyclewayLeft":"","cyclewayRight":"","surface":"paved"},"geometry":{"type":"LineString","coordinates":[[-45.9089348,-23.1580102],[-45.9087175,-23.1580724],[-45.9086182,-23.1580848],[-45.9083473,-23.1581168],[-45.9081032,-23.158176],[-45.9079182,-23.1582574],[-45.9077519,-23.1583486],[-45.907599,-23.1584867],[-45.9074222,-23.1586718],[-45.9073265,-23.158776],[-45.9069257,-23.1591476],[-45.9067729,-23.1592364],[-45.9060779,-23.1596393],[-45.9058109,-23.159816],[-45.9053077,-23.1601994],[-45.9045387,-23.1607769],[-45.904386,-23.160882]]}},{"type":"Feature","id":908131860,"properties":{"osmId":908131860,"name":"Avenida Conde Francisco Matarazzo","highway":"secondary","cycleway":"","cyclewayLeft":"","cyclewayRight":"track","surface":"asphalt"},"geometry":{"type":"LineString","coordinates":[[-45.904424,-23.1609345],[-45.9040361,-23.1613452],[-45.9036986,-23.161727]]}},{"type":"Feature","id":908171002,"properties":{"osmId":908171002,"name":"","highway":"cycleway","cycleway":"","cyclewayLeft":"","cyclewayRight":"","surface":"paved"},"geometry":{"type":"LineString","coordinates":[[-45.9093682,-23.2117006],[-45.9071406,-23.21198],[-45.9071333,-23.211981],[-45.9061071,-23.2121261],[-45.9044971,-23.2123732],[-45.902183,-23.2127121],[-45.9020828,-23.2127328],[-45.9019813,-23.2127475],[-45.901903,-23.2127545],[-45.9018244,-23.212758],[-45.9017333,-23.2127557],[-45.9016745,-23.2127718]]}},{"type":"Feature","id":908171007,"properties":{"osmId":908171007,"name":"","highway":"cycleway","cycleway":"","cyclewayLeft":"","cyclewayRight":"","surface":"concrete"},"geometry":{"type":"LineString","coordinates":[[-45.914678,-23.2255771],[-45.9147646,-23.2253984],[-45.9147763,-23.2253854],[-45.9150001,-23.2249788],[-45.9158539,-23.2238468],[-45.9160613,-23.2235377],[-45.9161904,-23.2233483],[-45.9162376,-23.2232367],[-45.9163567,-23.2229548],[-45.9164533,-23.2225398],[-45.9166013,-23.2213214],[-45.9166118,-23.2212355],[-45.9166755,-23.220711],[-45.9166848,-23.2204765],[-45.9166856,-23.220456],[-45.916691,-23.2203179],[-45.9166918,-23.2202982],[-45.9166968,-23.2202669],[-45.9167008,-23.2202418],[-45.9166921,-23.22014],[-45.9165987,-23.2200928],[-45.9165613,-23.220007],[-45.916552,-23.219904],[-45.9165426,-23.2197752],[-45.9165333,-23.2196894],[-45.9164726,-23.2196765],[-45.9164866,-23.2195049],[-45.916524,-23.2193632],[-45.9169629,-23.2183375],[-45.9172385,-23.2177195],[-45.9173552,-23.2174791],[-45.9174906,-23.2172431],[-45.9175981,-23.2170371],[-45.9177055,-23.2168912],[-45.9177615,-23.2168182],[-45.9178568,-23.2167754]]}},{"type":"Feature","id":908171008,"properties":{"osmId":908171008,"name":"Avenida Jorn Napoleão Monteiro","highway":"tertiary","cycleway":"","cyclewayLeft":"","cyclewayRight":"track","surface":"asphalt"},"geometry":{"type":"LineString","coordinates":[[-45.9181881,-23.2166517],[-45.9184018,-23.2168339]]}},{"type":"Feature","id":908218029,"properties":{"osmId":908218029,"name":"","highway":"cycleway","cycleway":"","cyclewayLeft":"","cyclewayRight":"","surface":""},"geometry":{"type":"LineString","coordinates":[[-45.9053712,-23.2397468],[-45.9049331,-23.2388274],[-45.9048955,-23.238672],[-45.9049119,-23.2386377],[-45.9044478,-23.2376416],[-45.9041182,-23.2369343],[-45.9040424,-23.2367772],[-45.9039962,-23.2366626],[-45.9032221,-23.2350713],[-45.9026283,-23.2338005],[-45.9021187,-23.2327297],[-45.901658,-23.2317512],[-45.9015155,-23.231478],[-45.9011068,-23.2306151],[-45.9010451,-23.2303859],[-45.9010431,-23.230019],[-45.9010527,-23.2294066]]}},{"type":"Feature","id":908218031,"properties":{"osmId":908218031,"name":"Estrada do Imperador","highway":"tertiary","cycleway":"","cyclewayLeft":"","cyclewayRight":"lane","surface":""},"geometry":{"type":"LineString","coordinates":[[-45.9217269,-23.2542891],[-45.9216932,-23.2542592],[-45.9216281,-23.2542014],[-45.9215815,-23.2541538],[-45.9215131,-23.2541094],[-45.9213898,-23.2540712],[-45.9202322,-23.2538203]]}},{"type":"Feature","id":908218032,"properties":{"osmId":908218032,"name":"Rua Joaçaba","highway":"tertiary","cycleway":"","cyclewayLeft":"lane","cyclewayRight":"","surface":""},"geometry":{"type":"LineString","coordinates":[[-45.9236488,-23.256042],[-45.9237301,-23.2560423]]}},{"type":"Feature","id":908218033,"properties":{"osmId":908218033,"name":"Rua Joaçaba","highway":"tertiary","cycleway":"","cyclewayLeft":"lane","cyclewayRight":"","surface":""},"geometry":{"type":"LineString","coordinates":[[-45.9237301,-23.2560423],[-45.9240144,-23.2560257],[-45.9241243,-23.2560205],[-45.9248529,-23.2560005],[-45.9258725,-23.2559778],[-45.9260255,-23.2559709]]}},{"type":"Feature","id":908238242,"properties":{"osmId":908238242,"name":"Rua Caravelas","highway":"tertiary","cycleway":"","cyclewayLeft":"","cyclewayRight":"lane","surface":"asphalt"},"geometry":{"type":"LineString","coordinates":[[-45.9195189,-23.2538936],[-45.9193673,-23.254055],[-45.9184342,-23.2550703],[-45.9180984,-23.2554356],[-45.91698,-23.2566794],[-45.9163893,-23.2573084],[-45.9163649,-23.2573343],[-45.9162735,-23.2574316],[-45.9161805,-23.2575306]]}},{"type":"Feature","id":908238243,"properties":{"osmId":908238243,"name":"Rua Caravelas","highway":"tertiary","cycleway":"","cyclewayLeft":"","cyclewayRight":"track","surface":"asphalt"},"geometry":{"type":"LineString","coordinates":[[-45.9137342,-23.2602173],[-45.9133384,-23.2606789],[-45.9129172,-23.2611548],[-45.9125042,-23.2615867],[-45.9121883,-23.2619465]]}},{"type":"Feature","id":908238244,"properties":{"osmId":908238244,"name":"","highway":"cycleway","cycleway":"","cyclewayLeft":"","cyclewayRight":"","surface":""},"geometry":{"type":"LineString","coordinates":[[-45.8957375,-23.2806015],[-45.8976553,-23.2787467],[-45.8978393,-23.27855],[-45.8984201,-23.277938],[-45.8984884,-23.2778108]]}},{"type":"Feature","id":908238245,"properties":{"osmId":908238245,"name":"Avenida Doutor Amin Simão","highway":"tertiary","cycleway":"","cyclewayLeft":"","cyclewayRight":"track","surface":""},"geometry":{"type":"LineString","coordinates":[[-45.8527708,-23.2343675],[-45.8528137,-23.2343125],[-45.8531622,-23.2338886]]}},{"type":"Feature","id":908238246,"properties":{"osmId":908238246,"name":"Avenida Doutor Amin Simão","highway":"tertiary","cycleway":"","cyclewayLeft":"","cyclewayRight":"track","surface":""},"geometry":{"type":"LineString","coordinates":[[-45.8523804,-23.2348289],[-45.8527708,-23.2343675]]}},{"type":"Feature","id":908238247,"properties":{"osmId":908238247,"name":"","highway":"cycleway","cycleway":"","cyclewayLeft":"","cyclewayRight":"","surface":""},"geometry":{"type":"LineString","coordinates":[[-45.8457618,-23.2368599],[-45.8459866,-23.2397135],[-45.845928,-23.2398263]]}},{"type":"Feature","id":908238248,"properties":{"osmId":908238248,"name":"","highway":"cycleway","cycleway":"","cyclewayLeft":"","cyclewayRight":"","surface":""},"geometry":{"type":"LineString","coordinates":[[-45.8457151,-23.2364128],[-45.8457618,-23.2368599]]}},{"type":"Feature","id":908238249,"properties":{"osmId":908238249,"name":"Via Cambuí","highway":"primary","cycleway":"","cyclewayLeft":"","cyclewayRight":"track","surface":""},"geometry":{"type":"LineString","coordinates":[[-45.8443253,-23.2450564],[-45.8449083,-23.2446041]]}},{"type":"Feature","id":908238251,"properties":{"osmId":908238251,"name":"","highway":"cycleway","cycleway":"","cyclewayLeft":"","cyclewayRight":"","surface":"concrete"},"geometry":{"type":"LineString","coordinates":[[-45.7929307,-23.1867575],[-45.7923456,-23.1872401],[-45.7918682,-23.1875951],[-45.7913854,-23.187817],[-45.7903018,-23.1881326],[-45.7899274,-23.1883249],[-45.789686,-23.1885221],[-45.7891871,-23.1890744],[-45.7889932,-23.1892951],[-45.7886627,-23.1896249],[-45.7882967,-23.1898732],[-45.7877763,-23.1900803],[-45.7870628,-23.1902036],[-45.7866659,-23.1902727],[-45.7863835,-23.1904235],[-45.7860187,-23.1907132],[-45.7853323,-23.1912808],[-45.7845684,-23.191535],[-45.7841692,-23.1919102],[-45.7838815,-23.1921563],[-45.7827442,-23.192817],[-45.7826262,-23.1929452],[-45.7825029,-23.1931086],[-45.7821059,-23.1939413],[-45.781666,-23.1946433],[-45.7814192,-23.1950507],[-45.781371,-23.1953958],[-45.7813924,-23.1956375],[-45.7815212,-23.1962439],[-45.7816886,-23.1968277],[-45.781666,-23.1972252],[-45.781548,-23.1976147],[-45.7813924,-23.1979796],[-45.7812634,-23.1982522],[-45.7811288,-23.1984614]]}},{"type":"Feature","id":908238253,"properties":{"osmId":908238253,"name":"","highway":"cycleway","cycleway":"","cyclewayLeft":"","cyclewayRight":"","surface":""},"geometry":{"type":"LineString","coordinates":[[-45.8059012,-23.164168],[-45.806982,-23.1652641],[-45.8073254,-23.1656537],[-45.8078618,-23.1670691],[-45.8081032,-23.1676215],[-45.8081251,-23.1676993],[-45.808254,-23.1679374],[-45.8088596,-23.1685931]]}},{"type":"Feature","id":908238254,"properties":{"osmId":908238254,"name":"Avenida Benedito Friggi","highway":"primary","cycleway":"","cyclewayLeft":"","cyclewayRight":"track","surface":""},"geometry":{"type":"LineString","coordinates":[[-45.8103096,-23.169639],[-45.8107627,-23.1699861]]}},{"type":"Feature","id":908238256,"properties":{"osmId":908238256,"name":"","highway":"cycleway","cycleway":"","cyclewayLeft":"","cyclewayRight":"","surface":""},"geometry":{"type":"LineString","coordinates":[[-45.8092023,-23.1688734],[-45.8102295,-23.1697135]]}},{"type":"Feature","id":908238257,"properties":{"osmId":908238257,"name":"","highway":"cycleway","cycleway":"","cyclewayLeft":"","cyclewayRight":"","surface":""},"geometry":{"type":"LineString","coordinates":[[-45.8088596,-23.1685931],[-45.8092023,-23.1688734]]}},{"type":"Feature","id":910567304,"properties":{"osmId":910567304,"name":"Avenida Jorge Zarur","highway":"primary","cycleway":"","cyclewayLeft":"","cyclewayRight":"track","surface":"asphalt"},"geometry":{"type":"LineString","coordinates":[[-45.9035826,-23.2091667],[-45.9035363,-23.2091919]]}},{"type":"Feature","id":910567305,"properties":{"osmId":910567305,"name":"Avenida Jorge Zarur","highway":"primary","cycleway":"","cyclewayLeft":"","cyclewayRight":"track","surface":"asphalt"},"geometry":{"type":"LineString","coordinates":[[-45.9030375,-23.2093728],[-45.9028765,-23.2094041]]}},{"type":"Feature","id":910567308,"properties":{"osmId":910567308,"name":"","highway":"trunk_link","cycleway":"","cyclewayLeft":"","cyclewayRight":"track","surface":""},"geometry":{"type":"LineString","coordinates":[[-45.8997282,-23.212134],[-45.8993627,-23.2119323],[-45.8991099,-23.2118515],[-45.8988484,-23.2117985],[-45.898582,-23.2117741]]}},{"type":"Feature","id":910567309,"properties":{"osmId":910567309,"name":"Avenida Jorge Zarur","highway":"motorway","cycleway":"","cyclewayLeft":"","cyclewayRight":"track","surface":"paved"},"geometry":{"type":"LineString","coordinates":[[-45.8943693,-23.2111007],[-45.8939973,-23.2111768],[-45.8933323,-23.2113335],[-45.8930797,-23.2114085],[-45.8929156,-23.2114695]]}},{"type":"Feature","id":915307180,"properties":{"osmId":915307180,"name":"Avenida São Jorge","highway":"secondary","cycleway":"lane","cyclewayLeft":"","cyclewayRight":"","surface":"asphalt"},"geometry":{"type":"LineString","coordinates":[[-45.9336094,-23.3069714],[-45.9334644,-23.3068997],[-45.9333539,-23.3068196],[-45.933298,-23.3067584],[-45.9329925,-23.3063466],[-45.9325762,-23.3057917],[-45.9317034,-23.3045764],[-45.931662,-23.304517],[-45.9316287,-23.3044721],[-45.9307617,-23.3032887],[-45.9307102,-23.3032247]]}},{"type":"Feature","id":924844741,"properties":{"osmId":924844741,"name":"","highway":"cycleway","cycleway":"","cyclewayLeft":"","cyclewayRight":"","surface":""},"geometry":{"type":"LineString","coordinates":[[-45.7981798,-23.14965],[-45.7974756,-23.1490349],[-45.7971748,-23.1487518],[-45.7970102,-23.1484801],[-45.7966251,-23.14789],[-45.7965374,-23.1477912],[-45.7964358,-23.1476289],[-45.7963022,-23.1474623],[-45.7960707,-23.1471145],[-45.7960326,-23.1470572]]}},{"type":"Feature","id":924861412,"properties":{"osmId":924861412,"name":"","highway":"cycleway","cycleway":"","cyclewayLeft":"","cyclewayRight":"","surface":""},"geometry":{"type":"LineString","coordinates":[[-45.7839796,-23.1371376],[-45.7837386,-23.1369657],[-45.7832595,-23.136681],[-45.7812494,-23.1357058],[-45.780698,-23.1355028],[-45.778163,-23.1347166],[-45.7776442,-23.1346217]]}},{"type":"Feature","id":957684100,"properties":{"osmId":957684100,"name":"","highway":"cycleway","cycleway":"","cyclewayLeft":"","cyclewayRight":"","surface":"asphalt"},"geometry":{"type":"LineString","coordinates":[[-45.9135356,-23.1983984],[-45.9132352,-23.1983579]]}},{"type":"Feature","id":957684101,"properties":{"osmId":957684101,"name":"","highway":"cycleway","cycleway":"","cyclewayLeft":"","cyclewayRight":"","surface":"asphalt"},"geometry":{"type":"LineString","coordinates":[[-45.9147042,-23.1986364],[-45.9144869,-23.198659],[-45.9142461,-23.1986082],[-45.9141023,-23.1985779],[-45.9139911,-23.1985315],[-45.9138399,-23.1984803],[-45.91373,-23.1984324],[-45.9135356,-23.1983984]]}},{"type":"Feature","id":965365090,"properties":{"osmId":965365090,"name":"","highway":"cycleway","cycleway":"","cyclewayLeft":"","cyclewayRight":"","surface":""},"geometry":{"type":"LineString","coordinates":[[-45.9575804,-23.1965084],[-45.9575893,-23.1964267],[-45.9575954,-23.1959274],[-45.9575942,-23.1958104],[-45.9576721,-23.1957558],[-45.9577086,-23.1957001],[-45.9577025,-23.195608],[-45.9578169,-23.1955592],[-45.9579292,-23.1955258],[-45.9580718,-23.1955425],[-45.9583814,-23.1954533],[-45.958351,-23.1951855],[-45.9582691,-23.1951102],[-45.9582175,-23.1950628],[-45.9582145,-23.1949679],[-45.9582994,-23.1948703],[-45.9583237,-23.1947978],[-45.9583459,-23.1945808],[-45.9583306,-23.1944447],[-45.9582387,-23.1943861],[-45.9581137,-23.194426],[-45.9578534,-23.1946394],[-45.9576518,-23.1948247],[-45.9576362,-23.1949559],[-45.9576136,-23.1950628],[-45.9575763,-23.1951053],[-45.9574497,-23.1952496],[-45.9573526,-23.1953752],[-45.9571402,-23.1954784],[-45.9568944,-23.1955537],[-45.9567457,-23.1955704],[-45.9565636,-23.1956485],[-45.9564362,-23.1957796],[-45.9559901,-23.1958772],[-45.9555865,-23.1959302]]}},{"type":"Feature","id":965365091,"properties":{"osmId":965365091,"name":"","highway":"cycleway","cycleway":"","cyclewayLeft":"","cyclewayRight":"","surface":""},"geometry":{"type":"LineString","coordinates":[[-45.9575742,-23.1969427],[-45.9583717,-23.1969892],[-45.9591697,-23.1971789],[-45.9597638,-23.1976239],[-45.9604451,-23.1980273],[-45.9606214,-23.1981247],[-45.9608483,-23.1982501],[-45.9608942,-23.1983815],[-45.9609325,-23.1984237],[-45.9613203,-23.1983698],[-45.9614199,-23.1984261],[-45.9617235,-23.1989327],[-45.9617392,-23.1989802],[-45.9617135,-23.1990295],[-45.9615161,-23.1990196],[-45.9612221,-23.1990038],[-45.9608831,-23.1989604],[-45.9607178,-23.1988894],[-45.9606728,-23.1988914],[-45.9606265,-23.1988978]]}},{"type":"Feature","id":973344586,"properties":{"osmId":973344586,"name":"Rua Antônio Porfírio da Silva","highway":"tertiary","cycleway":"","cyclewayLeft":"","cyclewayRight":"no","surface":"asphalt"},"geometry":{"type":"LineString","coordinates":[[-45.8770413,-23.1937847],[-45.8765449,-23.1935482],[-45.876401,-23.1934851]]}},{"type":"Feature","id":973344588,"properties":{"osmId":973344588,"name":"Rua Genésia Berardineli Tarantino","highway":"secondary","cycleway":"","cyclewayLeft":"","cyclewayRight":"no","surface":"asphalt"},"geometry":{"type":"LineString","coordinates":[[-45.8755552,-23.1926116],[-45.8754639,-23.192712],[-45.8754474,-23.1927313]]}},{"type":"Feature","id":973344606,"properties":{"osmId":973344606,"name":"Rua Paraibuna","highway":"primary","cycleway":"","cyclewayLeft":"","cyclewayRight":"no","surface":"asphalt"},"geometry":{"type":"LineString","coordinates":[[-45.8850748,-23.2033781],[-45.8846838,-23.2036612],[-45.8846066,-23.2037239],[-45.8841706,-23.2041321],[-45.8841582,-23.2041437],[-45.884021,-23.204266]]}},{"type":"Feature","id":973344610,"properties":{"osmId":973344610,"name":"Rua Antônio Porfírio da Silva","highway":"tertiary","cycleway":"","cyclewayLeft":"","cyclewayRight":"no","surface":"asphalt"},"geometry":{"type":"LineString","coordinates":[[-45.8798654,-23.1937193],[-45.8796021,-23.1940999]]}},{"type":"Feature","id":1014326572,"properties":{"osmId":1014326572,"name":"Estrada Municipal Dom José Antônio Couto","highway":"secondary","cycleway":"","cyclewayLeft":"","cyclewayRight":"track","surface":"asphalt"},"geometry":{"type":"LineString","coordinates":[[-45.8057866,-23.2082567],[-45.8056297,-23.2086119],[-45.8054749,-23.2089622],[-45.805409,-23.2091114]]}},{"type":"Feature","id":1019245019,"properties":{"osmId":1019245019,"name":"Ciclovia Juliana Ingrid Dias","highway":"cycleway","cycleway":"","cyclewayLeft":"","cyclewayRight":"","surface":"paved"},"geometry":{"type":"LineString","coordinates":[[-45.8945903,-23.2171356],[-45.8952123,-23.2165623],[-45.8953804,-23.2164073]]}},{"type":"Feature","id":1019245020,"properties":{"osmId":1019245020,"name":"Ciclovia Juliana Ingrid Dias","highway":"cycleway","cycleway":"","cyclewayLeft":"","cyclewayRight":"","surface":"paved"},"geometry":{"type":"LineString","coordinates":[[-45.8942688,-23.2174319],[-45.8945903,-23.2171356]]}},{"type":"Feature","id":1095754367,"properties":{"osmId":1095754367,"name":"","highway":"cycleway","cycleway":"","cyclewayLeft":"","cyclewayRight":"","surface":"paved"},"geometry":{"type":"LineString","coordinates":[[-45.9017355,-23.212912],[-45.90171,-23.2128585],[-45.9016745,-23.2127718]]}},{"type":"Feature","id":1095754368,"properties":{"osmId":1095754368,"name":"","highway":"cycleway","cycleway":"","cyclewayLeft":"","cyclewayRight":"","surface":"paved"},"geometry":{"type":"LineString","coordinates":[[-45.9024535,-23.2160546],[-45.902467,-23.2158809],[-45.9024583,-23.2157163],[-45.9024468,-23.2156288],[-45.9023316,-23.2150016],[-45.9022893,-23.2147715],[-45.9022431,-23.21452],[-45.9020713,-23.2135846],[-45.9019893,-23.2131373],[-45.9019289,-23.2129934]]}},{"type":"Feature","id":1095754369,"properties":{"osmId":1095754369,"name":"","highway":"cycleway","cycleway":"","cyclewayLeft":"","cyclewayRight":"","surface":"paved"},"geometry":{"type":"LineString","coordinates":[[-45.9038098,-23.2222787],[-45.9036356,-23.2221152],[-45.9035971,-23.221914],[-45.9034528,-23.2211474],[-45.9033237,-23.2204492],[-45.9032688,-23.2202873],[-45.9031788,-23.220122]]}},{"type":"Feature","id":1095754370,"properties":{"osmId":1095754370,"name":"","highway":"cycleway","cycleway":"","cyclewayLeft":"","cyclewayRight":"","surface":"paved"},"geometry":{"type":"LineString","coordinates":[[-45.9031788,-23.220122],[-45.9031244,-23.2200789],[-45.9030844,-23.2200153],[-45.9030689,-23.2199418],[-45.9030863,-23.2198722],[-45.9031118,-23.2198127]]}},{"type":"Feature","id":1095754373,"properties":{"osmId":1095754373,"name":"","highway":"cycleway","cycleway":"","cyclewayLeft":"","cyclewayRight":"","surface":"concrete"},"geometry":{"type":"LineString","coordinates":[[-45.902512,-23.2164863],[-45.9025005,-23.2164613],[-45.9024849,-23.2164383],[-45.9024706,-23.2164226],[-45.9024543,-23.2164087],[-45.9024116,-23.2163564],[-45.9023872,-23.216295],[-45.9023831,-23.2162298],[-45.9024,-23.2161682],[-45.9024334,-23.2161137],[-45.9024417,-23.2161018],[-45.902448,-23.2160889],[-45.9024525,-23.216072],[-45.9024535,-23.2160546]]}},{"type":"Feature","id":1095754374,"properties":{"osmId":1095754374,"name":"","highway":"cycleway","cycleway":"","cyclewayLeft":"","cyclewayRight":"","surface":"asphalt"},"geometry":{"type":"LineString","coordinates":[[-45.9031118,-23.2198127],[-45.9031324,-23.2196724],[-45.9031384,-23.2195776],[-45.9031201,-23.2194611],[-45.9027097,-23.21709],[-45.9026972,-23.2170242],[-45.9026793,-23.2169296],[-45.9026564,-23.2168335],[-45.9026211,-23.2167127],[-45.9025554,-23.2165858],[-45.902512,-23.2164863]]}},{"type":"Feature","id":1095754375,"properties":{"osmId":1095754375,"name":"","highway":"cycleway","cycleway":"","cyclewayLeft":"","cyclewayRight":"","surface":"paving_stones"},"geometry":{"type":"LineString","coordinates":[[-45.9019289,-23.2129934],[-45.9019112,-23.2129786],[-45.9018908,-23.2129672],[-45.9018713,-23.2129604],[-45.9018509,-23.2129567],[-45.9018262,-23.2129654],[-45.9017997,-23.212966],[-45.9017745,-23.2129584],[-45.9017536,-23.2129435],[-45.9017424,-23.2129288],[-45.9017355,-23.212912]]}},{"type":"Feature","id":1095754376,"properties":{"osmId":1095754376,"name":"","highway":"cycleway","cycleway":"","cyclewayLeft":"","cyclewayRight":"","surface":"paved"},"geometry":{"type":"LineString","coordinates":[[-45.9016518,-23.2127083],[-45.9016745,-23.2127718]]}},{"type":"Feature","id":1096079384,"properties":{"osmId":1096079384,"name":"","highway":"cycleway","cycleway":"","cyclewayLeft":"","cyclewayRight":"","surface":""},"geometry":{"type":"LineString","coordinates":[[-45.9116182,-23.2244337],[-45.9115886,-23.2242316]]}},{"type":"Feature","id":1096079385,"properties":{"osmId":1096079385,"name":"","highway":"cycleway","cycleway":"","cyclewayLeft":"","cyclewayRight":"","surface":""},"geometry":{"type":"LineString","coordinates":[[-45.907587,-23.2261846],[-45.907451,-23.2260147]]}},{"type":"Feature","id":1096079388,"properties":{"osmId":1096079388,"name":"","highway":"cycleway","cycleway":"","cyclewayLeft":"","cyclewayRight":"","surface":"paved"},"geometry":{"type":"LineString","coordinates":[[-45.909669,-23.211671],[-45.909669,-23.2116501],[-45.9095902,-23.2115184],[-45.9095706,-23.2115065],[-45.9094046,-23.2115675],[-45.9094435,-23.211632],[-45.9094787,-23.2116902],[-45.9093682,-23.2117006]]}},{"type":"Feature","id":1114897230,"properties":{"osmId":1114897230,"name":"","highway":"cycleway","cycleway":"","cyclewayLeft":"","cyclewayRight":"","surface":"concrete"},"geometry":{"type":"LineString","coordinates":[[-45.8100695,-23.1599507],[-45.8095532,-23.1589557],[-45.8094754,-23.158735],[-45.8085167,-23.1541454],[-45.808453,-23.1539892],[-45.8084035,-23.1538558],[-45.8083398,-23.1536703],[-45.8083076,-23.1533784],[-45.8083311,-23.1529464],[-45.8082926,-23.1526667],[-45.8081628,-23.1520864],[-45.8080943,-23.1510178],[-45.8080867,-23.1509953],[-45.8080545,-23.1509682],[-45.8077601,-23.150814],[-45.8075844,-23.1507339],[-45.8061669,-23.1500785]]}},{"type":"Feature","id":1124207125,"properties":{"osmId":1124207125,"name":"Ciclovia Linha Verde","highway":"cycleway","cycleway":"","cyclewayLeft":"","cyclewayRight":"","surface":"asphalt"},"geometry":{"type":"LineString","coordinates":[[-45.916218,-23.2574218],[-45.9150588,-23.2560877],[-45.9149995,-23.2560194],[-45.9149677,-23.2559832],[-45.9136742,-23.2545115],[-45.9136123,-23.2544407],[-45.9113856,-23.2518921],[-45.9099534,-23.2502528],[-45.9086082,-23.2487131],[-45.9084385,-23.248486],[-45.908273,-23.2482645],[-45.9081721,-23.2481648],[-45.9080976,-23.2480937],[-45.9079999,-23.2479983],[-45.9078913,-23.2478953],[-45.9078238,-23.2478222],[-45.9077561,-23.2477538],[-45.9069854,-23.2468589],[-45.9067389,-23.2465769],[-45.9043425,-23.2438352],[-45.9020464,-23.2412082],[-45.9012269,-23.2402707],[-45.8998839,-23.2387341],[-45.8981365,-23.236735],[-45.8980773,-23.2366695],[-45.8980282,-23.236611],[-45.8979509,-23.2365226],[-45.8977825,-23.2362975],[-45.897762,-23.2360583],[-45.8977263,-23.2356925],[-45.8977212,-23.2354674],[-45.8976667,-23.2343003],[-45.8976572,-23.2340989],[-45.8976076,-23.2330372],[-45.8975558,-23.2319274],[-45.8975516,-23.2318378],[-45.8975426,-23.2316454],[-45.8974992,-23.230732],[-45.8974461,-23.2296151],[-45.8974303,-23.2292817],[-45.8973919,-23.228483],[-45.8972728,-23.2260054],[-45.8971076,-23.2225681]]}},{"type":"Feature","id":1124207126,"properties":{"osmId":1124207126,"name":"Ciclovia Linha Verde","highway":"cycleway","cycleway":"","cyclewayLeft":"","cyclewayRight":"","surface":"asphalt"},"geometry":{"type":"LineString","coordinates":[[-45.8971044,-23.2225009],[-45.8970965,-23.2223357],[-45.8970884,-23.2221671],[-45.8969806,-23.2202937],[-45.8969683,-23.2200803],[-45.8968825,-23.2186851],[-45.896823,-23.2177162],[-45.8968203,-23.2176831],[-45.8968026,-23.2174676],[-45.8964636,-23.2169804]]}},{"type":"Feature","id":1124207127,"properties":{"osmId":1124207127,"name":"Ciclovia Linha Verde","highway":"cycleway","cycleway":"","cyclewayLeft":"","cyclewayRight":"","surface":"asphalt"},"geometry":{"type":"LineString","coordinates":[[-45.8971076,-23.2225681],[-45.8971044,-23.2225009]]}},{"type":"Feature","id":1184090778,"properties":{"osmId":1184090778,"name":"Avenida Doutor Nélson D'Ávila","highway":"primary","cycleway":"","cyclewayLeft":"","cyclewayRight":"no","surface":"asphalt"},"geometry":{"type":"LineString","coordinates":[[-45.8856848,-23.200366],[-45.8857037,-23.2002937]]}},{"type":"Feature","id":1192483206,"properties":{"osmId":1192483206,"name":"","highway":"cycleway","cycleway":"","cyclewayLeft":"","cyclewayRight":"","surface":""},"geometry":{"type":"LineString","coordinates":[[-45.9555865,-23.1959302],[-45.9552557,-23.1959442],[-45.9549887,-23.1959525],[-45.9549735,-23.1959916],[-45.9552284,-23.196039],[-45.9554135,-23.1960418],[-45.9555622,-23.1960836],[-45.955541,-23.19629],[-45.9555347,-23.1963528]]}},{"type":"Feature","id":1192483207,"properties":{"osmId":1192483207,"name":"","highway":"cycleway","cycleway":"","cyclewayLeft":"","cyclewayRight":"","surface":""},"geometry":{"type":"LineString","coordinates":[[-45.9555347,-23.1963528],[-45.9554778,-23.1965828]]}},{"type":"Feature","id":1192483208,"properties":{"osmId":1192483208,"name":"","highway":"cycleway","cycleway":"","cyclewayLeft":"","cyclewayRight":"","surface":""},"geometry":{"type":"LineString","coordinates":[[-45.9554778,-23.1965828],[-45.9554742,-23.1965996],[-45.9555956,-23.197032],[-45.9556745,-23.1970459],[-45.9562966,-23.1969037],[-45.956415,-23.1968284],[-45.9565272,-23.1968674],[-45.9575742,-23.1969427],[-45.9575696,-23.1967258],[-45.9575703,-23.1966969]]}},{"type":"Feature","id":1192483209,"properties":{"osmId":1192483209,"name":"","highway":"cycleway","cycleway":"","cyclewayLeft":"","cyclewayRight":"","surface":""},"geometry":{"type":"LineString","coordinates":[[-45.9575703,-23.1966969],[-45.9575804,-23.1965084]]}},{"type":"Feature","id":1200832546,"properties":{"osmId":1200832546,"name":"","highway":"cycleway","cycleway":"","cyclewayLeft":"","cyclewayRight":"","surface":"concrete"},"geometry":{"type":"LineString","coordinates":[[-45.8058749,-23.1499328],[-45.804526,-23.1492831],[-45.8045228,-23.1492591]]}},{"type":"Feature","id":1200832548,"properties":{"osmId":1200832548,"name":"","highway":"cycleway","cycleway":"","cyclewayLeft":"","cyclewayRight":"","surface":"concrete"},"geometry":{"type":"LineString","coordinates":[[-45.8061669,-23.1500785],[-45.8058749,-23.1499328]]}},{"type":"Feature","id":1201739414,"properties":{"osmId":1201739414,"name":"","highway":"cycleway","cycleway":"","cyclewayLeft":"","cyclewayRight":"","surface":"concrete"},"geometry":{"type":"LineString","coordinates":[[-45.8602538,-23.2236038],[-45.8602064,-23.2235637],[-45.8601391,-23.2235625],[-45.859835,-23.2234702],[-45.8596592,-23.2234516],[-45.8571031,-23.2226277],[-45.8568544,-23.2224947],[-45.856573,-23.2223617],[-45.8565574,-23.2223848],[-45.8565298,-23.222426],[-45.8563127,-23.2223423],[-45.8562105,-23.2223571]]}},{"type":"Feature","id":1201739415,"properties":{"osmId":1201739415,"name":"","highway":"cycleway","cycleway":"","cyclewayLeft":"","cyclewayRight":"","surface":"concrete"},"geometry":{"type":"LineString","coordinates":[[-45.8562105,-23.2223571],[-45.8561589,-23.2222365],[-45.8561467,-23.2220758],[-45.8559597,-23.2217489],[-45.8544447,-23.2193028],[-45.8544015,-23.2192122],[-45.854363,-23.2190876],[-45.8543199,-23.2189354],[-45.8543825,-23.2187617],[-45.8543965,-23.2186319],[-45.8544271,-23.2186321]]}},{"type":"Feature","id":1201739416,"properties":{"osmId":1201739416,"name":"","highway":"cycleway","cycleway":"","cyclewayLeft":"","cyclewayRight":"","surface":"concrete"},"geometry":{"type":"LineString","coordinates":[[-45.8544271,-23.2186321],[-45.8544695,-23.218634],[-45.8544812,-23.2184816],[-45.8543948,-23.2182417],[-45.8543947,-23.2180419],[-45.8544337,-23.2178684],[-45.8545149,-23.2176822],[-45.8545989,-23.217517],[-45.856157,-23.2156845],[-45.8571272,-23.2139864],[-45.8572332,-23.2137497],[-45.8572439,-23.2136548],[-45.8572161,-23.2126782],[-45.8572219,-23.2126012],[-45.8572129,-23.2124593],[-45.8571928,-23.2124223],[-45.8571651,-23.2122911]]}},{"type":"Feature","id":1201739417,"properties":{"osmId":1201739417,"name":"","highway":"cycleway","cycleway":"","cyclewayLeft":"","cyclewayRight":"","surface":"concrete"},"geometry":{"type":"LineString","coordinates":[[-45.8571651,-23.2122911],[-45.8571913,-23.2122143],[-45.8571842,-23.2121184],[-45.8571513,-23.2120847],[-45.8571807,-23.2120436],[-45.8571668,-23.211745],[-45.8571363,-23.2117471],[-45.8570346,-23.2117488]]}},{"type":"Feature","id":1201739418,"properties":{"osmId":1201739418,"name":"","highway":"cycleway","cycleway":"","cyclewayLeft":"","cyclewayRight":"","surface":"concrete"},"geometry":{"type":"LineString","coordinates":[[-45.8543199,-23.2189354],[-45.8540697,-23.2188966],[-45.8539526,-23.2188753],[-45.8539567,-23.2187587],[-45.8539469,-23.2184255],[-45.8538862,-23.2183902]]}},{"type":"Feature","id":1201739419,"properties":{"osmId":1201739419,"name":"","highway":"cycleway","cycleway":"","cyclewayLeft":"","cyclewayRight":"","surface":"concrete"},"geometry":{"type":"LineString","coordinates":[[-45.8571668,-23.211745],[-45.8571241,-23.2107773],[-45.857177,-23.2104709],[-45.8571534,-23.2104667],[-45.8569819,-23.2104375]]}},{"type":"Feature","id":1201739420,"properties":{"osmId":1201739420,"name":"","highway":"cycleway","cycleway":"","cyclewayLeft":"","cyclewayRight":"","surface":"concrete"},"geometry":{"type":"LineString","coordinates":[[-45.857177,-23.2104709],[-45.8573945,-23.2096153],[-45.8576648,-23.209038],[-45.8582262,-23.2083344],[-45.8583723,-23.2081514],[-45.85956,-23.2068358],[-45.8603142,-23.2060005],[-45.8603772,-23.2059512],[-45.8604885,-23.2058958],[-45.8606879,-23.2058263],[-45.8608034,-23.2057901],[-45.8609625,-23.2057305],[-45.8610204,-23.2056512],[-45.861166,-23.2053561],[-45.8611996,-23.2052156],[-45.8611663,-23.204852],[-45.8611909,-23.2045728],[-45.8613035,-23.2040596],[-45.8616256,-23.2028997],[-45.861753,-23.2026102],[-45.8620171,-23.2022227],[-45.8623299,-23.2018957],[-45.8626858,-23.2015712],[-45.8630193,-23.2013274],[-45.8629964,-23.2012844]]}},{"type":"Feature","id":1201739421,"properties":{"osmId":1201739421,"name":"","highway":"cycleway","cycleway":"","cyclewayLeft":"","cyclewayRight":"","surface":"concrete"},"geometry":{"type":"LineString","coordinates":[[-45.8582262,-23.2083344],[-45.8581969,-23.2083143],[-45.8581212,-23.2082652]]}},{"type":"Feature","id":1201739422,"properties":{"osmId":1201739422,"name":"","highway":"cycleway","cycleway":"","cyclewayLeft":"","cyclewayRight":"","surface":"concrete"},"geometry":{"type":"LineString","coordinates":[[-45.85956,-23.2068358],[-45.8595217,-23.2068011],[-45.8594286,-23.2067392]]}},{"type":"Feature","id":1201739423,"properties":{"osmId":1201739423,"name":"","highway":"cycleway","cycleway":"","cyclewayLeft":"","cyclewayRight":"","surface":"concrete"},"geometry":{"type":"LineString","coordinates":[[-45.8629964,-23.2012844],[-45.862987,-23.2012438],[-45.8634298,-23.2008409],[-45.8635101,-23.2007186],[-45.8635392,-23.20071],[-45.8636422,-23.2007064],[-45.8637418,-23.2005672],[-45.8638305,-23.2004456],[-45.8640089,-23.2001916],[-45.8645954,-23.1989589],[-45.864758,-23.1985909],[-45.8650677,-23.1979924],[-45.8651757,-23.1977451],[-45.8652164,-23.1975825],[-45.865423,-23.197169],[-45.8655752,-23.1968711],[-45.865872,-23.196432],[-45.8662257,-23.1960135],[-45.8665651,-23.1957258],[-45.8669329,-23.1954204],[-45.867063,-23.1953569],[-45.8672845,-23.195185],[-45.8673537,-23.1950748],[-45.8678626,-23.1946473],[-45.867949,-23.1946209],[-45.8680667,-23.1945989],[-45.8682805,-23.1946027],[-45.8688045,-23.1946345],[-45.8689856,-23.1946506],[-45.8692323,-23.1946641],[-45.8696253,-23.1946666],[-45.8697205,-23.1947011],[-45.8699939,-23.1948515],[-45.8711992,-23.1954422],[-45.8714922,-23.1955897],[-45.8720089,-23.1958613],[-45.8743536,-23.1971178],[-45.875377,-23.1977251],[-45.8757042,-23.1979801],[-45.8758724,-23.1980988]]}},{"type":"Feature","id":1201739424,"properties":{"osmId":1201739424,"name":"","highway":"cycleway","cycleway":"","cyclewayLeft":"","cyclewayRight":"","surface":"concrete"},"geometry":{"type":"LineString","coordinates":[[-45.8758724,-23.1980988],[-45.8759794,-23.1981745]]}},{"type":"Feature","id":1201739425,"properties":{"osmId":1201739425,"name":"","highway":"cycleway","cycleway":"","cyclewayLeft":"","cyclewayRight":"","surface":"concrete"},"geometry":{"type":"LineString","coordinates":[[-45.8759794,-23.1981745],[-45.8765838,-23.1985336],[-45.8767316,-23.198623],[-45.8769984,-23.1988219],[-45.877276,-23.199024],[-45.8779197,-23.1995393],[-45.8786366,-23.2001641],[-45.8791387,-23.2006238],[-45.8802195,-23.2016312],[-45.880485,-23.2019044],[-45.8810108,-23.2024885],[-45.8816963,-23.2032445],[-45.8824866,-23.2040105],[-45.8828229,-23.2043501],[-45.8831037,-23.2046111],[-45.8831504,-23.2046796],[-45.8831452,-23.2047357],[-45.8831235,-23.2047925],[-45.8831843,-23.2048003]]}},{"type":"Feature","id":1201739426,"properties":{"osmId":1201739426,"name":"","highway":"cycleway","cycleway":"","cyclewayLeft":"","cyclewayRight":"","surface":"concrete"},"geometry":{"type":"LineString","coordinates":[[-45.8831235,-23.2047925],[-45.8827422,-23.2051151],[-45.8826714,-23.2051485],[-45.882467,-23.2053094],[-45.8823333,-23.2053882],[-45.8822484,-23.2054367],[-45.8822004,-23.2054893],[-45.8821233,-23.2056001],[-45.8817866,-23.2059288],[-45.8817212,-23.2060059],[-45.8816562,-23.2060926],[-45.8815428,-23.206204],[-45.8815292,-23.2062575],[-45.8815215,-23.206384],[-45.8813477,-23.2065528],[-45.881249,-23.2066567],[-45.8801989,-23.2075457],[-45.8792998,-23.2083289],[-45.8792429,-23.2083361],[-45.8791368,-23.2083361],[-45.8790374,-23.2083218],[-45.8789621,-23.2083806],[-45.8789045,-23.2084322]]}},{"type":"Feature","id":1218785802,"properties":{"osmId":1218785802,"name":"","highway":"cycleway","cycleway":"","cyclewayLeft":"","cyclewayRight":"","surface":""},"geometry":{"type":"LineString","coordinates":[[-45.8947196,-23.168215],[-45.8947438,-23.1681141],[-45.8947601,-23.1680059],[-45.8947803,-23.1679145],[-45.8948349,-23.1678498],[-45.8949042,-23.1678064],[-45.8949977,-23.1677703],[-45.8950657,-23.1677257],[-45.8951264,-23.1676765],[-45.895207,-23.1675831],[-45.8952762,-23.1675386],[-45.8953605,-23.1674845]]}},{"type":"Feature","id":1251200858,"properties":{"osmId":1251200858,"name":"Extensão Ciclovia urbanova","highway":"cycleway","cycleway":"","cyclewayLeft":"","cyclewayRight":"","surface":"asphalt"},"geometry":{"type":"LineString","coordinates":[[-45.931593,-23.1954105],[-45.9318737,-23.1953272],[-45.9319946,-23.1952831],[-45.9321419,-23.1952902],[-45.9324222,-23.1954307],[-45.9324839,-23.1955686],[-45.9325348,-23.1956822],[-45.9330002,-23.1964736],[-45.9333381,-23.1969716],[-45.933377,-23.1970133],[-45.9334427,-23.1970838],[-45.9343739,-23.1979242],[-45.9358052,-23.1992183],[-45.9369377,-23.2002485],[-45.9370052,-23.2003036],[-45.9370663,-23.2003534],[-45.9380212,-23.2012035],[-45.9395833,-23.2025985],[-45.9399161,-23.2029369],[-45.9399791,-23.203001],[-45.9400456,-23.2030685],[-45.9403561,-23.2033089],[-45.9406597,-23.2035364],[-45.9409282,-23.2036888],[-45.9412645,-23.2038089],[-45.9413557,-23.2038247],[-45.9417361,-23.2038905],[-45.9433053,-23.2039141],[-45.9454267,-23.2039307],[-45.9458239,-23.2039338]]}},{"type":"Feature","id":1284456769,"properties":{"osmId":1284456769,"name":"","highway":"cycleway","cycleway":"","cyclewayLeft":"","cyclewayRight":"","surface":""},"geometry":{"type":"LineString","coordinates":[[-45.8939048,-23.1680368],[-45.8939466,-23.1678001],[-45.8939712,-23.1677142],[-45.8940096,-23.1676662],[-45.8940972,-23.1676319],[-45.8942017,-23.1676436],[-45.8942996,-23.1677004],[-45.8944047,-23.1678091],[-45.8944515,-23.1678684],[-45.8944884,-23.1679353],[-45.8945204,-23.1680816],[-45.8945371,-23.1681386],[-45.8945669,-23.1681623],[-45.894632,-23.1681912],[-45.8947196,-23.168215],[-45.8948443,-23.1682415],[-45.8949607,-23.1682393],[-45.8950708,-23.1682386],[-45.895149,-23.1682536]]}},{"type":"Feature","id":1284456770,"properties":{"osmId":1284456770,"name":"","highway":"cycleway","cycleway":"","cyclewayLeft":"","cyclewayRight":"","surface":""},"geometry":{"type":"LineString","coordinates":[[-45.8948356,-23.1671953],[-45.894908,-23.1672458],[-45.8949531,-23.1672747],[-45.8950409,-23.1672751],[-45.895136,-23.1672991],[-45.8952345,-23.1673354],[-45.8953169,-23.1674063],[-45.8953605,-23.1674845],[-45.8954106,-23.1675512],[-45.8954955,-23.1676069]]}},{"type":"Feature","id":1340462431,"properties":{"osmId":1340462431,"name":"Rua Bacabal","highway":"tertiary","cycleway":"","cyclewayLeft":"lane","cyclewayRight":"","surface":"asphalt"},"geometry":{"type":"LineString","coordinates":[[-45.9143314,-23.2536084],[-45.9146496,-23.2539849],[-45.9151374,-23.2545373],[-45.9156526,-23.2551159]]}},{"type":"Feature","id":1340462432,"properties":{"osmId":1340462432,"name":"Rua Bacabal","highway":"tertiary","cycleway":"","cyclewayLeft":"lane","cyclewayRight":"","surface":"asphalt"},"geometry":{"type":"LineString","coordinates":[[-45.91698,-23.2566794],[-45.9169403,-23.256633],[-45.9158758,-23.2553867],[-45.9156526,-23.2551159]]}},{"type":"Feature","id":1343939189,"properties":{"osmId":1343939189,"name":"Rua Audemo Veneziani","highway":"secondary","cycleway":"","cyclewayLeft":"lane","cyclewayRight":"no","surface":"asphalt"},"geometry":{"type":"LineString","coordinates":[[-45.9007475,-23.1522482],[-45.9012643,-23.1521164]]}},{"type":"Feature","id":1362770163,"properties":{"osmId":1362770163,"name":"","highway":"cycleway","cycleway":"","cyclewayLeft":"","cyclewayRight":"","surface":""},"geometry":{"type":"LineString","coordinates":[[-45.8605957,-23.2235424],[-45.8607695,-23.2233965],[-45.8609403,-23.2233363],[-45.8613952,-23.2229351],[-45.8615684,-23.2229091],[-45.8616419,-23.2228981],[-45.8623832,-23.2222277],[-45.8627421,-23.2219431],[-45.8631565,-23.2216685],[-45.863228,-23.2216147],[-45.8640454,-23.2209989],[-45.8640655,-23.2209111],[-45.864038,-23.2208821],[-45.8640038,-23.220846],[-45.8639946,-23.2207978],[-45.8640208,-23.2207384],[-45.864104,-23.220686],[-45.8641656,-23.2206081],[-45.864181,-23.2205288],[-45.8641856,-23.2201013],[-45.8642318,-23.2197332],[-45.8643181,-23.2194047],[-45.8644444,-23.2191131],[-45.8646016,-23.2188186],[-45.8649343,-23.2183712],[-45.865415,-23.2178191],[-45.8659603,-23.2172726],[-45.8665457,-23.2167573],[-45.8670818,-23.2163156],[-45.8678428,-23.2157719],[-45.8681179,-23.2155793],[-45.8682561,-23.2156039],[-45.8683606,-23.2156283],[-45.868899,-23.2152972],[-45.86901,-23.2152548],[-45.8691773,-23.2152376],[-45.8694732,-23.2151247],[-45.8704178,-23.2148838],[-45.8710938,-23.2147482],[-45.8720176,-23.2145646],[-45.8725365,-23.2143795],[-45.873035,-23.2141347],[-45.8733644,-23.2139104],[-45.8736426,-23.2137378],[-45.8739821,-23.2134339],[-45.8740387,-23.2133833],[-45.8746532,-23.2128499],[-45.8749246,-23.2125801],[-45.8748942,-23.2125142],[-45.8748249,-23.2124525],[-45.8747044,-23.212326],[-45.8747983,-23.2122318],[-45.8747983,-23.212144],[-45.8747727,-23.2120765],[-45.8748135,-23.212017],[-45.8748787,-23.2119602],[-45.8749672,-23.2118694],[-45.8743077,-23.2112444],[-45.8740211,-23.2109857],[-45.8737109,-23.2107038],[-45.8736836,-23.2106521],[-45.8729633,-23.2099994],[-45.8723078,-23.2093641],[-45.8720381,-23.2091162],[-45.8719357,-23.2088981],[-45.8717599,-23.2087585],[-45.8714349,-23.208507],[-45.8707657,-23.2079027],[-45.8699864,-23.2071756],[-45.8693498,-23.2065842],[-45.8691687,-23.2064021],[-45.8691175,-23.2063096],[-45.8691073,-23.2062468],[-45.8691448,-23.2061417],[-45.8691005,-23.2060899],[-45.869035,-23.2060344],[-45.8689605,-23.205966]]}},{"type":"Feature","id":1409282242,"properties":{"osmId":1409282242,"name":"","highway":"cycleway","cycleway":"","cyclewayLeft":"","cyclewayRight":"","surface":""},"geometry":{"type":"LineString","coordinates":[[-45.8759742,-23.2092441],[-45.8757564,-23.2090268],[-45.875587,-23.2088148],[-45.8753663,-23.2081442],[-45.8752493,-23.2075031],[-45.8753085,-23.2074808],[-45.875404,-23.207431],[-45.8753831,-23.2072901],[-45.8754369,-23.2071905],[-45.8765123,-23.206273]]}},{"type":"Feature","id":1409287027,"properties":{"osmId":1409287027,"name":"","highway":"cycleway","cycleway":"","cyclewayLeft":"","cyclewayRight":"","surface":"paved"},"geometry":{"type":"LineString","coordinates":[[-45.8842777,-23.1989029],[-45.8843077,-23.1987912],[-45.8839464,-23.1984207],[-45.8836264,-23.1981006],[-45.883081,-23.1977996],[-45.8815176,-23.1970455],[-45.8806817,-23.1966492],[-45.8805821,-23.1966021],[-45.8805065,-23.1965676],[-45.8797957,-23.1962155],[-45.8791274,-23.1958913],[-45.8790889,-23.1958668],[-45.8790815,-23.1958314],[-45.8790815,-23.1957142],[-45.8790489,-23.1956066],[-45.8790148,-23.1955317],[-45.878957,-23.1953669],[-45.8789199,-23.19498],[-45.8789096,-23.1948956],[-45.8788384,-23.1947866],[-45.8789438,-23.1946847]]}},{"type":"Feature","id":1442367726,"properties":{"osmId":1442367726,"name":"","highway":"cycleway","cycleway":"","cyclewayLeft":"","cyclewayRight":"","surface":""},"geometry":{"type":"LineString","coordinates":[[-45.89048,-23.2649328],[-45.8904478,-23.2648909]]}},{"type":"Feature","id":1442367727,"properties":{"osmId":1442367727,"name":"","highway":"cycleway","cycleway":"","cyclewayLeft":"","cyclewayRight":"","surface":""},"geometry":{"type":"LineString","coordinates":[[-45.8906318,-23.266043],[-45.8908731,-23.2660734],[-45.890946,-23.2660386],[-45.8908897,-23.265892],[-45.8908542,-23.2657885],[-45.8908293,-23.2656752],[-45.8908224,-23.2656471],[-45.890775,-23.2654534],[-45.8907107,-23.2652569],[-45.8905967,-23.2650659],[-45.89048,-23.2649328]]}},{"type":"Feature","id":1445691969,"properties":{"osmId":1445691969,"name":"Rua Constância da Cunha Paiva","highway":"tertiary","cycleway":"","cyclewayLeft":"track","cyclewayRight":"","surface":""},"geometry":{"type":"LineString","coordinates":[[-45.800043,-23.171114],[-45.800078,-23.1710162],[-45.8001324,-23.1709098],[-45.8005952,-23.1700919],[-45.8008716,-23.1695906],[-45.8010712,-23.1692349],[-45.8011238,-23.1691015],[-45.8011544,-23.1688921],[-45.801186,-23.1687577],[-45.8012,-23.1686985],[-45.8012509,-23.1685641],[-45.801326,-23.1684359],[-45.8013793,-23.1683761]]}},{"type":"Feature","id":1445691970,"properties":{"osmId":1445691970,"name":"Rua Constância da Cunha Paiva","highway":"tertiary","cycleway":"","cyclewayLeft":"","cyclewayRight":"track","surface":""},"geometry":{"type":"LineString","coordinates":[[-45.8020758,-23.1676737],[-45.8018147,-23.1681632],[-45.8016133,-23.168505],[-45.8015319,-23.1686472],[-45.8014172,-23.1688372],[-45.8012434,-23.1691469],[-45.800982,-23.1696419],[-45.8007025,-23.1701439],[-45.800428,-23.1706474],[-45.8001452,-23.1711616]]}},{"type":"Feature","id":1445691971,"properties":{"osmId":1445691971,"name":"Rua Constância da Cunha Paiva","highway":"tertiary","cycleway":"","cyclewayLeft":"","cyclewayRight":"track","surface":""},"geometry":{"type":"LineString","coordinates":[[-45.8000984,-23.1711398],[-45.7999662,-23.1713962],[-45.7996054,-23.1720447],[-45.7995437,-23.1720891],[-45.7994673,-23.1721125],[-45.7994042,-23.1720952]]}},{"type":"Feature","id":1456458267,"properties":{"osmId":1456458267,"name":"Rua Constância da Cunha Paiva","highway":"tertiary","cycleway":"","cyclewayLeft":"track","cyclewayRight":"","surface":""},"geometry":{"type":"LineString","coordinates":[[-45.8025775,-23.1661515],[-45.8026884,-23.1659476],[-45.8028486,-23.1657606],[-45.802946,-23.1656896],[-45.8030273,-23.1656303],[-45.803095,-23.1655607],[-45.8032034,-23.1654077],[-45.8033758,-23.1651024]]}},{"type":"Feature","id":1479371693,"properties":{"osmId":1479371693,"name":"Rua Constância da Cunha Paiva","highway":"tertiary","cycleway":"","cyclewayLeft":"track","cyclewayRight":"","surface":""},"geometry":{"type":"LineString","coordinates":[[-45.8013793,-23.1683761],[-45.8014655,-23.1682793],[-45.801658,-23.1681302],[-45.8017462,-23.168037],[-45.8019602,-23.1676243],[-45.8022293,-23.1671467],[-45.8024711,-23.1666969],[-45.8025163,-23.1665345],[-45.8025467,-23.1663555],[-45.8025775,-23.1661515]]}},{"type":"Feature","id":1481113313,"properties":{"osmId":1481113313,"name":"","highway":"cycleway","cycleway":"","cyclewayLeft":"","cyclewayRight":"","surface":""},"geometry":{"type":"LineString","coordinates":[[-45.8855591,-23.2055785],[-45.8851165,-23.2051646],[-45.8846818,-23.204765],[-45.8846316,-23.2046953],[-45.8845996,-23.2045802],[-45.8845819,-23.2044875]]}},{"type":"Feature","id":1481113314,"properties":{"osmId":1481113314,"name":"","highway":"cycleway","cycleway":"crossing","cyclewayLeft":"","cyclewayRight":"","surface":""},"geometry":{"type":"LineString","coordinates":[[-45.8845819,-23.2044875],[-45.8844591,-23.204466],[-45.8844402,-23.2044627]]}},{"type":"Feature","id":1481113315,"properties":{"osmId":1481113315,"name":"","highway":"cycleway","cycleway":"","cyclewayLeft":"","cyclewayRight":"","surface":""},"geometry":{"type":"LineString","coordinates":[[-45.8844402,-23.2044627],[-45.8841721,-23.2042372],[-45.8841768,-23.2042082],[-45.8842183,-23.2041714]]}},{"type":"Feature","id":1481113316,"properties":{"osmId":1481113316,"name":"","highway":"cycleway","cycleway":"crossing","cyclewayLeft":"","cyclewayRight":"","surface":""},"geometry":{"type":"LineString","coordinates":[[-45.8842183,-23.2041714],[-45.8841706,-23.2041321],[-45.8841031,-23.2040767],[-45.8840202,-23.2040086],[-45.8839857,-23.2039802]]}},{"type":"Feature","id":1481113317,"properties":{"osmId":1481113317,"name":"","highway":"cycleway","cycleway":"","cyclewayLeft":"","cyclewayRight":"","surface":""},"geometry":{"type":"LineString","coordinates":[[-45.8839857,-23.2039802],[-45.8839147,-23.2039902],[-45.8838906,-23.2040064]]}},{"type":"Feature","id":1481113318,"properties":{"osmId":1481113318,"name":"","highway":"cycleway","cycleway":"crossing","cyclewayLeft":"","cyclewayRight":"","surface":""},"geometry":{"type":"LineString","coordinates":[[-45.8838906,-23.2040064],[-45.8838125,-23.2040847],[-45.8837877,-23.2041094]]}},{"type":"Feature","id":1481120872,"properties":{"osmId":1481120872,"name":"","highway":"cycleway","cycleway":"","cyclewayLeft":"","cyclewayRight":"","surface":"concrete"},"geometry":{"type":"LineString","coordinates":[[-45.8837877,-23.2041094],[-45.8837743,-23.2041361],[-45.883816,-23.2041838],[-45.8838317,-23.2042298],[-45.883727,-23.204332],[-45.8835521,-23.2044891],[-45.8835213,-23.2045168],[-45.8834631,-23.2045622],[-45.8833916,-23.2046181],[-45.8833452,-23.2046241],[-45.8833049,-23.2046914],[-45.8832804,-23.2047323],[-45.8832276,-23.2047885],[-45.8831843,-23.2048003]]}},{"type":"Feature","id":1481120873,"properties":{"osmId":1481120873,"name":"","highway":"cycleway","cycleway":"","cyclewayLeft":"","cyclewayRight":"","surface":""},"geometry":{"type":"LineString","coordinates":[[-45.8855591,-23.2055785],[-45.8855967,-23.2055993]]}},{"type":"Feature","id":1485422181,"properties":{"osmId":1485422181,"name":"","highway":"cycleway","cycleway":"","cyclewayLeft":"","cyclewayRight":"","surface":""},"geometry":{"type":"LineString","coordinates":[[-45.8857129,-23.2056747],[-45.8863325,-23.2062772],[-45.8867389,-23.2066608],[-45.8872661,-23.207157],[-45.8873168,-23.2071958],[-45.8875339,-23.2073992],[-45.8876227,-23.2074711],[-45.8876723,-23.2074548],[-45.8876931,-23.2074468],[-45.887737,-23.2072299],[-45.8877483,-23.2071627],[-45.8877629,-23.2070751],[-45.8877785,-23.2069821],[-45.8879146,-23.2061933],[-45.8879716,-23.2058634],[-45.8881235,-23.2049828],[-45.8881387,-23.2049087],[-45.8881478,-23.2048643]]}},{"type":"Feature","id":1485422182,"properties":{"osmId":1485422182,"name":"","highway":"cycleway","cycleway":"","cyclewayLeft":"","cyclewayRight":"","surface":""},"geometry":{"type":"LineString","coordinates":[[-45.8855967,-23.2055993],[-45.8856334,-23.2056318],[-45.8856617,-23.2056471],[-45.8857129,-23.2056747]]}},{"type":"Feature","id":1487257638,"properties":{"osmId":1487257638,"name":"","highway":"cycleway","cycleway":"","cyclewayLeft":"","cyclewayRight":"","surface":""},"geometry":{"type":"LineString","coordinates":[[-45.90656,-23.2052598],[-45.9065177,-23.2052833],[-45.9062411,-23.205687],[-45.9063006,-23.2056983],[-45.9064396,-23.2057247],[-45.9063163,-23.2059169],[-45.9063052,-23.2059342],[-45.9062886,-23.205975],[-45.9062335,-23.2061107]]}},{"type":"Feature","id":1487257639,"properties":{"osmId":1487257639,"name":"","highway":"cycleway","cycleway":"","cyclewayLeft":"","cyclewayRight":"","surface":""},"geometry":{"type":"LineString","coordinates":[[-45.90656,-23.2052598],[-45.9065857,-23.2052301],[-45.9067687,-23.2050185]]}},{"type":"Feature","id":1487257640,"properties":{"osmId":1487257640,"name":"","highway":"cycleway","cycleway":"","cyclewayLeft":"","cyclewayRight":"","surface":""},"geometry":{"type":"LineString","coordinates":[[-45.9062335,-23.2061107],[-45.9061105,-23.2062967],[-45.9060829,-23.2063419],[-45.9059197,-23.2066086],[-45.9058929,-23.2066452],[-45.9058402,-23.2067172],[-45.9057806,-23.2067987],[-45.9057499,-23.206822],[-45.905699,-23.2068608],[-45.9056646,-23.2069124],[-45.9054666,-23.2072096],[-45.9053291,-23.2073685],[-45.90519,-23.2075713],[-45.9050334,-23.2077971],[-45.904865,-23.2081249],[-45.9046772,-23.2084701],[-45.9046384,-23.2085413],[-45.9044774,-23.2087387],[-45.9044053,-23.2088407],[-45.90442,-23.2089077],[-45.9044281,-23.2089367],[-45.9043435,-23.2090084],[-45.9043141,-23.2090334],[-45.9042074,-23.2089915],[-45.904117,-23.2090429],[-45.9040265,-23.2091105],[-45.9038154,-23.209249],[-45.9036235,-23.2093565],[-45.9034499,-23.2094288],[-45.903165,-23.2095141]]}},{"type":"Feature","id":1487257641,"properties":{"osmId":1487257641,"name":"","highway":"cycleway","cycleway":"","cyclewayLeft":"","cyclewayRight":"","surface":""},"geometry":{"type":"LineString","coordinates":[[-45.903016,-23.2095586],[-45.9027887,-23.2095667],[-45.9027027,-23.2095836],[-45.9025938,-23.2096215]]}},{"type":"Feature","id":1487257642,"properties":{"osmId":1487257642,"name":"","highway":"cycleway","cycleway":"","cyclewayLeft":"","cyclewayRight":"","surface":""},"geometry":{"type":"LineString","coordinates":[[-45.9023151,-23.2097303],[-45.9019216,-23.2098202],[-45.9011461,-23.2100034],[-45.9007735,-23.210107],[-45.9005084,-23.2102023],[-45.9003548,-23.2102647],[-45.9002421,-23.2103447],[-45.9001217,-23.2104683],[-45.9000218,-23.2106048],[-45.8999616,-23.2107708],[-45.8999655,-23.2109861],[-45.8999975,-23.2111544],[-45.9000333,-23.2112768],[-45.9000858,-23.2113616],[-45.9002293,-23.2114357],[-45.9003279,-23.2115628],[-45.9004252,-23.2117123],[-45.9004367,-23.211857],[-45.9010462,-23.2126338],[-45.9011692,-23.2127115],[-45.9012998,-23.2127385],[-45.9014512,-23.212731],[-45.9015397,-23.212718],[-45.9016518,-23.2127083]]}},{"type":"Feature","id":1487257643,"properties":{"osmId":1487257643,"name":"","highway":"cycleway","cycleway":"","cyclewayLeft":"","cyclewayRight":"","surface":""},"geometry":{"type":"LineString","coordinates":[[-45.903056,-23.2095466],[-45.903016,-23.2095586],[-45.9028196,-23.2096005],[-45.9027019,-23.2096201],[-45.9025938,-23.2096215],[-45.9024063,-23.209687],[-45.9023151,-23.2097303]]}},{"type":"Feature","id":1487257644,"properties":{"osmId":1487257644,"name":"","highway":"cycleway","cycleway":"","cyclewayLeft":"","cyclewayRight":"","surface":""},"geometry":{"type":"LineString","coordinates":[[-45.903165,-23.2095141],[-45.903056,-23.2095466]]}},{"type":"Feature","id":1528639917,"properties":{"osmId":1528639917,"name":"Rua Candeias","highway":"secondary","cycleway":"","cyclewayLeft":"lane","cyclewayRight":"","surface":"asphalt"},"geometry":{"type":"LineString","coordinates":[[-45.9109452,-23.2588727],[-45.9112413,-23.2599498],[-45.9112637,-23.2600355]]}},{"type":"Feature","id":1537818072,"properties":{"osmId":1537818072,"name":"","highway":"cycleway","cycleway":"","cyclewayLeft":"","cyclewayRight":"","surface":""},"geometry":{"type":"LineString","coordinates":[[-45.9091879,-23.2428372],[-45.9092112,-23.242958],[-45.9092188,-23.2429973],[-45.9092148,-23.2430737],[-45.9092261,-23.2431313],[-45.909278,-23.2433324],[-45.9093044,-23.2434425],[-45.9093392,-23.2435411],[-45.9093705,-23.2436523]]}},{"type":"Feature","id":1537818073,"properties":{"osmId":1537818073,"name":"","highway":"cycleway","cycleway":"","cyclewayLeft":"","cyclewayRight":"","surface":""},"geometry":{"type":"LineString","coordinates":[[-45.9093705,-23.2436523],[-45.9094027,-23.2437733],[-45.9094411,-23.2439581],[-45.9094675,-23.2440214],[-45.9094974,-23.2440931],[-45.909531,-23.2442257],[-45.9096405,-23.2446586],[-45.9096608,-23.2447568],[-45.9097015,-23.244856],[-45.9097299,-23.2449389],[-45.9097582,-23.245004],[-45.9099737,-23.2452497],[-45.9100237,-23.2453027],[-45.9100511,-23.2453367],[-45.9101333,-23.2454235],[-45.9101882,-23.2454999]]}},{"type":"Feature","id":1537818074,"properties":{"osmId":1537818074,"name":"","highway":"cycleway","cycleway":"","cyclewayLeft":"","cyclewayRight":"","surface":""},"geometry":{"type":"LineString","coordinates":[[-45.9101882,-23.2454999],[-45.9102362,-23.2455571],[-45.9105307,-23.2459082],[-45.9106738,-23.2460928],[-45.9107063,-23.2461347],[-45.9108388,-23.2462933],[-45.9110483,-23.2465197],[-45.9112498,-23.2467593],[-45.9116447,-23.2472338],[-45.9117649,-23.2473413],[-45.9118943,-23.2474433],[-45.9119867,-23.2475905],[-45.9122363,-23.2478849],[-45.9125946,-23.2482953],[-45.9127847,-23.2485105],[-45.9129511,-23.2487058],[-45.9130897,-23.2488644],[-45.9132777,-23.249088],[-45.913301,-23.2491102],[-45.9134071,-23.2492069],[-45.9135611,-23.2493711],[-45.9138848,-23.2497696]]}},{"type":"Feature","id":1538453526,"properties":{"osmId":1538453526,"name":"","highway":"cycleway","cycleway":"","cyclewayLeft":"","cyclewayRight":"","surface":""},"geometry":{"type":"LineString","coordinates":[[-45.9225576,-23.2568709],[-45.9225363,-23.2568681],[-45.9222779,-23.2560812],[-45.9218798,-23.2548375],[-45.9216932,-23.2542592],[-45.9216055,-23.2541985],[-45.921494,-23.2541481],[-45.9213896,-23.254101],[-45.9200766,-23.2538327],[-45.9199562,-23.2538246],[-45.9198235,-23.2538441],[-45.9197262,-23.2538815],[-45.9181712,-23.2554784],[-45.9171286,-23.2566456],[-45.9168552,-23.2569537],[-45.9164765,-23.257378],[-45.9162512,-23.2576935],[-45.9161913,-23.2577887],[-45.9161496,-23.2578494],[-45.9155197,-23.2585646],[-45.9153118,-23.2587482],[-45.9151528,-23.2589112],[-45.9149565,-23.2591125],[-45.9148719,-23.2591991],[-45.9143596,-23.2597634],[-45.9137253,-23.2604349],[-45.913217,-23.2610079],[-45.9127664,-23.2614995],[-45.9124083,-23.2618913],[-45.9121495,-23.2621919],[-45.9120047,-23.2623435],[-45.9119746,-23.2622412],[-45.9119479,-23.2621503],[-45.9119094,-23.2620194],[-45.9118294,-23.2621505],[-45.9117919,-23.262212]]}},{"type":"Feature","id":1538453527,"properties":{"osmId":1538453527,"name":"","highway":"cycleway","cycleway":"","cyclewayLeft":"","cyclewayRight":"","surface":""},"geometry":{"type":"LineString","coordinates":[[-45.916218,-23.2574218],[-45.9162457,-23.2573948],[-45.9163415,-23.2573015],[-45.9163591,-23.2572843],[-45.9163893,-23.2573084],[-45.9164765,-23.257378]]}}]}
