{"type":"FeatureCollection","features":[{"type":"Feature","id":"osm-node-1439614413","properties":{"kind":"transit-stop","name":"Parada de ônibus","ref":"","osmId":1439614413},"geometry":{"type":"Point","coordinates":[-45.8897874,-23.1742523]}},{"type":"Feature","id":"osm-node-1645032375","properties":{"kind":"transit-stop","name":"Colinas","ref":"","osmId":1645032375},"geometry":{"type":"Point","coordinates":[-45.9124351,-23.1998174]}},{"type":"Feature","id":"osm-node-1645033342","properties":{"kind":"transit-stop","name":"Colinas","ref":"","osmId":1645033342},"geometry":{"type":"Point","coordinates":[-45.9092359,-23.2046482]}},{"type":"Feature","id":"osm-node-1645046499","properties":{"kind":"transit-stop","name":"Anchieta","ref":"","osmId":1645046499},"geometry":{"type":"Point","coordinates":[-45.9054675,-23.194052]}},{"type":"Feature","id":"osm-node-1645046505","properties":{"kind":"transit-stop","name":"Anchieta","ref":"","osmId":1645046505},"geometry":{"type":"Point","coordinates":[-45.9056902,-23.194407]}},{"type":"Feature","id":"osm-node-1645054556","properties":{"kind":"transit-stop","name":"Parada de ônibus","ref":"","osmId":1645054556},"geometry":{"type":"Point","coordinates":[-45.904907,-23.1989852]}},{"type":"Feature","id":"osm-node-1645059367","properties":{"kind":"transit-stop","name":"Vicentina Aranha","ref":"","osmId":1645059367},"geometry":{"type":"Point","coordinates":[-45.8973485,-23.1968354]}},{"type":"Feature","id":"osm-node-1645060261","properties":{"kind":"transit-stop","name":"Avenida São João","ref":"","osmId":1645060261},"geometry":{"type":"Point","coordinates":[-45.8997464,-23.1983984]}},{"type":"Feature","id":"osm-node-1645060398","properties":{"kind":"transit-stop","name":"Avenida São João","ref":"","osmId":1645060398},"geometry":{"type":"Point","coordinates":[-45.8971178,-23.1956865]}},{"type":"Feature","id":"osm-node-1645060536","properties":{"kind":"transit-stop","name":"Avenida São João","ref":"","osmId":1645060536},"geometry":{"type":"Point","coordinates":[-45.8940524,-23.1929031]}},{"type":"Feature","id":"osm-node-1645074170","properties":{"kind":"transit-stop","name":"Vicentina Aranha","ref":"","osmId":1645074170},"geometry":{"type":"Point","coordinates":[-45.8952617,-23.1975504]}},{"type":"Feature","id":"osm-node-1650284056","properties":{"kind":"transit-stop","name":"Parada de ônibus","ref":"","osmId":1650284056},"geometry":{"type":"Point","coordinates":[-45.7909962,-23.1561604]}},{"type":"Feature","id":"osm-node-2057128622","properties":{"kind":"transit-stop","name":"Parada de ônibus","ref":"","osmId":2057128622},"geometry":{"type":"Point","coordinates":[-45.8869578,-23.1891437]}},{"type":"Feature","id":"osm-node-2057128645","properties":{"kind":"transit-stop","name":"Praça Kennedy","ref":"","osmId":2057128645},"geometry":{"type":"Point","coordinates":[-45.8883174,-23.190883]}},{"type":"Feature","id":"osm-node-2057128679","properties":{"kind":"transit-stop","name":"Parada de ônibus","ref":"","osmId":2057128679},"geometry":{"type":"Point","coordinates":[-45.8848147,-23.1878271]}},{"type":"Feature","id":"osm-node-2057184587","properties":{"kind":"transit-stop","name":"Parada de ônibus","ref":"","osmId":2057184587},"geometry":{"type":"Point","coordinates":[-45.8896695,-23.1916437]}},{"type":"Feature","id":"osm-node-2057184588","properties":{"kind":"transit-stop","name":"Parada de ônibus","ref":"","osmId":2057184588},"geometry":{"type":"Point","coordinates":[-45.8887549,-23.187763]}},{"type":"Feature","id":"osm-node-2057184593","properties":{"kind":"transit-stop","name":"Parada de ônibus","ref":"","osmId":2057184593},"geometry":{"type":"Point","coordinates":[-45.8880736,-23.1800901]}},{"type":"Feature","id":"osm-node-2057184598","properties":{"kind":"transit-stop","name":"Parada de ônibus","ref":"","osmId":2057184598},"geometry":{"type":"Point","coordinates":[-45.8869336,-23.180201]}},{"type":"Feature","id":"osm-node-2057184602","properties":{"kind":"transit-stop","name":"Parada de ônibus","ref":"","osmId":2057184602},"geometry":{"type":"Point","coordinates":[-45.8825804,-23.1845874]}},{"type":"Feature","id":"osm-node-2057184603","properties":{"kind":"transit-stop","name":"Parada de ônibus","ref":"","osmId":2057184603},"geometry":{"type":"Point","coordinates":[-45.8880709,-23.1841288]}},{"type":"Feature","id":"osm-node-2057184604","properties":{"kind":"transit-stop","name":"Parada de ônibus","ref":"","osmId":2057184604},"geometry":{"type":"Point","coordinates":[-45.8835384,-23.1811924]}},{"type":"Feature","id":"osm-node-2057186593","properties":{"kind":"transit-stop","name":"Parada de ônibus","ref":"","osmId":2057186593},"geometry":{"type":"Point","coordinates":[-45.8815129,-23.1863626]}},{"type":"Feature","id":"osm-node-2057186594","properties":{"kind":"transit-stop","name":"Parada de ônibus","ref":"","osmId":2057186594},"geometry":{"type":"Point","coordinates":[-45.8671631,-23.1808569]}},{"type":"Feature","id":"osm-node-2057186595","properties":{"kind":"transit-stop","name":"Parada de ônibus","ref":"","osmId":2057186595},"geometry":{"type":"Point","coordinates":[-45.8744373,-23.190632]}},{"type":"Feature","id":"osm-node-2057186596","properties":{"kind":"transit-stop","name":"Parada Drga Bello Monte Castelo","ref":"","osmId":2057186596},"geometry":{"type":"Point","coordinates":[-45.8732418,-23.1880297]}},{"type":"Feature","id":"osm-node-2057186597","properties":{"kind":"transit-stop","name":"Parada de ônibus","ref":"","osmId":2057186597},"geometry":{"type":"Point","coordinates":[-45.8705625,-23.1821795]}},{"type":"Feature","id":"osm-node-2057186600","properties":{"kind":"transit-stop","name":"Parada de ônibus","ref":"","osmId":2057186600},"geometry":{"type":"Point","coordinates":[-45.8769669,-23.191208]}},{"type":"Feature","id":"osm-node-2057186601","properties":{"kind":"transit-stop","name":"L-454","ref":"","osmId":2057186601},"geometry":{"type":"Point","coordinates":[-45.8663852,-23.1807632]}},{"type":"Feature","id":"osm-node-2057186602","properties":{"kind":"transit-stop","name":"Parada de ônibus","ref":"","osmId":2057186602},"geometry":{"type":"Point","coordinates":[-45.872875,-23.1877813]}},{"type":"Feature","id":"osm-node-2057186603","properties":{"kind":"transit-stop","name":"Parada de ônibus","ref":"","osmId":2057186603},"geometry":{"type":"Point","coordinates":[-45.8663351,-23.1795099]}},{"type":"Feature","id":"osm-node-2057186604","properties":{"kind":"transit-stop","name":"Parada de ônibus","ref":"","osmId":2057186604},"geometry":{"type":"Point","coordinates":[-45.8663521,-23.1793527]}},{"type":"Feature","id":"osm-node-2057186605","properties":{"kind":"transit-stop","name":"C-078","ref":"","osmId":2057186605},"geometry":{"type":"Point","coordinates":[-45.8712239,-23.1839907]}},{"type":"Feature","id":"osm-node-2057191155","properties":{"kind":"transit-stop","name":"Parada de ônibus","ref":"","osmId":2057191155},"geometry":{"type":"Point","coordinates":[-45.8566183,-23.1826844]}},{"type":"Feature","id":"osm-node-2057191157","properties":{"kind":"transit-stop","name":"Parada de ônibus","ref":"","osmId":2057191157},"geometry":{"type":"Point","coordinates":[-45.8543111,-23.1811235]}},{"type":"Feature","id":"osm-node-2057191160","properties":{"kind":"transit-stop","name":"Parada de ônibus","ref":"","osmId":2057191160},"geometry":{"type":"Point","coordinates":[-45.8617938,-23.1845177]}},{"type":"Feature","id":"osm-node-2057191164","properties":{"kind":"transit-stop","name":"Parada de ônibus","ref":"","osmId":2057191164},"geometry":{"type":"Point","coordinates":[-45.8530497,-23.1795203]}},{"type":"Feature","id":"osm-node-2057191166","properties":{"kind":"transit-stop","name":"Parada de ônibus","ref":"","osmId":2057191166},"geometry":{"type":"Point","coordinates":[-45.8782513,-23.1885915]}},{"type":"Feature","id":"osm-node-2057191167","properties":{"kind":"transit-stop","name":"Parada de ônibus","ref":"","osmId":2057191167},"geometry":{"type":"Point","coordinates":[-45.8607216,-23.1844863]}},{"type":"Feature","id":"osm-node-2057191168","properties":{"kind":"transit-stop","name":"Parada de ônibus","ref":"","osmId":2057191168},"geometry":{"type":"Point","coordinates":[-45.875958,-23.1885347]}},{"type":"Feature","id":"osm-node-2057191169","properties":{"kind":"transit-stop","name":"Parada de ônibus","ref":"","osmId":2057191169},"geometry":{"type":"Point","coordinates":[-45.85472,-23.1815798]}},{"type":"Feature","id":"osm-node-2156454151","properties":{"kind":"transit-stop","name":"Parada de ônibus","ref":"","osmId":2156454151},"geometry":{"type":"Point","coordinates":[-45.8760174,-23.1949482]}},{"type":"Feature","id":"osm-node-2156454166","properties":{"kind":"transit-stop","name":"Center Vale Shopping","ref":"","osmId":2156454166},"geometry":{"type":"Point","coordinates":[-45.8803411,-23.2007368]}},{"type":"Feature","id":"osm-node-2156454169","properties":{"kind":"transit-stop","name":"Parada de ônibus","ref":"","osmId":2156454169},"geometry":{"type":"Point","coordinates":[-45.8839701,-23.203954]}},{"type":"Feature","id":"osm-node-2156454180","properties":{"kind":"transit-stop","name":"Parada de ônibus","ref":"","osmId":2156454180},"geometry":{"type":"Point","coordinates":[-45.8767344,-23.1960608]}},{"type":"Feature","id":"osm-node-2156454181","properties":{"kind":"transit-stop","name":"Avenida Samuel Wainer, 3755","ref":"","osmId":2156454181},"geometry":{"type":"Point","coordinates":[-45.8762583,-23.1951956]}},{"type":"Feature","id":"osm-node-2156454190","properties":{"kind":"transit-stop","name":"C-145","ref":"","osmId":2156454190},"geometry":{"type":"Point","coordinates":[-45.8826612,-23.2028865]}},{"type":"Feature","id":"osm-node-2156454192","properties":{"kind":"transit-stop","name":"Terminal Suburbano","ref":"","osmId":2156454192},"geometry":{"type":"Point","coordinates":[-45.8777152,-23.1928994]}},{"type":"Feature","id":"osm-node-2156454195","properties":{"kind":"transit-stop","name":"Avenida Deputado Benedito Matarazzo, 9655","ref":"","osmId":2156454195},"geometry":{"type":"Point","coordinates":[-45.8782434,-23.1988875]}},{"type":"Feature","id":"osm-node-2156601467","properties":{"kind":"transit-stop","name":"Parada de ônibus","ref":"","osmId":2156601467},"geometry":{"type":"Point","coordinates":[-45.8709614,-23.1844985]}},{"type":"Feature","id":"osm-node-2223255410","properties":{"kind":"transit-stop","name":"Parada de ônibus","ref":"","osmId":2223255410},"geometry":{"type":"Point","coordinates":[-45.8578828,-23.1766186]}},{"type":"Feature","id":"osm-node-2223255413","properties":{"kind":"transit-stop","name":"Parada de ônibus","ref":"","osmId":2223255413},"geometry":{"type":"Point","coordinates":[-45.8593848,-23.1773409]}},{"type":"Feature","id":"osm-node-2225306454","properties":{"kind":"transit-stop","name":"Parada de ônibus","ref":"","osmId":2225306454},"geometry":{"type":"Point","coordinates":[-45.8589908,-23.1773165]}},{"type":"Feature","id":"osm-node-2225306455","properties":{"kind":"transit-stop","name":"Parada de ônibus","ref":"","osmId":2225306455},"geometry":{"type":"Point","coordinates":[-45.8569697,-23.1802684]}},{"type":"Feature","id":"osm-node-2225306456","properties":{"kind":"transit-stop","name":"Parada de ônibus","ref":"","osmId":2225306456},"geometry":{"type":"Point","coordinates":[-45.8615903,-23.1798502]}},{"type":"Feature","id":"osm-node-2225306457","properties":{"kind":"transit-stop","name":"Parada de ônibus","ref":"","osmId":2225306457},"geometry":{"type":"Point","coordinates":[-45.8591127,-23.1801354]}},{"type":"Feature","id":"osm-node-2225306458","properties":{"kind":"transit-stop","name":"Parada de ônibus","ref":"","osmId":2225306458},"geometry":{"type":"Point","coordinates":[-45.8561355,-23.1798715]}},{"type":"Feature","id":"osm-node-2225306459","properties":{"kind":"transit-stop","name":"L-471","ref":"","osmId":2225306459},"geometry":{"type":"Point","coordinates":[-45.8592778,-23.1802433]}},{"type":"Feature","id":"osm-node-2225306461","properties":{"kind":"transit-stop","name":"Parada de ônibus","ref":"","osmId":2225306461},"geometry":{"type":"Point","coordinates":[-45.8612629,-23.1792154]}},{"type":"Feature","id":"osm-node-2225306469","properties":{"kind":"transit-stop","name":"Parada de ônibus","ref":"","osmId":2225306469},"geometry":{"type":"Point","coordinates":[-45.860824,-23.1804608]}},{"type":"Feature","id":"osm-node-2225306470","properties":{"kind":"transit-stop","name":"L-475","ref":"","osmId":2225306470},"geometry":{"type":"Point","coordinates":[-45.85407,-23.1799054]}},{"type":"Feature","id":"osm-node-2225306471","properties":{"kind":"transit-stop","name":"Parada de ônibus","ref":"","osmId":2225306471},"geometry":{"type":"Point","coordinates":[-45.8568751,-23.1763399]}},{"type":"Feature","id":"osm-node-2225334397","properties":{"kind":"transit-stop","name":"Parada de ônibus","ref":"","osmId":2225334397},"geometry":{"type":"Point","coordinates":[-45.8618191,-23.1780148]}},{"type":"Feature","id":"osm-node-2258527055","properties":{"kind":"transit-stop","name":"Parada de ônibus","ref":"","osmId":2258527055},"geometry":{"type":"Point","coordinates":[-45.8885989,-23.2228546]}},{"type":"Feature","id":"osm-node-2258527057","properties":{"kind":"transit-stop","name":"Parada Vale Sul Shopping","ref":"","osmId":2258527057},"geometry":{"type":"Point","coordinates":[-45.8942167,-23.2172442]}},{"type":"Feature","id":"osm-node-2258527063","properties":{"kind":"transit-stop","name":"Parada de ônibus","ref":"","osmId":2258527063},"geometry":{"type":"Point","coordinates":[-45.8929172,-23.2188786]}},{"type":"Feature","id":"osm-node-2258527066","properties":{"kind":"transit-stop","name":"Parada de ônibus","ref":"","osmId":2258527066},"geometry":{"type":"Point","coordinates":[-45.8916298,-23.2196378]}},{"type":"Feature","id":"osm-node-2258527068","properties":{"kind":"transit-stop","name":"Parada de ônibus","ref":"","osmId":2258527068},"geometry":{"type":"Point","coordinates":[-45.8896396,-23.2214126]}},{"type":"Feature","id":"osm-node-2258527069","properties":{"kind":"transit-stop","name":"Parada de ônibus","ref":"","osmId":2258527069},"geometry":{"type":"Point","coordinates":[-45.8944944,-23.2174391]}},{"type":"Feature","id":"osm-node-2288678137","properties":{"kind":"transit-stop","name":"Parada de ônibus","ref":"","osmId":2288678137},"geometry":{"type":"Point","coordinates":[-45.8917092,-23.2042616]}},{"type":"Feature","id":"osm-node-2288678138","properties":{"kind":"transit-stop","name":"Parada de ônibus","ref":"","osmId":2288678138},"geometry":{"type":"Point","coordinates":[-45.8900945,-23.2044501]}},{"type":"Feature","id":"osm-node-2288681784","properties":{"kind":"transit-stop","name":"Parada de ônibus","ref":"","osmId":2288681784},"geometry":{"type":"Point","coordinates":[-45.8859466,-23.2045362]}},{"type":"Feature","id":"osm-node-2298107532","properties":{"kind":"transit-stop","name":"Parada de ônibus","ref":"","osmId":2298107532},"geometry":{"type":"Point","coordinates":[-45.8971206,-23.2567441]}},{"type":"Feature","id":"osm-node-2298145659","properties":{"kind":"transit-stop","name":"Parada de ônibus","ref":"","osmId":2298145659},"geometry":{"type":"Point","coordinates":[-45.8822708,-23.2295483]}},{"type":"Feature","id":"osm-node-2310669172","properties":{"kind":"transit-stop","name":"Parada de ônibus","ref":"","osmId":2310669172},"geometry":{"type":"Point","coordinates":[-45.8993151,-23.1576899]}},{"type":"Feature","id":"osm-node-2310669173","properties":{"kind":"transit-stop","name":"Parada de ônibus","ref":"","osmId":2310669173},"geometry":{"type":"Point","coordinates":[-45.8980312,-23.1562963]}},{"type":"Feature","id":"osm-node-2310679771","properties":{"kind":"transit-stop","name":"Parada de ônibus","ref":"","osmId":2310679771},"geometry":{"type":"Point","coordinates":[-45.9020321,-23.1564938]}},{"type":"Feature","id":"osm-node-2418582759","properties":{"kind":"transit-stop","name":"Parada de ônibus","ref":"","osmId":2418582759},"geometry":{"type":"Point","coordinates":[-45.8720777,-23.1800018]}},{"type":"Feature","id":"osm-node-2454649696","properties":{"kind":"transit-stop","name":"Parada de ônibus","ref":"","osmId":2454649696},"geometry":{"type":"Point","coordinates":[-45.8739365,-23.1833341]}},{"type":"Feature","id":"osm-node-2454649701","properties":{"kind":"transit-stop","name":"Parada de ônibus","ref":"","osmId":2454649701},"geometry":{"type":"Point","coordinates":[-45.8732901,-23.1801115]}},{"type":"Feature","id":"osm-node-2454649706","properties":{"kind":"transit-stop","name":"Parada de ônibus","ref":"","osmId":2454649706},"geometry":{"type":"Point","coordinates":[-45.8717644,-23.1823118]}},{"type":"Feature","id":"osm-node-2584507605","properties":{"kind":"transit-stop","name":"Parada de ônibus","ref":"","osmId":2584507605},"geometry":{"type":"Point","coordinates":[-45.9077982,-23.2069389]}},{"type":"Feature","id":"osm-node-2905010251","properties":{"kind":"transit-stop","name":"Parada de ônibus","ref":"","osmId":2905010251},"geometry":{"type":"Point","coordinates":[-45.890264,-23.1922225]}},{"type":"Feature","id":"osm-node-2905068632","properties":{"kind":"transit-stop","name":"Parada de ônibus","ref":"","osmId":2905068632},"geometry":{"type":"Point","coordinates":[-45.8751535,-23.1915092]}},{"type":"Feature","id":"osm-node-2906620489","properties":{"kind":"transit-stop","name":"Parada de ônibus","ref":"","osmId":2906620489},"geometry":{"type":"Point","coordinates":[-45.835177,-23.1785643]}},{"type":"Feature","id":"osm-node-2906620921","properties":{"kind":"transit-stop","name":"Parada de ônibus","ref":"","osmId":2906620921},"geometry":{"type":"Point","coordinates":[-45.8875207,-23.2234214]}},{"type":"Feature","id":"osm-node-2969569496","properties":{"kind":"transit-stop","name":"Parada de ônibus","ref":"","osmId":2969569496},"geometry":{"type":"Point","coordinates":[-45.8801427,-23.1965827]}},{"type":"Feature","id":"osm-node-2993278953","properties":{"kind":"transit-stop","name":"Parada de ônibus","ref":"","osmId":2993278953},"geometry":{"type":"Point","coordinates":[-45.9102115,-23.2169382]}},{"type":"Feature","id":"osm-node-3009780419","properties":{"kind":"transit-stop","name":"C-010","ref":"","osmId":3009780419},"geometry":{"type":"Point","coordinates":[-45.8878838,-23.2060394]}},{"type":"Feature","id":"osm-node-3009780420","properties":{"kind":"transit-stop","name":"Parada de ônibus","ref":"","osmId":3009780420},"geometry":{"type":"Point","coordinates":[-45.8882826,-23.2037188]}},{"type":"Feature","id":"osm-node-3009780421","properties":{"kind":"transit-stop","name":"Parada de ônibus","ref":"","osmId":3009780421},"geometry":{"type":"Point","coordinates":[-45.8886926,-23.2012964]}},{"type":"Feature","id":"osm-node-3009780422","properties":{"kind":"transit-stop","name":"Parada de ônibus","ref":"","osmId":3009780422},"geometry":{"type":"Point","coordinates":[-45.8890386,-23.1995]}},{"type":"Feature","id":"osm-node-3010897347","properties":{"kind":"transit-stop","name":"Parada de ônibus","ref":"","osmId":3010897347},"geometry":{"type":"Point","coordinates":[-45.8723065,-23.1869113]}},{"type":"Feature","id":"osm-node-3010897348","properties":{"kind":"transit-stop","name":"Parada de ônibus","ref":"","osmId":3010897348},"geometry":{"type":"Point","coordinates":[-45.8718574,-23.1865507]}},{"type":"Feature","id":"osm-node-3075936171","properties":{"kind":"transit-stop","name":"Parada de ônibus","ref":"","osmId":3075936171},"geometry":{"type":"Point","coordinates":[-45.7900244,-23.1884687]}},{"type":"Feature","id":"osm-node-3075936172","properties":{"kind":"transit-stop","name":"Parada de ônibus","ref":"","osmId":3075936172},"geometry":{"type":"Point","coordinates":[-45.7850945,-23.1915456]}},{"type":"Feature","id":"osm-node-3075936173","properties":{"kind":"transit-stop","name":"Parada de ônibus","ref":"","osmId":3075936173},"geometry":{"type":"Point","coordinates":[-45.7822251,-23.1941371]}},{"type":"Feature","id":"osm-node-3075936177","properties":{"kind":"transit-stop","name":"Parada de ônibus","ref":"","osmId":3075936177},"geometry":{"type":"Point","coordinates":[-45.7750467,-23.2036595]}},{"type":"Feature","id":"osm-node-3075936179","properties":{"kind":"transit-stop","name":"Parada de ônibus","ref":"","osmId":3075936179},"geometry":{"type":"Point","coordinates":[-45.775097,-23.2068952]}},{"type":"Feature","id":"osm-node-3075936180","properties":{"kind":"transit-stop","name":"Parada de ônibus","ref":"","osmId":3075936180},"geometry":{"type":"Point","coordinates":[-45.7735681,-23.2086997]}},{"type":"Feature","id":"osm-node-3075936181","properties":{"kind":"transit-stop","name":"Parada de ônibus","ref":"","osmId":3075936181},"geometry":{"type":"Point","coordinates":[-45.7725087,-23.2099397]}},{"type":"Feature","id":"osm-node-3075936184","properties":{"kind":"transit-stop","name":"Parada de ônibus","ref":"","osmId":3075936184},"geometry":{"type":"Point","coordinates":[-45.7816736,-23.1976673]}},{"type":"Feature","id":"osm-node-3075936193","properties":{"kind":"transit-stop","name":"Parada de ônibus","ref":"","osmId":3075936193},"geometry":{"type":"Point","coordinates":[-45.7783824,-23.2004605]}},{"type":"Feature","id":"osm-node-3075936194","properties":{"kind":"transit-stop","name":"Parada de ônibus","ref":"","osmId":3075936194},"geometry":{"type":"Point","coordinates":[-45.7781597,-23.2010152]}},{"type":"Feature","id":"osm-node-3075936195","properties":{"kind":"transit-stop","name":"Parada de ônibus","ref":"","osmId":3075936195},"geometry":{"type":"Point","coordinates":[-45.7766872,-23.2021689]}},{"type":"Feature","id":"osm-node-3075936196","properties":{"kind":"transit-stop","name":"Parada de ônibus","ref":"","osmId":3075936196},"geometry":{"type":"Point","coordinates":[-45.7761186,-23.2020703]}},{"type":"Feature","id":"osm-node-3075936198","properties":{"kind":"transit-stop","name":"Parada de ônibus","ref":"","osmId":3075936198},"geometry":{"type":"Point","coordinates":[-45.7748687,-23.2037171]}},{"type":"Feature","id":"osm-node-3081097743","properties":{"kind":"transit-stop","name":"Parada de ônibus","ref":"","osmId":3081097743},"geometry":{"type":"Point","coordinates":[-45.8918657,-23.2078719]}},{"type":"Feature","id":"osm-node-3081097744","properties":{"kind":"transit-stop","name":"Parada de ônibus","ref":"","osmId":3081097744},"geometry":{"type":"Point","coordinates":[-45.8901518,-23.2079459]}},{"type":"Feature","id":"osm-node-3081097745","properties":{"kind":"transit-stop","name":"Parada de ônibus","ref":"","osmId":3081097745},"geometry":{"type":"Point","coordinates":[-45.8947598,-23.2065506]}},{"type":"Feature","id":"osm-node-3086690447","properties":{"kind":"transit-stop","name":"Parada de ônibus","ref":"","osmId":3086690447},"geometry":{"type":"Point","coordinates":[-45.8479841,-23.1803511]}},{"type":"Feature","id":"osm-node-3086690448","properties":{"kind":"transit-stop","name":"Parada de ônibus","ref":"","osmId":3086690448},"geometry":{"type":"Point","coordinates":[-45.8474727,-23.1805918]}},{"type":"Feature","id":"osm-node-3175146515","properties":{"kind":"transit-stop","name":"Parada de ônibus","ref":"","osmId":3175146515},"geometry":{"type":"Point","coordinates":[-45.9084894,-23.1238129]}},{"type":"Feature","id":"osm-node-3175146516","properties":{"kind":"transit-stop","name":"Parada de ônibus","ref":"","osmId":3175146516},"geometry":{"type":"Point","coordinates":[-45.9086653,-23.1238233]}},{"type":"Feature","id":"osm-node-3175146522","properties":{"kind":"transit-stop","name":"Parada de ônibus","ref":"","osmId":3175146522},"geometry":{"type":"Point","coordinates":[-45.9096641,-23.121234]}},{"type":"Feature","id":"osm-node-3175146523","properties":{"kind":"transit-stop","name":"Parada de ônibus","ref":"","osmId":3175146523},"geometry":{"type":"Point","coordinates":[-45.9096426,-23.120864]}},{"type":"Feature","id":"osm-node-3175146526","properties":{"kind":"transit-stop","name":"Parada de ônibus","ref":"","osmId":3175146526},"geometry":{"type":"Point","coordinates":[-45.9110702,-23.1199633]}},{"type":"Feature","id":"osm-node-3175179762","properties":{"kind":"transit-stop","name":"Parada de ônibus","ref":"","osmId":3175179762},"geometry":{"type":"Point","coordinates":[-45.9132903,-23.1161178]}},{"type":"Feature","id":"osm-node-3175179764","properties":{"kind":"transit-stop","name":"Parada de ônibus","ref":"","osmId":3175179764},"geometry":{"type":"Point","coordinates":[-45.9139419,-23.1150521]}},{"type":"Feature","id":"osm-node-3175179765","properties":{"kind":"transit-stop","name":"Parada de ônibus","ref":"","osmId":3175179765},"geometry":{"type":"Point","coordinates":[-45.9139553,-23.1146056]}},{"type":"Feature","id":"osm-node-3175179769","properties":{"kind":"transit-stop","name":"Parada de ônibus","ref":"","osmId":3175179769},"geometry":{"type":"Point","coordinates":[-45.9158162,-23.11309]}},{"type":"Feature","id":"osm-node-3175179770","properties":{"kind":"transit-stop","name":"Parada de ônibus","ref":"","osmId":3175179770},"geometry":{"type":"Point","coordinates":[-45.915822,-23.1132104]}},{"type":"Feature","id":"osm-node-3175193290","properties":{"kind":"transit-stop","name":"Parada de ônibus","ref":"","osmId":3175193290},"geometry":{"type":"Point","coordinates":[-45.9181474,-23.1106413]}},{"type":"Feature","id":"osm-node-3175193293","properties":{"kind":"transit-stop","name":"Parada de ônibus","ref":"","osmId":3175193293},"geometry":{"type":"Point","coordinates":[-45.9180535,-23.1078807]}},{"type":"Feature","id":"osm-node-3194242044","properties":{"kind":"transit-stop","name":"Parada de ônibus","ref":"","osmId":3194242044},"geometry":{"type":"Point","coordinates":[-45.8759131,-23.1981724]}},{"type":"Feature","id":"osm-node-3224261065","properties":{"kind":"transit-stop","name":"Parada de ônibus","ref":"","osmId":3224261065},"geometry":{"type":"Point","coordinates":[-45.8921039,-23.1995541]}},{"type":"Feature","id":"osm-node-3353162279","properties":{"kind":"transit-stop","name":"Parada de ônibus","ref":"","osmId":3353162279},"geometry":{"type":"Point","coordinates":[-45.9066144,-23.2040935]}},{"type":"Feature","id":"osm-node-3353164639","properties":{"kind":"transit-stop","name":"Parada de ônibus","ref":"","osmId":3353164639},"geometry":{"type":"Point","coordinates":[-45.9074385,-23.1956518]}},{"type":"Feature","id":"osm-node-3353164646","properties":{"kind":"transit-stop","name":"Parada de ônibus","ref":"","osmId":3353164646},"geometry":{"type":"Point","coordinates":[-45.9041649,-23.1932245]}},{"type":"Feature","id":"osm-node-3353168644","properties":{"kind":"transit-stop","name":"Parada de ônibus","ref":"","osmId":3353168644},"geometry":{"type":"Point","coordinates":[-45.8944241,-23.1927351]}},{"type":"Feature","id":"osm-node-3472635093","properties":{"kind":"transit-stop","name":"Parada de ônibus","ref":"","osmId":3472635093},"geometry":{"type":"Point","coordinates":[-45.8862098,-23.1742159]}},{"type":"Feature","id":"osm-node-3684294765","properties":{"kind":"transit-stop","name":"Parada de ônibus","ref":"","osmId":3684294765},"geometry":{"type":"Point","coordinates":[-45.890593,-23.2209878]}},{"type":"Feature","id":"osm-node-3684294766","properties":{"kind":"transit-stop","name":"Parada de ônibus","ref":"","osmId":3684294766},"geometry":{"type":"Point","coordinates":[-45.8861271,-23.22505]}},{"type":"Feature","id":"osm-node-3684294767","properties":{"kind":"transit-stop","name":"Parada de ônibus","ref":"","osmId":3684294767},"geometry":{"type":"Point","coordinates":[-45.8848772,-23.2261493]}},{"type":"Feature","id":"osm-node-3684294768","properties":{"kind":"transit-stop","name":"Parada de ônibus","ref":"","osmId":3684294768},"geometry":{"type":"Point","coordinates":[-45.8841986,-23.2282518]}},{"type":"Feature","id":"osm-node-3684294769","properties":{"kind":"transit-stop","name":"Parada de ônibus","ref":"","osmId":3684294769},"geometry":{"type":"Point","coordinates":[-45.8845339,-23.2287718]}},{"type":"Feature","id":"osm-node-3744974355","properties":{"kind":"transit-stop","name":"Parada de ônibus","ref":"","osmId":3744974355},"geometry":{"type":"Point","coordinates":[-45.8885341,-23.1932217]}},{"type":"Feature","id":"osm-node-3744974356","properties":{"kind":"transit-stop","name":"Parada de ônibus","ref":"","osmId":3744974356},"geometry":{"type":"Point","coordinates":[-45.8872414,-23.1977739]}},{"type":"Feature","id":"osm-node-3744974357","properties":{"kind":"transit-stop","name":"Parada de ônibus","ref":"","osmId":3744974357},"geometry":{"type":"Point","coordinates":[-45.8860924,-23.2017967]}},{"type":"Feature","id":"osm-node-3744974396","properties":{"kind":"transit-stop","name":"Parada de ônibus","ref":"","osmId":3744974396},"geometry":{"type":"Point","coordinates":[-45.8671819,-23.1952265]}},{"type":"Feature","id":"osm-node-3744974397","properties":{"kind":"transit-stop","name":"Parada de ônibus","ref":"","osmId":3744974397},"geometry":{"type":"Point","coordinates":[-45.8652131,-23.1970333]}},{"type":"Feature","id":"osm-node-3744974407","properties":{"kind":"transit-stop","name":"Parada de ônibus","ref":"","osmId":3744974407},"geometry":{"type":"Point","coordinates":[-45.8632689,-23.2009838]}},{"type":"Feature","id":"osm-node-3744974408","properties":{"kind":"transit-stop","name":"Parada de ônibus","ref":"","osmId":3744974408},"geometry":{"type":"Point","coordinates":[-45.8613387,-23.2030922]}},{"type":"Feature","id":"osm-node-3744974409","properties":{"kind":"transit-stop","name":"Parada de ônibus","ref":"","osmId":3744974409},"geometry":{"type":"Point","coordinates":[-45.8597923,-23.2063258]}},{"type":"Feature","id":"osm-node-4236260683","properties":{"kind":"transit-stop","name":"Ponto Final","ref":"","osmId":4236260683},"geometry":{"type":"Point","coordinates":[-45.7683693,-23.1337664]}},{"type":"Feature","id":"osm-node-4340533355","properties":{"kind":"transit-stop","name":"Parada de ônibus","ref":"","osmId":4340533355},"geometry":{"type":"Point","coordinates":[-45.7918743,-23.1877511]}},{"type":"Feature","id":"osm-node-4760013117","properties":{"kind":"transit-stop","name":"Parada de ônibus","ref":"","osmId":4760013117},"geometry":{"type":"Point","coordinates":[-45.8814829,-23.1956727]}},{"type":"Feature","id":"osm-node-4760014336","properties":{"kind":"transit-stop","name":"Parada de ônibus","ref":"","osmId":4760014336},"geometry":{"type":"Point","coordinates":[-45.859757,-23.1840309]}},{"type":"Feature","id":"osm-node-4768537272","properties":{"kind":"transit-stop","name":"Parada de ônibus","ref":"","osmId":4768537272},"geometry":{"type":"Point","coordinates":[-45.8873985,-23.185514]}},{"type":"Feature","id":"osm-node-4768537273","properties":{"kind":"transit-stop","name":"Parada de ônibus","ref":"","osmId":4768537273},"geometry":{"type":"Point","coordinates":[-45.8875004,-23.1845673]}},{"type":"Feature","id":"osm-node-4768537274","properties":{"kind":"transit-stop","name":"Parada de ônibus","ref":"","osmId":4768537274},"geometry":{"type":"Point","coordinates":[-45.8874629,-23.1848927]}},{"type":"Feature","id":"osm-node-4768537275","properties":{"kind":"transit-stop","name":"Parada de ônibus","ref":"","osmId":4768537275},"geometry":{"type":"Point","coordinates":[-45.8833024,-23.1853754]}},{"type":"Feature","id":"osm-node-5256882641","properties":{"kind":"transit-stop","name":"Parada de ônibus","ref":"","osmId":5256882641},"geometry":{"type":"Point","coordinates":[-45.8907283,-23.1570706]}},{"type":"Feature","id":"osm-node-5256882642","properties":{"kind":"transit-stop","name":"Parada de ônibus","ref":"","osmId":5256882642},"geometry":{"type":"Point","coordinates":[-45.8915456,-23.1575393]}},{"type":"Feature","id":"osm-node-5256882643","properties":{"kind":"transit-stop","name":"Parada de ônibus","ref":"","osmId":5256882643},"geometry":{"type":"Point","coordinates":[-45.8896516,-23.1574203]}},{"type":"Feature","id":"osm-node-5309365088","properties":{"kind":"transit-stop","name":"Parada de ônibus","ref":"","osmId":5309365088},"geometry":{"type":"Point","coordinates":[-45.8925406,-23.2479524]}},{"type":"Feature","id":"osm-node-5309390720","properties":{"kind":"transit-stop","name":"Parada de ônibus","ref":"","osmId":5309390720},"geometry":{"type":"Point","coordinates":[-45.8945964,-23.2467155]}},{"type":"Feature","id":"osm-node-5330751887","properties":{"kind":"transit-stop","name":"Parada de ônibus","ref":"","osmId":5330751887},"geometry":{"type":"Point","coordinates":[-45.9114081,-23.2238335]}},{"type":"Feature","id":"osm-node-5335782555","properties":{"kind":"transit-stop","name":"Parada de ônibus","ref":"","osmId":5335782555},"geometry":{"type":"Point","coordinates":[-45.9111254,-23.2216]}},{"type":"Feature","id":"osm-node-5394261627","properties":{"kind":"transit-stop","name":"Parada de ônibus","ref":"","osmId":5394261627},"geometry":{"type":"Point","coordinates":[-45.9089821,-23.1587153]}},{"type":"Feature","id":"osm-node-5394261628","properties":{"kind":"transit-stop","name":"Parada de ônibus","ref":"","osmId":5394261628},"geometry":{"type":"Point","coordinates":[-45.909244,-23.1581204]}},{"type":"Feature","id":"osm-node-5394322274","properties":{"kind":"transit-stop","name":"Parada de ônibus","ref":"","osmId":5394322274},"geometry":{"type":"Point","coordinates":[-45.9093475,-23.1600258]}},{"type":"Feature","id":"osm-node-5394322275","properties":{"kind":"transit-stop","name":"Parada de ônibus","ref":"","osmId":5394322275},"geometry":{"type":"Point","coordinates":[-45.9094339,-23.1604723]}},{"type":"Feature","id":"osm-node-5394322276","properties":{"kind":"transit-stop","name":"Parada de ônibus","ref":"","osmId":5394322276},"geometry":{"type":"Point","coordinates":[-45.9093141,-23.1609787]}},{"type":"Feature","id":"osm-node-5394322277","properties":{"kind":"transit-stop","name":"Parada de ônibus","ref":"","osmId":5394322277},"geometry":{"type":"Point","coordinates":[-45.9093726,-23.1608852]}},{"type":"Feature","id":"osm-node-5394454833","properties":{"kind":"transit-stop","name":"Parada de ônibus","ref":"","osmId":5394454833},"geometry":{"type":"Point","coordinates":[-45.9027835,-23.1527759]}},{"type":"Feature","id":"osm-node-5394454843","properties":{"kind":"transit-stop","name":"Parada de ônibus","ref":"","osmId":5394454843},"geometry":{"type":"Point","coordinates":[-45.9092016,-23.159223]}},{"type":"Feature","id":"osm-node-5415063013","properties":{"kind":"transit-stop","name":"Parada de ônibus","ref":"","osmId":5415063013},"geometry":{"type":"Point","coordinates":[-45.9095018,-23.2128934]}},{"type":"Feature","id":"osm-node-5415063014","properties":{"kind":"transit-stop","name":"Parada de ônibus","ref":"","osmId":5415063014},"geometry":{"type":"Point","coordinates":[-45.9099088,-23.2133748]}},{"type":"Feature","id":"osm-node-5415063015","properties":{"kind":"transit-stop","name":"Parada de ônibus","ref":"","osmId":5415063015},"geometry":{"type":"Point","coordinates":[-45.910399,-23.216738]}},{"type":"Feature","id":"osm-node-5664975209","properties":{"kind":"transit-stop","name":"Parada de ônibus","ref":"","osmId":5664975209},"geometry":{"type":"Point","coordinates":[-45.9010362,-23.2298074]}},{"type":"Feature","id":"osm-node-5664975210","properties":{"kind":"transit-stop","name":"Parada de ônibus","ref":"","osmId":5664975210},"geometry":{"type":"Point","coordinates":[-45.9008563,-23.2296811]}},{"type":"Feature","id":"osm-node-5664975211","properties":{"kind":"transit-stop","name":"Parada de ônibus","ref":"","osmId":5664975211},"geometry":{"type":"Point","coordinates":[-45.9017912,-23.2326994]}},{"type":"Feature","id":"osm-node-5664975212","properties":{"kind":"transit-stop","name":"Parada de ônibus","ref":"","osmId":5664975212},"geometry":{"type":"Point","coordinates":[-45.8990715,-23.2319092]}},{"type":"Feature","id":"osm-node-5664975213","properties":{"kind":"transit-stop","name":"Parada de ônibus","ref":"","osmId":5664975213},"geometry":{"type":"Point","coordinates":[-45.8985815,-23.2317714]}},{"type":"Feature","id":"osm-node-5664975214","properties":{"kind":"transit-stop","name":"Parada de ônibus","ref":"","osmId":5664975214},"geometry":{"type":"Point","coordinates":[-45.8973692,-23.230701]}},{"type":"Feature","id":"osm-node-5664975215","properties":{"kind":"transit-stop","name":"Parada de ônibus","ref":"","osmId":5664975215},"geometry":{"type":"Point","coordinates":[-45.8967043,-23.2319942]}},{"type":"Feature","id":"osm-node-5664975216","properties":{"kind":"transit-stop","name":"Parada de ônibus","ref":"","osmId":5664975216},"geometry":{"type":"Point","coordinates":[-45.8971017,-23.2321251]}},{"type":"Feature","id":"osm-node-5664975217","properties":{"kind":"transit-stop","name":"Parada de ônibus","ref":"","osmId":5664975217},"geometry":{"type":"Point","coordinates":[-45.8958669,-23.2318724]}},{"type":"Feature","id":"osm-node-5664975218","properties":{"kind":"transit-stop","name":"Parada de ônibus","ref":"","osmId":5664975218},"geometry":{"type":"Point","coordinates":[-45.8936978,-23.2319452]}},{"type":"Feature","id":"osm-node-5664975219","properties":{"kind":"transit-stop","name":"Parada de ônibus","ref":"","osmId":5664975219},"geometry":{"type":"Point","coordinates":[-45.8936977,-23.2321305]}},{"type":"Feature","id":"osm-node-5762231378","properties":{"kind":"transit-stop","name":"Parada de ônibus","ref":"","osmId":5762231378},"geometry":{"type":"Point","coordinates":[-45.7941478,-23.1631265]}},{"type":"Feature","id":"osm-node-5762263256","properties":{"kind":"transit-stop","name":"Parada de ônibus","ref":"","osmId":5762263256},"geometry":{"type":"Point","coordinates":[-45.7947592,-23.1624128]}},{"type":"Feature","id":"osm-node-5762263257","properties":{"kind":"transit-stop","name":"Parada de ônibus","ref":"","osmId":5762263257},"geometry":{"type":"Point","coordinates":[-45.7953479,-23.1617559]}},{"type":"Feature","id":"osm-node-5819388587","properties":{"kind":"transit-stop","name":"Parada de ônibus","ref":"","osmId":5819388587},"geometry":{"type":"Point","coordinates":[-45.96542,-23.3022216]}},{"type":"Feature","id":"osm-node-5819388588","properties":{"kind":"transit-stop","name":"Parada de ônibus","ref":"","osmId":5819388588},"geometry":{"type":"Point","coordinates":[-45.9631158,-23.3015656]}},{"type":"Feature","id":"osm-node-5819388589","properties":{"kind":"transit-stop","name":"Parada de ônibus","ref":"","osmId":5819388589},"geometry":{"type":"Point","coordinates":[-45.9714032,-23.3024896]}},{"type":"Feature","id":"osm-node-5819388590","properties":{"kind":"transit-stop","name":"Parada de ônibus","ref":"","osmId":5819388590},"geometry":{"type":"Point","coordinates":[-45.9747289,-23.3060328]}},{"type":"Feature","id":"osm-node-5874051791","properties":{"kind":"transit-stop","name":"Parada de ônibus","ref":"","osmId":5874051791},"geometry":{"type":"Point","coordinates":[-45.8900301,-23.2160264]}},{"type":"Feature","id":"osm-node-5874051792","properties":{"kind":"transit-stop","name":"Parada de ônibus","ref":"","osmId":5874051792},"geometry":{"type":"Point","coordinates":[-45.8868841,-23.2188964]}},{"type":"Feature","id":"osm-node-5874051793","properties":{"kind":"transit-stop","name":"Parada de ônibus","ref":"","osmId":5874051793},"geometry":{"type":"Point","coordinates":[-45.8856318,-23.2200359]}},{"type":"Feature","id":"osm-node-5874051794","properties":{"kind":"transit-stop","name":"Parada de ônibus","ref":"","osmId":5874051794},"geometry":{"type":"Point","coordinates":[-45.8873462,-23.2156047]}},{"type":"Feature","id":"osm-node-5874051795","properties":{"kind":"transit-stop","name":"Parada de ônibus","ref":"","osmId":5874051795},"geometry":{"type":"Point","coordinates":[-45.8841721,-23.2056803]}},{"type":"Feature","id":"osm-node-5874051797","properties":{"kind":"transit-stop","name":"Rua Roma, 449-517","ref":"","osmId":5874051797},"geometry":{"type":"Point","coordinates":[-45.8820355,-23.1975057]}},{"type":"Feature","id":"osm-node-5880248563","properties":{"kind":"transit-stop","name":"Parada de ônibus","ref":"","osmId":5880248563},"geometry":{"type":"Point","coordinates":[-45.8869354,-23.1857984]}},{"type":"Feature","id":"osm-node-6140788864","properties":{"kind":"transit-stop","name":"Parada de ônibus","ref":"","osmId":6140788864},"geometry":{"type":"Point","coordinates":[-45.8726909,-23.1889124]}},{"type":"Feature","id":"osm-node-6140788890","properties":{"kind":"transit-stop","name":"Parada de ônibus","ref":"","osmId":6140788890},"geometry":{"type":"Point","coordinates":[-45.8834093,-23.1854356]}},{"type":"Feature","id":"osm-node-6256054322","properties":{"kind":"transit-stop","name":"Parada de ônibus","ref":"","osmId":6256054322},"geometry":{"type":"Point","coordinates":[-45.8915163,-23.1711992]}},{"type":"Feature","id":"osm-node-6273636693","properties":{"kind":"transit-stop","name":"Parada de ônibus","ref":"","osmId":6273636693},"geometry":{"type":"Point","coordinates":[-45.8785921,-23.1774979]}},{"type":"Feature","id":"osm-node-6276688774","properties":{"kind":"transit-stop","name":"Parada de ônibus","ref":"","osmId":6276688774},"geometry":{"type":"Point","coordinates":[-45.9738164,-23.275187]}},{"type":"Feature","id":"osm-node-6340921648","properties":{"kind":"transit-stop","name":"Parada de ônibus","ref":"","osmId":6340921648},"geometry":{"type":"Point","coordinates":[-45.8570256,-23.2122898]}},{"type":"Feature","id":"osm-node-6340921649","properties":{"kind":"transit-stop","name":"Parada de ônibus","ref":"","osmId":6340921649},"geometry":{"type":"Point","coordinates":[-45.857189,-23.2125197]}},{"type":"Feature","id":"osm-node-6340921650","properties":{"kind":"transit-stop","name":"Parada de ônibus","ref":"","osmId":6340921650},"geometry":{"type":"Point","coordinates":[-45.8565228,-23.2146316]}},{"type":"Feature","id":"osm-node-6340921651","properties":{"kind":"transit-stop","name":"Parada de ônibus","ref":"","osmId":6340921651},"geometry":{"type":"Point","coordinates":[-45.8567391,-23.2147042]}},{"type":"Feature","id":"osm-node-6348609292","properties":{"kind":"transit-stop","name":"Parada de ônibus","ref":"","osmId":6348609292},"geometry":{"type":"Point","coordinates":[-45.8584062,-23.2081327]}},{"type":"Feature","id":"osm-node-6348609293","properties":{"kind":"transit-stop","name":"Parada de ônibus","ref":"","osmId":6348609293},"geometry":{"type":"Point","coordinates":[-45.8581238,-23.2082115]}},{"type":"Feature","id":"osm-node-6348609294","properties":{"kind":"transit-stop","name":"Parada de ônibus","ref":"","osmId":6348609294},"geometry":{"type":"Point","coordinates":[-45.8597966,-23.2066904]}},{"type":"Feature","id":"osm-node-6426060623","properties":{"kind":"transit-stop","name":"Parada de ônibus","ref":"","osmId":6426060623},"geometry":{"type":"Point","coordinates":[-45.9045438,-23.2067674]}},{"type":"Feature","id":"osm-node-6550520966","properties":{"kind":"transit-stop","name":"Parada de ônibus","ref":"","osmId":6550520966},"geometry":{"type":"Point","coordinates":[-45.9055781,-23.2069573]}},{"type":"Feature","id":"osm-node-6550520967","properties":{"kind":"transit-stop","name":"Parada de ônibus","ref":"","osmId":6550520967},"geometry":{"type":"Point","coordinates":[-45.9022133,-23.201052]}},{"type":"Feature","id":"osm-node-6550520968","properties":{"kind":"transit-stop","name":"Parada de ônibus","ref":"","osmId":6550520968},"geometry":{"type":"Point","coordinates":[-45.8884482,-23.1800294]}},{"type":"Feature","id":"osm-node-6559021846","properties":{"kind":"transit-stop","name":"Parada de ônibus","ref":"","osmId":6559021846},"geometry":{"type":"Point","coordinates":[-45.9077219,-23.2042366]}},{"type":"Feature","id":"osm-node-6559021847","properties":{"kind":"transit-stop","name":"Parada de ônibus","ref":"","osmId":6559021847},"geometry":{"type":"Point","coordinates":[-45.9157432,-23.1983574]}},{"type":"Feature","id":"osm-node-6559021848","properties":{"kind":"transit-stop","name":"Parada de ônibus","ref":"","osmId":6559021848},"geometry":{"type":"Point","coordinates":[-45.9016264,-23.2023794]}},{"type":"Feature","id":"osm-node-6559021849","properties":{"kind":"transit-stop","name":"Parada de ônibus","ref":"","osmId":6559021849},"geometry":{"type":"Point","coordinates":[-45.8985602,-23.2034323]}},{"type":"Feature","id":"osm-node-6565247059","properties":{"kind":"transit-stop","name":"Parada de ônibus","ref":"","osmId":6565247059},"geometry":{"type":"Point","coordinates":[-45.8889665,-23.2169234]}},{"type":"Feature","id":"osm-node-6565247060","properties":{"kind":"transit-stop","name":"Parada de ônibus","ref":"","osmId":6565247060},"geometry":{"type":"Point","coordinates":[-45.892335,-23.2189635]}},{"type":"Feature","id":"osm-node-6573672783","properties":{"kind":"transit-stop","name":"Parada de ônibus","ref":"","osmId":6573672783},"geometry":{"type":"Point","coordinates":[-45.8955552,-23.2162694]}},{"type":"Feature","id":"osm-node-6606065369","properties":{"kind":"transit-stop","name":"Parada de ônibus","ref":"","osmId":6606065369},"geometry":{"type":"Point","coordinates":[-45.896451,-23.202481]}},{"type":"Feature","id":"osm-node-6696018158","properties":{"kind":"transit-stop","name":"Parada de ônibus","ref":"","osmId":6696018158},"geometry":{"type":"Point","coordinates":[-45.9065875,-23.225144]}},{"type":"Feature","id":"osm-node-6698145690","properties":{"kind":"transit-stop","name":"Parada de ônibus","ref":"","osmId":6698145690},"geometry":{"type":"Point","coordinates":[-45.8641234,-23.1994843]}},{"type":"Feature","id":"osm-node-6698145691","properties":{"kind":"transit-stop","name":"Parada de ônibus","ref":"","osmId":6698145691},"geometry":{"type":"Point","coordinates":[-45.8604289,-23.2054256]}},{"type":"Feature","id":"osm-node-6754167618","properties":{"kind":"transit-stop","name":"Parada de ônibus","ref":"","osmId":6754167618},"geometry":{"type":"Point","coordinates":[-45.8539644,-23.216246]}},{"type":"Feature","id":"osm-node-6754167619","properties":{"kind":"transit-stop","name":"Parada de ônibus","ref":"","osmId":6754167619},"geometry":{"type":"Point","coordinates":[-45.8539805,-23.2161289]}},{"type":"Feature","id":"osm-node-6818142284","properties":{"kind":"transit-stop","name":"S-165","ref":"","osmId":6818142284},"geometry":{"type":"Point","coordinates":[-45.8668924,-23.2703006]}},{"type":"Feature","id":"osm-node-6818157792","properties":{"kind":"transit-stop","name":"S-164","ref":"","osmId":6818157792},"geometry":{"type":"Point","coordinates":[-45.867028,-23.2691134]}},{"type":"Feature","id":"osm-node-6818157793","properties":{"kind":"transit-stop","name":"S-163","ref":"","osmId":6818157793},"geometry":{"type":"Point","coordinates":[-45.8682397,-23.2672533]}},{"type":"Feature","id":"osm-node-6818157794","properties":{"kind":"transit-stop","name":"S-162","ref":"","osmId":6818157794},"geometry":{"type":"Point","coordinates":[-45.8665585,-23.2650381]}},{"type":"Feature","id":"osm-node-6818157796","properties":{"kind":"transit-stop","name":"S-161","ref":"","osmId":6818157796},"geometry":{"type":"Point","coordinates":[-45.8642123,-23.265629]}},{"type":"Feature","id":"osm-node-6818157797","properties":{"kind":"transit-stop","name":"S-160","ref":"","osmId":6818157797},"geometry":{"type":"Point","coordinates":[-45.8634658,-23.2682694]}},{"type":"Feature","id":"osm-node-6818157798","properties":{"kind":"transit-stop","name":"S-159","ref":"","osmId":6818157798},"geometry":{"type":"Point","coordinates":[-45.8620655,-23.2694865]}},{"type":"Feature","id":"osm-node-6818157799","properties":{"kind":"transit-stop","name":"S-158","ref":"","osmId":6818157799},"geometry":{"type":"Point","coordinates":[-45.8626136,-23.2714876]}},{"type":"Feature","id":"osm-node-6818157800","properties":{"kind":"transit-stop","name":"S-157","ref":"","osmId":6818157800},"geometry":{"type":"Point","coordinates":[-45.8621652,-23.2745094]}},{"type":"Feature","id":"osm-node-6818157801","properties":{"kind":"transit-stop","name":"S-156","ref":"","osmId":6818157801},"geometry":{"type":"Point","coordinates":[-45.8615735,-23.2768449]}},{"type":"Feature","id":"osm-node-6818157802","properties":{"kind":"transit-stop","name":"S-155","ref":"","osmId":6818157802},"geometry":{"type":"Point","coordinates":[-45.8633104,-23.2766385]}},{"type":"Feature","id":"osm-node-6818157804","properties":{"kind":"transit-stop","name":"S-154","ref":"","osmId":6818157804},"geometry":{"type":"Point","coordinates":[-45.8644006,-23.2750535]}},{"type":"Feature","id":"osm-node-6818157806","properties":{"kind":"transit-stop","name":"S-152","ref":"","osmId":6818157806},"geometry":{"type":"Point","coordinates":[-45.8662228,-23.2734579]}},{"type":"Feature","id":"osm-node-6818157807","properties":{"kind":"transit-stop","name":"S-151","ref":"","osmId":6818157807},"geometry":{"type":"Point","coordinates":[-45.8666616,-23.2734929]}},{"type":"Feature","id":"osm-node-6818157812","properties":{"kind":"transit-stop","name":"S-153","ref":"","osmId":6818157812},"geometry":{"type":"Point","coordinates":[-45.8652169,-23.2727141]}},{"type":"Feature","id":"osm-node-6818157813","properties":{"kind":"transit-stop","name":"S-167","ref":"","osmId":6818157813},"geometry":{"type":"Point","coordinates":[-45.8643694,-23.2718878]}},{"type":"Feature","id":"osm-node-6818157814","properties":{"kind":"transit-stop","name":"S-166","ref":"","osmId":6818157814},"geometry":{"type":"Point","coordinates":[-45.8653619,-23.2712791]}},{"type":"Feature","id":"osm-node-6818157815","properties":{"kind":"transit-stop","name":"S-150","ref":"","osmId":6818157815},"geometry":{"type":"Point","coordinates":[-45.8684638,-23.2740066]}},{"type":"Feature","id":"osm-node-6818157816","properties":{"kind":"transit-stop","name":"S-850","ref":"","osmId":6818157816},"geometry":{"type":"Point","coordinates":[-45.8682998,-23.2741303]}},{"type":"Feature","id":"osm-node-6818157825","properties":{"kind":"transit-stop","name":"S-159","ref":"","osmId":6818157825},"geometry":{"type":"Point","coordinates":[-45.8711975,-23.2745622]}},{"type":"Feature","id":"osm-node-6818157826","properties":{"kind":"transit-stop","name":"S-158","ref":"","osmId":6818157826},"geometry":{"type":"Point","coordinates":[-45.8712712,-23.2744756]}},{"type":"Feature","id":"osm-node-6818157827","properties":{"kind":"transit-stop","name":"S-147","ref":"","osmId":6818157827},"geometry":{"type":"Point","coordinates":[-45.872715,-23.274762]}},{"type":"Feature","id":"osm-node-6818157828","properties":{"kind":"transit-stop","name":"S-135","ref":"","osmId":6818157828},"geometry":{"type":"Point","coordinates":[-45.8728521,-23.2749791]}},{"type":"Feature","id":"osm-node-6848981368","properties":{"kind":"transit-stop","name":"Parada de ônibus","ref":"","osmId":6848981368},"geometry":{"type":"Point","coordinates":[-45.8958529,-23.2036974]}},{"type":"Feature","id":"osm-node-6848988073","properties":{"kind":"transit-stop","name":"Parada de ônibus","ref":"","osmId":6848988073},"geometry":{"type":"Point","coordinates":[-45.8925684,-23.1984727]}},{"type":"Feature","id":"osm-node-6848988436","properties":{"kind":"transit-stop","name":"Parada de ônibus","ref":"","osmId":6848988436},"geometry":{"type":"Point","coordinates":[-45.8956101,-23.2004064]}},{"type":"Feature","id":"osm-node-6848988437","properties":{"kind":"transit-stop","name":"Parada de ônibus","ref":"","osmId":6848988437},"geometry":{"type":"Point","coordinates":[-45.8942117,-23.1979061]}},{"type":"Feature","id":"osm-node-6849002622","properties":{"kind":"transit-stop","name":"Parada de ônibus","ref":"","osmId":6849002622},"geometry":{"type":"Point","coordinates":[-45.8933428,-23.2027108]}},{"type":"Feature","id":"osm-node-6849101395","properties":{"kind":"transit-stop","name":"Parada de ônibus","ref":"","osmId":6849101395},"geometry":{"type":"Point","coordinates":[-45.9123205,-23.1981952]}},{"type":"Feature","id":"osm-node-6852300988","properties":{"kind":"transit-stop","name":"Parada de ônibus","ref":"","osmId":6852300988},"geometry":{"type":"Point","coordinates":[-45.8393584,-23.1810603]}},{"type":"Feature","id":"osm-node-6852300996","properties":{"kind":"transit-stop","name":"Parada de ônibus","ref":"","osmId":6852300996},"geometry":{"type":"Point","coordinates":[-45.8391357,-23.1805545]}},{"type":"Feature","id":"osm-node-6852300997","properties":{"kind":"transit-stop","name":"Parada de ônibus","ref":"","osmId":6852300997},"geometry":{"type":"Point","coordinates":[-45.8409621,-23.1805862]}},{"type":"Feature","id":"osm-node-6852482145","properties":{"kind":"transit-stop","name":"Parada de ônibus","ref":"","osmId":6852482145},"geometry":{"type":"Point","coordinates":[-45.8164928,-23.1736541]}},{"type":"Feature","id":"osm-node-6852482146","properties":{"kind":"transit-stop","name":"Parada de ônibus","ref":"","osmId":6852482146},"geometry":{"type":"Point","coordinates":[-45.8180012,-23.1741263]}},{"type":"Feature","id":"osm-node-6852492225","properties":{"kind":"transit-stop","name":"Parada de ônibus","ref":"","osmId":6852492225},"geometry":{"type":"Point","coordinates":[-45.8698722,-23.1805643]}},{"type":"Feature","id":"osm-node-6859138941","properties":{"kind":"transit-stop","name":"Parada de ônibus","ref":"","osmId":6859138941},"geometry":{"type":"Point","coordinates":[-45.9067154,-23.2195058]}},{"type":"Feature","id":"osm-node-6859174434","properties":{"kind":"transit-stop","name":"Parada de ônibus","ref":"","osmId":6859174434},"geometry":{"type":"Point","coordinates":[-45.9019989,-23.2096788]}},{"type":"Feature","id":"osm-node-6859208442","properties":{"kind":"transit-stop","name":"Parada de ônibus","ref":"","osmId":6859208442},"geometry":{"type":"Point","coordinates":[-45.8999971,-23.2204051]}},{"type":"Feature","id":"osm-node-6860939751","properties":{"kind":"transit-stop","name":"Parada de ônibus","ref":"","osmId":6860939751},"geometry":{"type":"Point","coordinates":[-45.7875957,-23.1392403]}},{"type":"Feature","id":"osm-node-6861017913","properties":{"kind":"transit-stop","name":"Parada de ônibus","ref":"","osmId":6861017913},"geometry":{"type":"Point","coordinates":[-45.8282559,-23.1765629]}},{"type":"Feature","id":"osm-node-6861019574","properties":{"kind":"transit-stop","name":"Parada de ônibus","ref":"","osmId":6861019574},"geometry":{"type":"Point","coordinates":[-45.9068659,-23.2192525]}},{"type":"Feature","id":"osm-node-6864116938","properties":{"kind":"transit-stop","name":"Parada de ônibus","ref":"","osmId":6864116938},"geometry":{"type":"Point","coordinates":[-45.9189413,-23.1958221]}},{"type":"Feature","id":"osm-node-6864116943","properties":{"kind":"transit-stop","name":"Ponto n° O-192","ref":"","osmId":6864116943},"geometry":{"type":"Point","coordinates":[-45.9270948,-23.1937415]}},{"type":"Feature","id":"osm-node-6864116944","properties":{"kind":"transit-stop","name":"Parada de ônibus","ref":"","osmId":6864116944},"geometry":{"type":"Point","coordinates":[-45.9283853,-23.1948493]}},{"type":"Feature","id":"osm-node-6866817427","properties":{"kind":"transit-stop","name":"Parada de ônibus","ref":"","osmId":6866817427},"geometry":{"type":"Point","coordinates":[-45.8395378,-23.1715618]}},{"type":"Feature","id":"osm-node-6866817428","properties":{"kind":"transit-stop","name":"Parada de ônibus","ref":"","osmId":6866817428},"geometry":{"type":"Point","coordinates":[-45.8376921,-23.1711877]}},{"type":"Feature","id":"osm-node-6866817429","properties":{"kind":"transit-stop","name":"Parada de ônibus","ref":"","osmId":6866817429},"geometry":{"type":"Point","coordinates":[-45.8144242,-23.1733512]}},{"type":"Feature","id":"osm-node-6866817430","properties":{"kind":"transit-stop","name":"Parada de ônibus","ref":"","osmId":6866817430},"geometry":{"type":"Point","coordinates":[-45.8182539,-23.174344]}},{"type":"Feature","id":"osm-node-6866817435","properties":{"kind":"transit-stop","name":"Parada de ônibus","ref":"","osmId":6866817435},"geometry":{"type":"Point","coordinates":[-45.8203129,-23.1746865]}},{"type":"Feature","id":"osm-node-6866817436","properties":{"kind":"transit-stop","name":"Parada de ônibus","ref":"","osmId":6866817436},"geometry":{"type":"Point","coordinates":[-45.8206323,-23.174957]}},{"type":"Feature","id":"osm-node-6866817437","properties":{"kind":"transit-stop","name":"Parada de ônibus","ref":"","osmId":6866817437},"geometry":{"type":"Point","coordinates":[-45.8270454,-23.1765566]}},{"type":"Feature","id":"osm-node-6866817438","properties":{"kind":"transit-stop","name":"Parada de ônibus","ref":"","osmId":6866817438},"geometry":{"type":"Point","coordinates":[-45.8338926,-23.1783928]}},{"type":"Feature","id":"osm-node-6866817439","properties":{"kind":"transit-stop","name":"Parada de ônibus","ref":"","osmId":6866817439},"geometry":{"type":"Point","coordinates":[-45.8438232,-23.1797785]}},{"type":"Feature","id":"osm-node-6866817440","properties":{"kind":"transit-stop","name":"Parada de ônibus","ref":"","osmId":6866817440},"geometry":{"type":"Point","coordinates":[-45.843926,-23.1799872]}},{"type":"Feature","id":"osm-node-6866817445","properties":{"kind":"transit-stop","name":"Parada de ônibus","ref":"","osmId":6866817445},"geometry":{"type":"Point","coordinates":[-45.8505222,-23.1801488]}},{"type":"Feature","id":"osm-node-6866817446","properties":{"kind":"transit-stop","name":"Parada de ônibus","ref":"","osmId":6866817446},"geometry":{"type":"Point","coordinates":[-45.8506828,-23.1803001]}},{"type":"Feature","id":"osm-node-6869765311","properties":{"kind":"transit-stop","name":"Parada de ônibus","ref":"","osmId":6869765311},"geometry":{"type":"Point","coordinates":[-45.7960692,-23.1473482]}},{"type":"Feature","id":"osm-node-6871464546","properties":{"kind":"transit-stop","name":"Parada de ônibus","ref":"","osmId":6871464546},"geometry":{"type":"Point","coordinates":[-45.7962913,-23.1472917]}},{"type":"Feature","id":"osm-node-6876429787","properties":{"kind":"transit-stop","name":"Parada de ônibus","ref":"","osmId":6876429787},"geometry":{"type":"Point","coordinates":[-45.8997748,-23.2095301]}},{"type":"Feature","id":"osm-node-6883745635","properties":{"kind":"transit-stop","name":"Parada de ônibus","ref":"","osmId":6883745635},"geometry":{"type":"Point","coordinates":[-45.8962554,-23.2108273]}},{"type":"Feature","id":"osm-node-6883775836","properties":{"kind":"transit-stop","name":"Parada de ônibus","ref":"","osmId":6883775836},"geometry":{"type":"Point","coordinates":[-45.8844463,-23.2326931]}},{"type":"Feature","id":"osm-node-6883775837","properties":{"kind":"transit-stop","name":"Parada de ônibus","ref":"","osmId":6883775837},"geometry":{"type":"Point","coordinates":[-45.8845563,-23.2344785]}},{"type":"Feature","id":"osm-node-6883795695","properties":{"kind":"transit-stop","name":"Parada de ônibus","ref":"","osmId":6883795695},"geometry":{"type":"Point","coordinates":[-45.8891457,-23.2139606]}},{"type":"Feature","id":"osm-node-6883795696","properties":{"kind":"transit-stop","name":"Parada de ônibus","ref":"","osmId":6883795696},"geometry":{"type":"Point","coordinates":[-45.8900673,-23.1937794]}},{"type":"Feature","id":"osm-node-6883795697","properties":{"kind":"transit-stop","name":"Parada de ônibus","ref":"","osmId":6883795697},"geometry":{"type":"Point","coordinates":[-45.8874734,-23.1910394]}},{"type":"Feature","id":"osm-node-6883795698","properties":{"kind":"transit-stop","name":"Parada de ônibus","ref":"","osmId":6883795698},"geometry":{"type":"Point","coordinates":[-45.8879273,-23.1905354]}},{"type":"Feature","id":"osm-node-6913835763","properties":{"kind":"transit-stop","name":"Parada de ônibus","ref":"","osmId":6913835763},"geometry":{"type":"Point","coordinates":[-45.8243035,-23.1758298]}},{"type":"Feature","id":"osm-node-6913835764","properties":{"kind":"transit-stop","name":"Parada de ônibus","ref":"","osmId":6913835764},"geometry":{"type":"Point","coordinates":[-45.8239539,-23.1756114]}},{"type":"Feature","id":"osm-node-7044545099","properties":{"kind":"transit-stop","name":"121","ref":"2","osmId":7044545099},"geometry":{"type":"Point","coordinates":[-45.8880004,-23.1798835]}},{"type":"Feature","id":"osm-node-7047003987","properties":{"kind":"transit-stop","name":"128 - Urbanova","ref":"4","osmId":7047003987},"geometry":{"type":"Point","coordinates":[-45.8880279,-23.1798306]}},{"type":"Feature","id":"osm-node-7047003989","properties":{"kind":"transit-stop","name":"124 - Corredor Sul","ref":"6","osmId":7047003989},"geometry":{"type":"Point","coordinates":[-45.8880529,-23.1797821]}},{"type":"Feature","id":"osm-node-7047003993","properties":{"kind":"transit-stop","name":"8","ref":"8","osmId":7047003993},"geometry":{"type":"Point","coordinates":[-45.8880811,-23.1797294]}},{"type":"Feature","id":"osm-node-7047003996","properties":{"kind":"transit-stop","name":"10","ref":"10","osmId":7047003996},"geometry":{"type":"Point","coordinates":[-45.8881069,-23.179681]}},{"type":"Feature","id":"osm-node-7047003999","properties":{"kind":"transit-stop","name":"12","ref":"12","osmId":7047003999},"geometry":{"type":"Point","coordinates":[-45.8881311,-23.1796413]}},{"type":"Feature","id":"osm-node-7047004002","properties":{"kind":"transit-stop","name":"14","ref":"14","osmId":7047004002},"geometry":{"type":"Point","coordinates":[-45.8881531,-23.1795999]}},{"type":"Feature","id":"osm-node-7047004005","properties":{"kind":"transit-stop","name":"16","ref":"16","osmId":7047004005},"geometry":{"type":"Point","coordinates":[-45.888175,-23.1795522]}},{"type":"Feature","id":"osm-node-7047004017","properties":{"kind":"transit-stop","name":"1","ref":"1","osmId":7047004017},"geometry":{"type":"Point","coordinates":[-45.888213,-23.1800124]}},{"type":"Feature","id":"osm-node-7047004033","properties":{"kind":"transit-stop","name":"3","ref":"3","osmId":7047004033},"geometry":{"type":"Point","coordinates":[-45.8882576,-23.1799549]}},{"type":"Feature","id":"osm-node-7047004038","properties":{"kind":"transit-stop","name":"5","ref":"5","osmId":7047004038},"geometry":{"type":"Point","coordinates":[-45.8882746,-23.1799046]}},{"type":"Feature","id":"osm-node-7047004043","properties":{"kind":"transit-stop","name":"7","ref":"7","osmId":7047004043},"geometry":{"type":"Point","coordinates":[-45.8882972,-23.1798408]}},{"type":"Feature","id":"osm-node-7047004048","properties":{"kind":"transit-stop","name":"9","ref":"9","osmId":7047004048},"geometry":{"type":"Point","coordinates":[-45.8883162,-23.1797823]}},{"type":"Feature","id":"osm-node-7047004053","properties":{"kind":"transit-stop","name":"11","ref":"11","osmId":7047004053},"geometry":{"type":"Point","coordinates":[-45.8883335,-23.179731]}},{"type":"Feature","id":"osm-node-7047004058","properties":{"kind":"transit-stop","name":"13","ref":"13","osmId":7047004058},"geometry":{"type":"Point","coordinates":[-45.8883491,-23.1796848]}},{"type":"Feature","id":"osm-node-7047004063","properties":{"kind":"transit-stop","name":"15","ref":"15","osmId":7047004063},"geometry":{"type":"Point","coordinates":[-45.8883622,-23.1796463]}},{"type":"Feature","id":"osm-node-7047004070","properties":{"kind":"transit-stop","name":"17","ref":"17","osmId":7047004070},"geometry":{"type":"Point","coordinates":[-45.8883736,-23.1796126]}},{"type":"Feature","id":"osm-node-7049804339","properties":{"kind":"transit-stop","name":"Parada de ônibus","ref":"","osmId":7049804339},"geometry":{"type":"Point","coordinates":[-45.9092895,-23.2190827]}},{"type":"Feature","id":"osm-node-7049804340","properties":{"kind":"transit-stop","name":"Parada de ônibus","ref":"","osmId":7049804340},"geometry":{"type":"Point","coordinates":[-45.9092624,-23.2189129]}},{"type":"Feature","id":"osm-node-7049804341","properties":{"kind":"transit-stop","name":"Carrefour","ref":"","osmId":7049804341},"geometry":{"type":"Point","coordinates":[-45.9052946,-23.2220305]}},{"type":"Feature","id":"osm-node-7049815575","properties":{"kind":"transit-stop","name":"Parada de ônibus","ref":"","osmId":7049815575},"geometry":{"type":"Point","coordinates":[-45.8938149,-23.1959648]}},{"type":"Feature","id":"osm-node-7049815576","properties":{"kind":"transit-stop","name":"Parada de ônibus","ref":"","osmId":7049815576},"geometry":{"type":"Point","coordinates":[-45.8912418,-23.1921394]}},{"type":"Feature","id":"osm-node-7237281967","properties":{"kind":"transit-stop","name":"Parada de ônibus","ref":"","osmId":7237281967},"geometry":{"type":"Point","coordinates":[-45.8163625,-23.1678429]}},{"type":"Feature","id":"osm-node-7237281968","properties":{"kind":"transit-stop","name":"Parada de ônibus","ref":"","osmId":7237281968},"geometry":{"type":"Point","coordinates":[-45.8165422,-23.1675124]}},{"type":"Feature","id":"osm-node-7237281971","properties":{"kind":"transit-stop","name":"Parada de ônibus","ref":"","osmId":7237281971},"geometry":{"type":"Point","coordinates":[-45.816384,-23.1678133]}},{"type":"Feature","id":"osm-node-7237281976","properties":{"kind":"transit-stop","name":"Parada de ônibus","ref":"","osmId":7237281976},"geometry":{"type":"Point","coordinates":[-45.8165288,-23.1675568]}},{"type":"Feature","id":"osm-node-7561450968","properties":{"kind":"transit-stop","name":"Parada de ônibus","ref":"","osmId":7561450968},"geometry":{"type":"Point","coordinates":[-45.8874524,-23.1851809]}},{"type":"Feature","id":"osm-node-7683999098","properties":{"kind":"transit-stop","name":"Parada de ônibus","ref":"","osmId":7683999098},"geometry":{"type":"Point","coordinates":[-45.9273888,-23.2916501]}},{"type":"Feature","id":"osm-node-7683999099","properties":{"kind":"transit-stop","name":"Parada de ônibus","ref":"","osmId":7683999099},"geometry":{"type":"Point","coordinates":[-45.9272016,-23.2917393]}},{"type":"Feature","id":"osm-node-7684091289","properties":{"kind":"transit-stop","name":"Parada de ônibus","ref":"","osmId":7684091289},"geometry":{"type":"Point","coordinates":[-45.9402742,-23.2979376]}},{"type":"Feature","id":"osm-node-7684091306","properties":{"kind":"transit-stop","name":"Parada de ônibus","ref":"","osmId":7684091306},"geometry":{"type":"Point","coordinates":[-45.9399875,-23.2979978]}},{"type":"Feature","id":"osm-node-7684130544","properties":{"kind":"transit-stop","name":"Parada de ônibus","ref":"","osmId":7684130544},"geometry":{"type":"Point","coordinates":[-45.9280266,-23.2629837]}},{"type":"Feature","id":"osm-node-7686998805","properties":{"kind":"transit-stop","name":"Parada de ônibus","ref":"","osmId":7686998805},"geometry":{"type":"Point","coordinates":[-45.912459,-23.2291621]}},{"type":"Feature","id":"osm-node-7711477480","properties":{"kind":"transit-stop","name":"Parada de ônibus","ref":"","osmId":7711477480},"geometry":{"type":"Point","coordinates":[-45.9541274,-23.2775601]}},{"type":"Feature","id":"osm-node-7712140127","properties":{"kind":"transit-stop","name":"Parada de ônibus","ref":"","osmId":7712140127},"geometry":{"type":"Point","coordinates":[-45.9532532,-23.2798422]}},{"type":"Feature","id":"osm-node-7712167237","properties":{"kind":"transit-stop","name":"Parada de ônibus","ref":"","osmId":7712167237},"geometry":{"type":"Point","coordinates":[-45.9515953,-23.2815732]}},{"type":"Feature","id":"osm-node-7714399353","properties":{"kind":"transit-stop","name":"Parada de ônibus","ref":"","osmId":7714399353},"geometry":{"type":"Point","coordinates":[-45.9614656,-23.3009348]}},{"type":"Feature","id":"osm-node-7714558839","properties":{"kind":"transit-stop","name":"Parada de ônibus","ref":"","osmId":7714558839},"geometry":{"type":"Point","coordinates":[-45.96314,-23.2964557]}},{"type":"Feature","id":"osm-node-7714742320","properties":{"kind":"transit-stop","name":"Parada de ônibus","ref":"","osmId":7714742320},"geometry":{"type":"Point","coordinates":[-45.9507734,-23.2749374]}},{"type":"Feature","id":"osm-node-7714761650","properties":{"kind":"transit-stop","name":"Parada de ônibus","ref":"","osmId":7714761650},"geometry":{"type":"Point","coordinates":[-45.9349351,-23.2501974]}},{"type":"Feature","id":"osm-node-7714906614","properties":{"kind":"transit-stop","name":"Parada de ônibus","ref":"","osmId":7714906614},"geometry":{"type":"Point","coordinates":[-45.8859012,-23.1983977]}},{"type":"Feature","id":"osm-node-7714928941","properties":{"kind":"transit-stop","name":"Parada de ônibus","ref":"","osmId":7714928941},"geometry":{"type":"Point","coordinates":[-45.885692,-23.1952371]}},{"type":"Feature","id":"osm-node-7714928942","properties":{"kind":"transit-stop","name":"Parada de ônibus","ref":"","osmId":7714928942},"geometry":{"type":"Point","coordinates":[-45.885295,-23.1934226]}},{"type":"Feature","id":"osm-node-7714989188","properties":{"kind":"transit-stop","name":"Parada de ônibus","ref":"","osmId":7714989188},"geometry":{"type":"Point","coordinates":[-45.8856544,-23.190252]}},{"type":"Feature","id":"osm-node-7714989200","properties":{"kind":"transit-stop","name":"Parada de ônibus","ref":"","osmId":7714989200},"geometry":{"type":"Point","coordinates":[-45.8771384,-23.1929492]}},{"type":"Feature","id":"osm-node-7722478020","properties":{"kind":"transit-stop","name":"Parada de ônibus","ref":"","osmId":7722478020},"geometry":{"type":"Point","coordinates":[-45.9613454,-23.2665388]}},{"type":"Feature","id":"osm-node-7724827856","properties":{"kind":"transit-stop","name":"Parada de ônibus","ref":"","osmId":7724827856},"geometry":{"type":"Point","coordinates":[-45.9607754,-23.266541]}},{"type":"Feature","id":"osm-node-7724862314","properties":{"kind":"transit-stop","name":"Parada de ônibus","ref":"","osmId":7724862314},"geometry":{"type":"Point","coordinates":[-45.9231802,-23.2415686]}},{"type":"Feature","id":"osm-node-7724917701","properties":{"kind":"transit-stop","name":"Parada de ônibus","ref":"","osmId":7724917701},"geometry":{"type":"Point","coordinates":[-45.9045814,-23.2246814]}},{"type":"Feature","id":"osm-node-7725633496","properties":{"kind":"transit-stop","name":"Parada de ônibus","ref":"","osmId":7725633496},"geometry":{"type":"Point","coordinates":[-45.8832185,-23.2141298]}},{"type":"Feature","id":"osm-node-7725633497","properties":{"kind":"transit-stop","name":"Parada de ônibus","ref":"","osmId":7725633497},"geometry":{"type":"Point","coordinates":[-45.8832647,-23.2141663]}},{"type":"Feature","id":"osm-node-7726584170","properties":{"kind":"transit-stop","name":"Parada de ônibus","ref":"","osmId":7726584170},"geometry":{"type":"Point","coordinates":[-45.8841594,-23.2293036]}},{"type":"Feature","id":"osm-node-7727071035","properties":{"kind":"transit-stop","name":"Parada de ônibus","ref":"","osmId":7727071035},"geometry":{"type":"Point","coordinates":[-45.8989285,-23.2320161]}},{"type":"Feature","id":"osm-node-7727100114","properties":{"kind":"transit-stop","name":"Parada de ônibus","ref":"","osmId":7727100114},"geometry":{"type":"Point","coordinates":[-45.9019644,-23.2323566]}},{"type":"Feature","id":"osm-node-7727188163","properties":{"kind":"transit-stop","name":"Parada de ônibus","ref":"","osmId":7727188163},"geometry":{"type":"Point","coordinates":[-45.9038283,-23.2363646]}},{"type":"Feature","id":"osm-node-7727188164","properties":{"kind":"transit-stop","name":"Parada de ônibus","ref":"","osmId":7727188164},"geometry":{"type":"Point","coordinates":[-45.9036496,-23.2364412]}},{"type":"Feature","id":"osm-node-7727191730","properties":{"kind":"transit-stop","name":"Parada de ônibus","ref":"","osmId":7727191730},"geometry":{"type":"Point","coordinates":[-45.9029866,-23.2345441]}},{"type":"Feature","id":"osm-node-7727209476","properties":{"kind":"transit-stop","name":"Parada de ônibus","ref":"","osmId":7727209476},"geometry":{"type":"Point","coordinates":[-45.9061826,-23.240848]}},{"type":"Feature","id":"osm-node-7727414544","properties":{"kind":"transit-stop","name":"Parada de ônibus","ref":"","osmId":7727414544},"geometry":{"type":"Point","coordinates":[-45.9100508,-23.2552884]}},{"type":"Feature","id":"osm-node-7727698542","properties":{"kind":"transit-stop","name":"Parada de ônibus","ref":"","osmId":7727698542},"geometry":{"type":"Point","coordinates":[-45.9417364,-23.3092725]}},{"type":"Feature","id":"osm-node-7729007042","properties":{"kind":"transit-stop","name":"Parada de ônibus","ref":"","osmId":7729007042},"geometry":{"type":"Point","coordinates":[-45.9355458,-23.2724658]}},{"type":"Feature","id":"osm-node-7729141036","properties":{"kind":"transit-stop","name":"Parada de ônibus","ref":"","osmId":7729141036},"geometry":{"type":"Point","coordinates":[-45.9069194,-23.2448973]}},{"type":"Feature","id":"osm-node-7729187612","properties":{"kind":"transit-stop","name":"Parada de ônibus","ref":"","osmId":7729187612},"geometry":{"type":"Point","coordinates":[-45.9055821,-23.240451]}},{"type":"Feature","id":"osm-node-7729444628","properties":{"kind":"transit-stop","name":"Rodovia dos Tamoios, 3524","ref":"","osmId":7729444628},"geometry":{"type":"Point","coordinates":[-45.869996,-23.230395]}},{"type":"Feature","id":"osm-node-7731726556","properties":{"kind":"transit-stop","name":"Parada de ônibus","ref":"","osmId":7731726556},"geometry":{"type":"Point","coordinates":[-45.9479798,-23.3014486]}},{"type":"Feature","id":"osm-node-7732135085","properties":{"kind":"transit-stop","name":"Parada de ônibus","ref":"","osmId":7732135085},"geometry":{"type":"Point","coordinates":[-45.9511937,-23.2981115]}},{"type":"Feature","id":"osm-node-7732135086","properties":{"kind":"transit-stop","name":"Parada de ônibus","ref":"","osmId":7732135086},"geometry":{"type":"Point","coordinates":[-45.9514083,-23.2974931]}},{"type":"Feature","id":"osm-node-7732141263","properties":{"kind":"transit-stop","name":"Parada de ônibus","ref":"","osmId":7732141263},"geometry":{"type":"Point","coordinates":[-45.9497083,-23.2986983]}},{"type":"Feature","id":"osm-node-7753556537","properties":{"kind":"transit-stop","name":"Parada de ônibus","ref":"","osmId":7753556537},"geometry":{"type":"Point","coordinates":[-45.985345,-23.3096907]}},{"type":"Feature","id":"osm-node-7753565301","properties":{"kind":"transit-stop","name":"Parada de ônibus","ref":"","osmId":7753565301},"geometry":{"type":"Point","coordinates":[-45.9815248,-23.3090765]}},{"type":"Feature","id":"osm-node-7753565302","properties":{"kind":"transit-stop","name":"Parada de ônibus","ref":"","osmId":7753565302},"geometry":{"type":"Point","coordinates":[-45.9833617,-23.3092462]}},{"type":"Feature","id":"osm-node-7755144605","properties":{"kind":"transit-stop","name":"Parada de ônibus","ref":"","osmId":7755144605},"geometry":{"type":"Point","coordinates":[-46.0168213,-23.3034709]}},{"type":"Feature","id":"osm-node-7755144606","properties":{"kind":"transit-stop","name":"Parada de ônibus","ref":"","osmId":7755144606},"geometry":{"type":"Point","coordinates":[-46.0159638,-23.3036791]}},{"type":"Feature","id":"osm-node-7755145606","properties":{"kind":"transit-stop","name":"Parada de ônibus","ref":"","osmId":7755145606},"geometry":{"type":"Point","coordinates":[-46.0107848,-23.3089901]}},{"type":"Feature","id":"osm-node-7759138318","properties":{"kind":"transit-stop","name":"Luiz Simon","ref":"","osmId":7759138318},"geometry":{"type":"Point","coordinates":[-45.9742951,-23.3044144]}},{"type":"Feature","id":"osm-node-7759138319","properties":{"kind":"transit-stop","name":"Parada de ônibus","ref":"","osmId":7759138319},"geometry":{"type":"Point","coordinates":[-45.9772052,-23.3039204]}},{"type":"Feature","id":"osm-node-7759138320","properties":{"kind":"transit-stop","name":"Parada de ônibus","ref":"","osmId":7759138320},"geometry":{"type":"Point","coordinates":[-45.9764286,-23.3027827]}},{"type":"Feature","id":"osm-node-7759763256","properties":{"kind":"transit-stop","name":"Parada de ônibus","ref":"","osmId":7759763256},"geometry":{"type":"Point","coordinates":[-45.9574727,-23.3061996]}},{"type":"Feature","id":"osm-node-7759763257","properties":{"kind":"transit-stop","name":"Parada de ônibus","ref":"","osmId":7759763257},"geometry":{"type":"Point","coordinates":[-45.9576228,-23.3054144]}},{"type":"Feature","id":"osm-node-7762402220","properties":{"kind":"transit-stop","name":"Parada de ônibus","ref":"","osmId":7762402220},"geometry":{"type":"Point","coordinates":[-45.9528061,-23.3121262]}},{"type":"Feature","id":"osm-node-7762467626","properties":{"kind":"transit-stop","name":"Parada de ônibus","ref":"","osmId":7762467626},"geometry":{"type":"Point","coordinates":[-45.9563585,-23.3131945]}},{"type":"Feature","id":"osm-node-7762882402","properties":{"kind":"transit-stop","name":"Parada de ônibus","ref":"","osmId":7762882402},"geometry":{"type":"Point","coordinates":[-45.9564559,-23.3079738]}},{"type":"Feature","id":"osm-node-7762899253","properties":{"kind":"transit-stop","name":"Mercado Municipal","ref":"","osmId":7762899253},"geometry":{"type":"Point","coordinates":[-45.9706146,-23.3033172]}},{"type":"Feature","id":"osm-node-7763100764","properties":{"kind":"transit-stop","name":"Parada de ônibus","ref":"","osmId":7763100764},"geometry":{"type":"Point","coordinates":[-45.9780121,-23.2980075]}},{"type":"Feature","id":"osm-node-7771290512","properties":{"kind":"transit-stop","name":"Parada de ônibus","ref":"","osmId":7771290512},"geometry":{"type":"Point","coordinates":[-45.933749,-23.2809794]}},{"type":"Feature","id":"osm-node-7771363307","properties":{"kind":"transit-stop","name":"Parada de ônibus","ref":"","osmId":7771363307},"geometry":{"type":"Point","coordinates":[-45.93929,-23.2840907]}},{"type":"Feature","id":"osm-node-7771363308","properties":{"kind":"transit-stop","name":"Parada de ônibus","ref":"","osmId":7771363308},"geometry":{"type":"Point","coordinates":[-45.9411242,-23.2811094]}},{"type":"Feature","id":"osm-node-7773876196","properties":{"kind":"transit-stop","name":"Parada de ônibus","ref":"","osmId":7773876196},"geometry":{"type":"Point","coordinates":[-45.9568252,-23.3176209]}},{"type":"Feature","id":"osm-node-7773982180","properties":{"kind":"transit-stop","name":"Parada de ônibus","ref":"","osmId":7773982180},"geometry":{"type":"Point","coordinates":[-45.9490096,-23.3163601]}},{"type":"Feature","id":"osm-node-7774344690","properties":{"kind":"transit-stop","name":"Parada de ônibus","ref":"","osmId":7774344690},"geometry":{"type":"Point","coordinates":[-45.9572711,-23.3114433]}},{"type":"Feature","id":"osm-node-7774426436","properties":{"kind":"transit-stop","name":"Parada de ônibus","ref":"","osmId":7774426436},"geometry":{"type":"Point","coordinates":[-45.9476497,-23.3138467]}},{"type":"Feature","id":"osm-node-7774426451","properties":{"kind":"transit-stop","name":"Parada de ônibus","ref":"","osmId":7774426451},"geometry":{"type":"Point","coordinates":[-45.9463812,-23.3101276]}},{"type":"Feature","id":"osm-node-7774426452","properties":{"kind":"transit-stop","name":"Parada de ônibus","ref":"","osmId":7774426452},"geometry":{"type":"Point","coordinates":[-45.9462014,-23.3100611]}},{"type":"Feature","id":"osm-node-7774426475","properties":{"kind":"transit-stop","name":"Parada de ônibus","ref":"","osmId":7774426475},"geometry":{"type":"Point","coordinates":[-45.945344,-23.3071025]}},{"type":"Feature","id":"osm-node-7776062078","properties":{"kind":"transit-stop","name":"Parada de ônibus Villa Flora Paisagismo","ref":"","osmId":7776062078},"geometry":{"type":"Point","coordinates":[-45.9450544,-23.2694706]}},{"type":"Feature","id":"osm-node-7779536898","properties":{"kind":"transit-stop","name":"Parada de ônibus","ref":"","osmId":7779536898},"geometry":{"type":"Point","coordinates":[-45.9439367,-23.2949371]}},{"type":"Feature","id":"osm-node-7779574330","properties":{"kind":"transit-stop","name":"Parada de ônibus","ref":"","osmId":7779574330},"geometry":{"type":"Point","coordinates":[-45.9441595,-23.2958137]}},{"type":"Feature","id":"osm-node-7779599445","properties":{"kind":"transit-stop","name":"Parada de ônibus","ref":"","osmId":7779599445},"geometry":{"type":"Point","coordinates":[-45.9470572,-23.2919158]}},{"type":"Feature","id":"osm-node-7779628248","properties":{"kind":"transit-stop","name":"Parada de ônibus","ref":"","osmId":7779628248},"geometry":{"type":"Point","coordinates":[-45.9550796,-23.2909447]}},{"type":"Feature","id":"osm-node-7781972138","properties":{"kind":"transit-stop","name":"Parada de ônibus","ref":"","osmId":7781972138},"geometry":{"type":"Point","coordinates":[-46.001482,-23.3356949]}},{"type":"Feature","id":"osm-node-7781972139","properties":{"kind":"transit-stop","name":"Parada de ônibus","ref":"","osmId":7781972139},"geometry":{"type":"Point","coordinates":[-46.0015329,-23.335377]}},{"type":"Feature","id":"osm-node-7787894547","properties":{"kind":"transit-stop","name":"Parada de ônibus","ref":"","osmId":7787894547},"geometry":{"type":"Point","coordinates":[-45.9852768,-23.3126644]}},{"type":"Feature","id":"osm-node-7788041854","properties":{"kind":"transit-stop","name":"Parada de ônibus","ref":"","osmId":7788041854},"geometry":{"type":"Point","coordinates":[-45.9972884,-23.3336747]}},{"type":"Feature","id":"osm-node-7788482560","properties":{"kind":"transit-stop","name":"Parada de ônibus","ref":"","osmId":7788482560},"geometry":{"type":"Point","coordinates":[-45.9671348,-23.302883]}},{"type":"Feature","id":"osm-node-7788510678","properties":{"kind":"transit-stop","name":"Parada de ônibus","ref":"","osmId":7788510678},"geometry":{"type":"Point","coordinates":[-45.9668704,-23.3056938]}},{"type":"Feature","id":"osm-node-7797325611","properties":{"kind":"transit-stop","name":"Parada de ônibus","ref":"","osmId":7797325611},"geometry":{"type":"Point","coordinates":[-45.9796487,-23.2879403]}},{"type":"Feature","id":"osm-node-7797337873","properties":{"kind":"transit-stop","name":"Parada de ônibus","ref":"","osmId":7797337873},"geometry":{"type":"Point","coordinates":[-45.980411,-23.2944869]}},{"type":"Feature","id":"osm-node-7797439758","properties":{"kind":"transit-stop","name":"Parada de ônibus","ref":"","osmId":7797439758},"geometry":{"type":"Point","coordinates":[-45.9400373,-23.3142322]}},{"type":"Feature","id":"osm-node-7797700368","properties":{"kind":"transit-stop","name":"Parada de ônibus","ref":"","osmId":7797700368},"geometry":{"type":"Point","coordinates":[-45.9444498,-23.305263]}},{"type":"Feature","id":"osm-node-7799614363","properties":{"kind":"transit-stop","name":"Parada de ônibus","ref":"","osmId":7799614363},"geometry":{"type":"Point","coordinates":[-45.928511,-23.3001311]}},{"type":"Feature","id":"osm-node-7799627410","properties":{"kind":"transit-stop","name":"Parada de ônibus","ref":"","osmId":7799627410},"geometry":{"type":"Point","coordinates":[-45.9293858,-23.3013423]}},{"type":"Feature","id":"osm-node-7799648714","properties":{"kind":"transit-stop","name":"Parada de ônibus","ref":"","osmId":7799648714},"geometry":{"type":"Point","coordinates":[-45.9344518,-23.30084]}},{"type":"Feature","id":"osm-node-7808274566","properties":{"kind":"transit-stop","name":"Parada de ônibus","ref":"","osmId":7808274566},"geometry":{"type":"Point","coordinates":[-45.9269827,-23.3194775]}},{"type":"Feature","id":"osm-node-7808274582","properties":{"kind":"transit-stop","name":"Parada de ônibus","ref":"","osmId":7808274582},"geometry":{"type":"Point","coordinates":[-45.9281007,-23.3192064]}},{"type":"Feature","id":"osm-node-7810300045","properties":{"kind":"transit-stop","name":"Parada de ônibus","ref":"","osmId":7810300045},"geometry":{"type":"Point","coordinates":[-45.893119,-23.2878225]}},{"type":"Feature","id":"osm-node-7813014700","properties":{"kind":"transit-stop","name":"Parada de ônibus","ref":"","osmId":7813014700},"geometry":{"type":"Point","coordinates":[-45.9582753,-23.2907994]}},{"type":"Feature","id":"osm-node-7815258820","properties":{"kind":"transit-stop","name":"Parada de ônibus","ref":"","osmId":7815258820},"geometry":{"type":"Point","coordinates":[-45.9725059,-23.3027582]}},{"type":"Feature","id":"osm-node-7835367331","properties":{"kind":"transit-stop","name":"Parada de ônibus","ref":"","osmId":7835367331},"geometry":{"type":"Point","coordinates":[-45.9800179,-23.3118604]}},{"type":"Feature","id":"osm-node-7835367357","properties":{"kind":"transit-stop","name":"Parada de ônibus","ref":"","osmId":7835367357},"geometry":{"type":"Point","coordinates":[-45.9794115,-23.3111547]}},{"type":"Feature","id":"osm-node-7895281866","properties":{"kind":"transit-stop","name":"Parada de ônibus","ref":"","osmId":7895281866},"geometry":{"type":"Point","coordinates":[-45.7842482,-23.1371677]}},{"type":"Feature","id":"osm-node-7895281867","properties":{"kind":"transit-stop","name":"Parada de ônibus","ref":"","osmId":7895281867},"geometry":{"type":"Point","coordinates":[-45.7842851,-23.1373691]}},{"type":"Feature","id":"osm-node-7918689596","properties":{"kind":"transit-stop","name":"Parada de ônibus","ref":"","osmId":7918689596},"geometry":{"type":"Point","coordinates":[-45.9063673,-23.2059558]}},{"type":"Feature","id":"osm-node-8176505097","properties":{"kind":"transit-stop","name":"Parada de ônibus","ref":"","osmId":8176505097},"geometry":{"type":"Point","coordinates":[-45.9011639,-23.2257045]}},{"type":"Feature","id":"osm-node-8241798125","properties":{"kind":"transit-stop","name":"Parada de ônibus","ref":"","osmId":8241798125},"geometry":{"type":"Point","coordinates":[-46.0049638,-23.3083767]}},{"type":"Feature","id":"osm-node-8477976700","properties":{"kind":"transit-stop","name":"Parada de ônibus","ref":"","osmId":8477976700},"geometry":{"type":"Point","coordinates":[-45.8854917,-23.244176]}},{"type":"Feature","id":"osm-node-8490740180","properties":{"kind":"transit-stop","name":"Parada de ônibus","ref":"","osmId":8490740180},"geometry":{"type":"Point","coordinates":[-45.8970713,-23.2392218]}},{"type":"Feature","id":"osm-node-8490740755","properties":{"kind":"transit-stop","name":"Parada de ônibus","ref":"","osmId":8490740755},"geometry":{"type":"Point","coordinates":[-45.8971364,-23.2466673]}},{"type":"Feature","id":"osm-node-8540192437","properties":{"kind":"transit-stop","name":"Parada de ônibus","ref":"","osmId":8540192437},"geometry":{"type":"Point","coordinates":[-45.8853575,-23.2747386]}},{"type":"Feature","id":"osm-node-8540192438","properties":{"kind":"transit-stop","name":"Parada de ônibus","ref":"","osmId":8540192438},"geometry":{"type":"Point","coordinates":[-45.8855993,-23.2744981]}},{"type":"Feature","id":"osm-node-8569463938","properties":{"kind":"transit-stop","name":"Parada de ônibus","ref":"","osmId":8569463938},"geometry":{"type":"Point","coordinates":[-45.9066909,-23.0627786]}},{"type":"Feature","id":"osm-node-8569633340","properties":{"kind":"transit-stop","name":"Parada de ônibus","ref":"","osmId":8569633340},"geometry":{"type":"Point","coordinates":[-45.9082276,-23.1351141]}},{"type":"Feature","id":"osm-node-8569633341","properties":{"kind":"transit-stop","name":"Parada de ônibus","ref":"","osmId":8569633341},"geometry":{"type":"Point","coordinates":[-45.9085541,-23.1356292]}},{"type":"Feature","id":"osm-node-8569801502","properties":{"kind":"transit-stop","name":"Parada de ônibus","ref":"","osmId":8569801502},"geometry":{"type":"Point","coordinates":[-45.9047618,-23.1437805]}},{"type":"Feature","id":"osm-node-8570352289","properties":{"kind":"transit-stop","name":"Parada de ônibus","ref":"","osmId":8570352289},"geometry":{"type":"Point","coordinates":[-45.9104632,-23.0657975]}},{"type":"Feature","id":"osm-node-8570352294","properties":{"kind":"transit-stop","name":"Parada de ônibus","ref":"","osmId":8570352294},"geometry":{"type":"Point","coordinates":[-45.9117267,-23.067676]}},{"type":"Feature","id":"osm-node-8570382723","properties":{"kind":"transit-stop","name":"Parada de ônibus","ref":"","osmId":8570382723},"geometry":{"type":"Point","coordinates":[-45.8997899,-23.0569329]}},{"type":"Feature","id":"osm-node-8570382734","properties":{"kind":"transit-stop","name":"Parada de ônibus","ref":"","osmId":8570382734},"geometry":{"type":"Point","coordinates":[-45.9021244,-23.0589795]}},{"type":"Feature","id":"osm-node-8570406609","properties":{"kind":"transit-stop","name":"Parada de ônibus","ref":"","osmId":8570406609},"geometry":{"type":"Point","coordinates":[-45.9232091,-23.0789663]}},{"type":"Feature","id":"osm-node-8571925828","properties":{"kind":"transit-stop","name":"Parada de ônibus","ref":"","osmId":8571925828},"geometry":{"type":"Point","coordinates":[-45.9205164,-23.0950806]}},{"type":"Feature","id":"osm-node-8572117682","properties":{"kind":"transit-stop","name":"Parada de ônibus","ref":"","osmId":8572117682},"geometry":{"type":"Point","coordinates":[-45.9080917,-23.0904536]}},{"type":"Feature","id":"osm-node-8572117683","properties":{"kind":"transit-stop","name":"Parada de ônibus","ref":"","osmId":8572117683},"geometry":{"type":"Point","coordinates":[-45.9102086,-23.092088]}},{"type":"Feature","id":"osm-node-8572137689","properties":{"kind":"transit-stop","name":"Parada de ônibus","ref":"","osmId":8572137689},"geometry":{"type":"Point","coordinates":[-45.9195764,-23.0974733]}},{"type":"Feature","id":"osm-node-8573227939","properties":{"kind":"transit-stop","name":"Parada de ônibus","ref":"","osmId":8573227939},"geometry":{"type":"Point","coordinates":[-45.8940179,-23.1651725]}},{"type":"Feature","id":"osm-node-8576326786","properties":{"kind":"transit-stop","name":"Parada de ônibus","ref":"","osmId":8576326786},"geometry":{"type":"Point","coordinates":[-45.8910548,-23.1700495]}},{"type":"Feature","id":"osm-node-8579428702","properties":{"kind":"transit-stop","name":"Parada de ônibus","ref":"","osmId":8579428702},"geometry":{"type":"Point","coordinates":[-45.9183563,-23.1103688]}},{"type":"Feature","id":"osm-node-8579568166","properties":{"kind":"transit-stop","name":"Parada de ônibus","ref":"","osmId":8579568166},"geometry":{"type":"Point","coordinates":[-45.8996949,-23.0569827]}},{"type":"Feature","id":"osm-node-8582911992","properties":{"kind":"transit-stop","name":"Parada de ônibus","ref":"","osmId":8582911992},"geometry":{"type":"Point","coordinates":[-45.8338715,-23.1758444]}},{"type":"Feature","id":"osm-node-8582911993","properties":{"kind":"transit-stop","name":"Parada de ônibus","ref":"","osmId":8582911993},"geometry":{"type":"Point","coordinates":[-45.8301142,-23.1742604]}},{"type":"Feature","id":"osm-node-8582979425","properties":{"kind":"transit-stop","name":"Parada de ônibus","ref":"","osmId":8582979425},"geometry":{"type":"Point","coordinates":[-45.8224262,-23.1701189]}},{"type":"Feature","id":"osm-node-8582979431","properties":{"kind":"transit-stop","name":"Parada de ônibus","ref":"","osmId":8582979431},"geometry":{"type":"Point","coordinates":[-45.8168973,-23.1667395]}},{"type":"Feature","id":"osm-node-8582979432","properties":{"kind":"transit-stop","name":"Parada de ônibus","ref":"","osmId":8582979432},"geometry":{"type":"Point","coordinates":[-45.8195396,-23.1687873]}},{"type":"Feature","id":"osm-node-8582988821","properties":{"kind":"transit-stop","name":"Parada de ônibus","ref":"","osmId":8582988821},"geometry":{"type":"Point","coordinates":[-45.8162833,-23.1671561]}},{"type":"Feature","id":"osm-node-8583090480","properties":{"kind":"transit-stop","name":"Parada de ônibus","ref":"","osmId":8583090480},"geometry":{"type":"Point","coordinates":[-45.7980594,-23.1494967]}},{"type":"Feature","id":"osm-node-8583090481","properties":{"kind":"transit-stop","name":"Parada de ônibus","ref":"","osmId":8583090481},"geometry":{"type":"Point","coordinates":[-45.7976568,-23.1493784]}},{"type":"Feature","id":"osm-node-8583107683","properties":{"kind":"transit-stop","name":"Parada de ônibus","ref":"","osmId":8583107683},"geometry":{"type":"Point","coordinates":[-45.8005214,-23.1517979]}},{"type":"Feature","id":"osm-node-8583107684","properties":{"kind":"transit-stop","name":"Parada de ônibus","ref":"","osmId":8583107684},"geometry":{"type":"Point","coordinates":[-45.8010044,-23.1520792]}},{"type":"Feature","id":"osm-node-8583114953","properties":{"kind":"transit-stop","name":"Parada de ônibus","ref":"","osmId":8583114953},"geometry":{"type":"Point","coordinates":[-45.804486,-23.1611932]}},{"type":"Feature","id":"osm-node-8583114955","properties":{"kind":"transit-stop","name":"Parada de ônibus","ref":"","osmId":8583114955},"geometry":{"type":"Point","coordinates":[-45.8029059,-23.1547297]}},{"type":"Feature","id":"osm-node-8584200237","properties":{"kind":"transit-stop","name":"Parada de ônibus","ref":"","osmId":8584200237},"geometry":{"type":"Point","coordinates":[-45.7760615,-23.1341902]}},{"type":"Feature","id":"osm-node-8584200238","properties":{"kind":"transit-stop","name":"Parada de ônibus","ref":"","osmId":8584200238},"geometry":{"type":"Point","coordinates":[-45.7744714,-23.1336574]}},{"type":"Feature","id":"osm-node-8584410554","properties":{"kind":"transit-stop","name":"Parada de ônibus","ref":"","osmId":8584410554},"geometry":{"type":"Point","coordinates":[-45.7715903,-23.1326739]}},{"type":"Feature","id":"osm-node-8584410575","properties":{"kind":"transit-stop","name":"Parada de ônibus","ref":"","osmId":8584410575},"geometry":{"type":"Point","coordinates":[-45.7706004,-23.1335265]}},{"type":"Feature","id":"osm-node-8584452744","properties":{"kind":"transit-stop","name":"Parada de ônibus","ref":"","osmId":8584452744},"geometry":{"type":"Point","coordinates":[-45.7694285,-23.131995]}},{"type":"Feature","id":"osm-node-8584452745","properties":{"kind":"transit-stop","name":"Parada de ônibus","ref":"","osmId":8584452745},"geometry":{"type":"Point","coordinates":[-45.767847,-23.1313506]}},{"type":"Feature","id":"osm-node-8584476540","properties":{"kind":"transit-stop","name":"Parada de ônibus","ref":"","osmId":8584476540},"geometry":{"type":"Point","coordinates":[-45.7666341,-23.1311442]}},{"type":"Feature","id":"osm-node-8592799590","properties":{"kind":"transit-stop","name":"Parada de ônibus","ref":"","osmId":8592799590},"geometry":{"type":"Point","coordinates":[-45.7716907,-23.132363]}},{"type":"Feature","id":"osm-node-8592799592","properties":{"kind":"transit-stop","name":"Parada de ônibus","ref":"","osmId":8592799592},"geometry":{"type":"Point","coordinates":[-45.7746787,-23.1333698]}},{"type":"Feature","id":"osm-node-8613188119","properties":{"kind":"transit-stop","name":"Parada de ônibus","ref":"","osmId":8613188119},"geometry":{"type":"Point","coordinates":[-45.9869161,-23.3249182]}},{"type":"Feature","id":"osm-node-8831968017","properties":{"kind":"transit-stop","name":"Parada de ônibus","ref":"","osmId":8831968017},"geometry":{"type":"Point","coordinates":[-45.9204777,-23.2238296]}},{"type":"Feature","id":"osm-node-8831994419","properties":{"kind":"transit-stop","name":"Parada de ônibus","ref":"","osmId":8831994419},"geometry":{"type":"Point","coordinates":[-45.9232615,-23.226935]}},{"type":"Feature","id":"osm-node-8832014217","properties":{"kind":"transit-stop","name":"O-038","ref":"O-038","osmId":8832014217},"geometry":{"type":"Point","coordinates":[-45.9227249,-23.2285184]}},{"type":"Feature","id":"osm-node-8832065922","properties":{"kind":"transit-stop","name":"Parada de ônibus","ref":"","osmId":8832065922},"geometry":{"type":"Point","coordinates":[-45.9231412,-23.2283753]}},{"type":"Feature","id":"osm-node-8839865617","properties":{"kind":"transit-stop","name":"Parada de ônibus","ref":"","osmId":8839865617},"geometry":{"type":"Point","coordinates":[-45.9184628,-23.2229179]}},{"type":"Feature","id":"osm-node-8839910217","properties":{"kind":"transit-stop","name":"O-138","ref":"O-138","osmId":8839910217},"geometry":{"type":"Point","coordinates":[-45.9175685,-23.2249477]}},{"type":"Feature","id":"osm-node-8839910318","properties":{"kind":"transit-stop","name":"Parada de ônibus","ref":"","osmId":8839910318},"geometry":{"type":"Point","coordinates":[-45.9159489,-23.2286031]}},{"type":"Feature","id":"osm-node-8839972217","properties":{"kind":"transit-stop","name":"O-048","ref":"O-048","osmId":8839972217},"geometry":{"type":"Point","coordinates":[-45.9159739,-23.2270558]}},{"type":"Feature","id":"osm-node-8839972517","properties":{"kind":"transit-stop","name":"Parada de ônibus","ref":"","osmId":8839972517},"geometry":{"type":"Point","coordinates":[-45.9157957,-23.2309135]}},{"type":"Feature","id":"osm-node-8888112218","properties":{"kind":"transit-stop","name":"Parada de ônibus","ref":"","osmId":8888112218},"geometry":{"type":"Point","coordinates":[-45.9218842,-23.2252531]}},{"type":"Feature","id":"osm-node-8988095817","properties":{"kind":"transit-stop","name":"Parada de ônibus","ref":"","osmId":8988095817},"geometry":{"type":"Point","coordinates":[-45.893671,-23.2182177]}},{"type":"Feature","id":"osm-node-9042126288","properties":{"kind":"transit-stop","name":"Parada de ônibus","ref":"","osmId":9042126288},"geometry":{"type":"Point","coordinates":[-45.9959108,-23.3261756]}},{"type":"Feature","id":"osm-node-9042130387","properties":{"kind":"transit-stop","name":"Parada de ônibus","ref":"","osmId":9042130387},"geometry":{"type":"Point","coordinates":[-45.992746,-23.322672]}},{"type":"Feature","id":"osm-node-9042163582","properties":{"kind":"transit-stop","name":"Parada de ônibus","ref":"","osmId":9042163582},"geometry":{"type":"Point","coordinates":[-45.9858381,-23.3143214]}},{"type":"Feature","id":"osm-node-9042163583","properties":{"kind":"transit-stop","name":"Parada de ônibus","ref":"","osmId":9042163583},"geometry":{"type":"Point","coordinates":[-45.9887765,-23.3176857]}},{"type":"Feature","id":"osm-node-9044661368","properties":{"kind":"transit-stop","name":"Parada de ônibus","ref":"","osmId":9044661368},"geometry":{"type":"Point","coordinates":[-45.8725581,-23.1899237]}},{"type":"Feature","id":"osm-node-9044675447","properties":{"kind":"transit-stop","name":"Parada de ônibus","ref":"","osmId":9044675447},"geometry":{"type":"Point","coordinates":[-45.871628,-23.1907977]}},{"type":"Feature","id":"osm-node-9044675448","properties":{"kind":"transit-stop","name":"Parada de ônibus","ref":"","osmId":9044675448},"geometry":{"type":"Point","coordinates":[-45.8716005,-23.1912591]}},{"type":"Feature","id":"osm-node-9054068654","properties":{"kind":"transit-stop","name":"Parada de ônibus","ref":"","osmId":9054068654},"geometry":{"type":"Point","coordinates":[-45.9646383,-23.2988533]}},{"type":"Feature","id":"osm-node-9054069797","properties":{"kind":"transit-stop","name":"Parada de ônibus","ref":"","osmId":9054069797},"geometry":{"type":"Point","coordinates":[-45.9635469,-23.2991583]}},{"type":"Feature","id":"osm-node-9060663293","properties":{"kind":"transit-stop","name":"Parada de ônibus","ref":"","osmId":9060663293},"geometry":{"type":"Point","coordinates":[-45.9854802,-23.3147692]}},{"type":"Feature","id":"osm-node-9362271817","properties":{"kind":"transit-stop","name":"O-042","ref":"O-042","osmId":9362271817},"geometry":{"type":"Point","coordinates":[-45.9174278,-23.2248052]}},{"type":"Feature","id":"osm-node-9892050780","properties":{"kind":"transit-stop","name":"Parada de ônibus","ref":"","osmId":9892050780},"geometry":{"type":"Point","coordinates":[-45.9146368,-23.2286971]}},{"type":"Feature","id":"osm-node-9906562017","properties":{"kind":"transit-stop","name":"Ponto de ônibus","ref":"","osmId":9906562017},"geometry":{"type":"Point","coordinates":[-45.9456065,-23.2493251]}},{"type":"Feature","id":"osm-node-9910340017","properties":{"kind":"transit-stop","name":"Parada de ônibus","ref":"","osmId":9910340017},"geometry":{"type":"Point","coordinates":[-45.9004469,-23.1634019]}},{"type":"Feature","id":"osm-node-9917348490","properties":{"kind":"transit-stop","name":"Parada de ônibus","ref":"","osmId":9917348490},"geometry":{"type":"Point","coordinates":[-45.8950393,-23.1572342]}},{"type":"Feature","id":"osm-node-9949528093","properties":{"kind":"transit-stop","name":"Parada de ônibus","ref":"","osmId":9949528093},"geometry":{"type":"Point","coordinates":[-45.895477,-23.1596544]}},{"type":"Feature","id":"osm-node-9983900916","properties":{"kind":"transit-stop","name":"Parada de ônibus","ref":"","osmId":9983900916},"geometry":{"type":"Point","coordinates":[-45.898414,-23.1588233]}},{"type":"Feature","id":"osm-node-9983958740","properties":{"kind":"transit-stop","name":"Parada de ônibus","ref":"","osmId":9983958740},"geometry":{"type":"Point","coordinates":[-45.8960146,-23.1588697]}},{"type":"Feature","id":"osm-node-9984079789","properties":{"kind":"transit-stop","name":"Parada de ônibus","ref":"","osmId":9984079789},"geometry":{"type":"Point","coordinates":[-45.8999637,-23.1525541]}},{"type":"Feature","id":"osm-node-9984080104","properties":{"kind":"transit-stop","name":"Parada de ônibus","ref":"","osmId":9984080104},"geometry":{"type":"Point","coordinates":[-45.9045101,-23.1481065]}},{"type":"Feature","id":"osm-node-9984099552","properties":{"kind":"transit-stop","name":"Parada de ônibus","ref":"","osmId":9984099552},"geometry":{"type":"Point","coordinates":[-45.9022157,-23.1517738]}},{"type":"Feature","id":"osm-node-9984113028","properties":{"kind":"transit-stop","name":"Parada de ônibus","ref":"","osmId":9984113028},"geometry":{"type":"Point","coordinates":[-45.9045162,-23.143908]}},{"type":"Feature","id":"osm-node-9984119782","properties":{"kind":"transit-stop","name":"Parada de ônibus","ref":"","osmId":9984119782},"geometry":{"type":"Point","coordinates":[-45.8997267,-23.1523733]}},{"type":"Feature","id":"osm-node-10206472554","properties":{"kind":"transit-stop","name":"Parada de transporte público","ref":"","osmId":10206472554},"geometry":{"type":"Point","coordinates":[-45.9189183,-23.1603622]}},{"type":"Feature","id":"osm-node-10206494708","properties":{"kind":"transit-stop","name":"Parada de transporte público","ref":"","osmId":10206494708},"geometry":{"type":"Point","coordinates":[-45.9190234,-23.160541]}},{"type":"Feature","id":"osm-node-10206502074","properties":{"kind":"transit-stop","name":"Parada de transporte público","ref":"","osmId":10206502074},"geometry":{"type":"Point","coordinates":[-45.9210135,-23.1608794]}},{"type":"Feature","id":"osm-node-10206572561","properties":{"kind":"transit-stop","name":"Parada de transporte público","ref":"","osmId":10206572561},"geometry":{"type":"Point","coordinates":[-45.9210819,-23.160833]}},{"type":"Feature","id":"osm-node-10207394651","properties":{"kind":"transit-stop","name":"Parada de transporte público","ref":"","osmId":10207394651},"geometry":{"type":"Point","coordinates":[-45.9154172,-23.1579367]}},{"type":"Feature","id":"osm-node-10207397601","properties":{"kind":"transit-stop","name":"Parada de Ônibus","ref":"","osmId":10207397601},"geometry":{"type":"Point","coordinates":[-45.9161753,-23.1594062]}},{"type":"Feature","id":"osm-node-10207407066","properties":{"kind":"transit-stop","name":"Parada de transporte público","ref":"","osmId":10207407066},"geometry":{"type":"Point","coordinates":[-45.9156879,-23.1580892]}},{"type":"Feature","id":"osm-node-10207407118","properties":{"kind":"transit-stop","name":"Parada de transporte público","ref":"","osmId":10207407118},"geometry":{"type":"Point","coordinates":[-45.9138215,-23.1577286]}},{"type":"Feature","id":"osm-node-10226517376","properties":{"kind":"transit-stop","name":"Parada de ônibus","ref":"","osmId":10226517376},"geometry":{"type":"Point","coordinates":[-45.7817647,-23.1431859]}},{"type":"Feature","id":"osm-node-10289949062","properties":{"kind":"transit-stop","name":"Parada de ônibus","ref":"","osmId":10289949062},"geometry":{"type":"Point","coordinates":[-45.8014039,-23.2535168]}},{"type":"Feature","id":"osm-node-10289949063","properties":{"kind":"transit-stop","name":"Parada de ônibus","ref":"","osmId":10289949063},"geometry":{"type":"Point","coordinates":[-45.8012973,-23.2535844]}},{"type":"Feature","id":"osm-node-10996241962","properties":{"kind":"transit-stop","name":"Sp-099, Km 18,9 Sul, Jambeiro","ref":"","osmId":10996241962},"geometry":{"type":"Point","coordinates":[-45.760675,-23.312583]}},{"type":"Feature","id":"osm-node-10996241964","properties":{"kind":"transit-stop","name":"Rodovia dos Tamoio, Jambeiro","ref":"","osmId":10996241964},"geometry":{"type":"Point","coordinates":[-45.767727,-23.306828]}},{"type":"Feature","id":"osm-node-10996241966","properties":{"kind":"transit-stop","name":"Rodovia dos Tamoios, Jambeiro","ref":"","osmId":10996241966},"geometry":{"type":"Point","coordinates":[-45.774695,-23.302397]}},{"type":"Feature","id":"osm-node-10996241968","properties":{"kind":"transit-stop","name":"Sp-099, Km 13,8 Sul","ref":"","osmId":10996241968},"geometry":{"type":"Point","coordinates":[-45.798016,-23.290839]}},{"type":"Feature","id":"osm-node-10996241970","properties":{"kind":"transit-stop","name":"Rodovia dos Tamoios, S/nº","ref":"","osmId":10996241970},"geometry":{"type":"Point","coordinates":[-45.80976,-23.277838]}},{"type":"Feature","id":"osm-node-10996241972","properties":{"kind":"transit-stop","name":"Sp-099, Km 7,6 Sul","ref":"","osmId":10996241972},"geometry":{"type":"Point","coordinates":[-45.841257,-23.254203]}},{"type":"Feature","id":"osm-node-10996241974","properties":{"kind":"transit-stop","name":"Sp-099, Km 6,4 Sul","ref":"","osmId":10996241974},"geometry":{"type":"Point","coordinates":[-45.852088,-23.250547]}},{"type":"Feature","id":"osm-node-10996241976","properties":{"kind":"transit-stop","name":"Rodovia dos Tamoios, 0","ref":"","osmId":10996241976},"geometry":{"type":"Point","coordinates":[-45.862891,-23.246974]}},{"type":"Feature","id":"osm-node-10996241978","properties":{"kind":"transit-stop","name":"Avenida Marechal do Ar Casimiro Montenegro Filho, 2000","ref":"","osmId":10996241978},"geometry":{"type":"Point","coordinates":[-45.870314,-23.230264]}},{"type":"Feature","id":"osm-node-10996241980","properties":{"kind":"transit-stop","name":"Rodovia dos Tamoios, S/nº","ref":"","osmId":10996241980},"geometry":{"type":"Point","coordinates":[-45.873731,-23.22586]}},{"type":"Feature","id":"osm-node-10996241982","properties":{"kind":"transit-stop","name":"Avenida Marechal do Ar Casimiro Montenegro Filho, 1000","ref":"","osmId":10996241982},"geometry":{"type":"Point","coordinates":[-45.875832,-23.223204]}},{"type":"Feature","id":"osm-node-10996241984","properties":{"kind":"transit-stop","name":"Avenida Marechal do Ar Casimiro Montenegro Filho, 500","ref":"","osmId":10996241984},"geometry":{"type":"Point","coordinates":[-45.880187,-23.218144]}},{"type":"Feature","id":"osm-node-10996241986","properties":{"kind":"transit-stop","name":"Rua Dinamarca, 401","ref":"","osmId":10996241986},"geometry":{"type":"Point","coordinates":[-45.88324,-23.214025]}},{"type":"Feature","id":"osm-node-10996241988","properties":{"kind":"transit-stop","name":"Rua Dinamarca","ref":"","osmId":10996241988},"geometry":{"type":"Point","coordinates":[-45.88518,-23.21036]}},{"type":"Feature","id":"osm-node-10996241990","properties":{"kind":"transit-stop","name":"Rua Paraibuna, 1760","ref":"","osmId":10996241990},"geometry":{"type":"Point","coordinates":[-45.882576,-23.206719]}},{"type":"Feature","id":"osm-node-10996241992","properties":{"kind":"transit-stop","name":"Avenida Deputado Benedito Matarazzo, 9009","ref":"","osmId":10996241992},"geometry":{"type":"Point","coordinates":[-45.8827792,-23.2030128]}},{"type":"Feature","id":"osm-node-10996241994","properties":{"kind":"transit-stop","name":"Avenida Deputado Benedito Matarazzo, 9403","ref":"","osmId":10996241994},"geometry":{"type":"Point","coordinates":[-45.8804391,-23.2009119]}},{"type":"Feature","id":"osm-node-10996242000","properties":{"kind":"transit-stop","name":"Rua Itororó, 650","ref":"","osmId":10996242000},"geometry":{"type":"Point","coordinates":[-45.8811668,-23.1955403]}},{"type":"Feature","id":"osm-node-10996242003","properties":{"kind":"transit-stop","name":"Rua Turquia, 210","ref":"","osmId":10996242003},"geometry":{"type":"Point","coordinates":[-45.884361,-23.199043]}},{"type":"Feature","id":"osm-node-10996242005","properties":{"kind":"transit-stop","name":"Avenida Marechal do Ar Casimiro Montenegro Filho, 515","ref":"","osmId":10996242005},"geometry":{"type":"Point","coordinates":[-45.879852,-23.218254]}},{"type":"Feature","id":"osm-node-10996242008","properties":{"kind":"transit-stop","name":"Avenida Marechal do Ar Casimiro Montenegro Filho, 4001 Com Sp-099","ref":"","osmId":10996242008},"geometry":{"type":"Point","coordinates":[-45.863578,-23.245939]}},{"type":"Feature","id":"osm-node-10996242010","properties":{"kind":"transit-stop","name":"Sp-099, Km 7,6 Norte","ref":"","osmId":10996242010},"geometry":{"type":"Point","coordinates":[-45.841306,-23.253672]}},{"type":"Feature","id":"osm-node-10996242012","properties":{"kind":"transit-stop","name":"Rodovia dos Tamoios, S/nº","ref":"","osmId":10996242012},"geometry":{"type":"Point","coordinates":[-45.808962,-23.277847]}},{"type":"Feature","id":"osm-node-10996242014","properties":{"kind":"transit-stop","name":"Rodovia dos Tamoios, Jambeiro","ref":"","osmId":10996242014},"geometry":{"type":"Point","coordinates":[-45.792129,-23.29173]}},{"type":"Feature","id":"osm-node-10996242016","properties":{"kind":"transit-stop","name":"Rodovia dos Tamoios","ref":"","osmId":10996242016},"geometry":{"type":"Point","coordinates":[-45.760795,-23.312284]}},{"type":"Feature","id":"osm-node-10996242018","properties":{"kind":"transit-stop","name":"Rodovia dos Tamoios","ref":"","osmId":10996242018},"geometry":{"type":"Point","coordinates":[-45.7534,-23.315451]}},{"type":"Feature","id":"osm-node-11507273957","properties":{"kind":"transit-stop","name":"Parada de ônibus","ref":"","osmId":11507273957},"geometry":{"type":"Point","coordinates":[-45.9028046,-23.1419431]}},{"type":"Feature","id":"osm-node-11509017907","properties":{"kind":"transit-stop","name":"Parada de ônibus","ref":"","osmId":11509017907},"geometry":{"type":"Point","coordinates":[-45.9031484,-23.1423271]}},{"type":"Feature","id":"osm-node-11809973369","properties":{"kind":"transit-stop","name":"Parada de ônibus","ref":"","osmId":11809973369},"geometry":{"type":"Point","coordinates":[-45.8962904,-23.1949158]}},{"type":"Feature","id":"osm-node-11810016369","properties":{"kind":"transit-stop","name":"O-180","ref":"","osmId":11810016369},"geometry":{"type":"Point","coordinates":[-45.9552462,-23.2022229]}},{"type":"Feature","id":"osm-node-11897991084","properties":{"kind":"transit-stop","name":"Parada de ônibus","ref":"","osmId":11897991084},"geometry":{"type":"Point","coordinates":[-45.8888084,-23.159921]}},{"type":"Feature","id":"osm-node-11897991085","properties":{"kind":"transit-stop","name":"Parada de ônibus","ref":"","osmId":11897991085},"geometry":{"type":"Point","coordinates":[-45.890861,-23.1607939]}},{"type":"Feature","id":"osm-node-11897991086","properties":{"kind":"transit-stop","name":"Parada de ônibus","ref":"","osmId":11897991086},"geometry":{"type":"Point","coordinates":[-45.8921955,-23.1611255]}},{"type":"Feature","id":"osm-node-11897991087","properties":{"kind":"transit-stop","name":"Parada de ônibus","ref":"","osmId":11897991087},"geometry":{"type":"Point","coordinates":[-45.8902543,-23.1615119]}},{"type":"Feature","id":"osm-node-11897991088","properties":{"kind":"transit-stop","name":"Parada de ônibus","ref":"","osmId":11897991088},"geometry":{"type":"Point","coordinates":[-45.8878784,-23.1584187]}},{"type":"Feature","id":"osm-node-11897991089","properties":{"kind":"transit-stop","name":"Parada de ônibus","ref":"","osmId":11897991089},"geometry":{"type":"Point","coordinates":[-45.8885994,-23.1568683]}},{"type":"Feature","id":"osm-node-11897991090","properties":{"kind":"transit-stop","name":"Parada de ônibus","ref":"","osmId":11897991090},"geometry":{"type":"Point","coordinates":[-45.8935428,-23.1588553]}},{"type":"Feature","id":"osm-node-11897991091","properties":{"kind":"transit-stop","name":"Parada de ônibus","ref":"","osmId":11897991091},"geometry":{"type":"Point","coordinates":[-45.8968424,-23.1559125]}},{"type":"Feature","id":"osm-node-11897991092","properties":{"kind":"transit-stop","name":"Parada de ônibus","ref":"","osmId":11897991092},"geometry":{"type":"Point","coordinates":[-45.8958676,-23.1620226]}},{"type":"Feature","id":"osm-node-11897991093","properties":{"kind":"transit-stop","name":"Parada de ônibus","ref":"","osmId":11897991093},"geometry":{"type":"Point","coordinates":[-45.8927253,-23.1682222]}},{"type":"Feature","id":"osm-node-12109089806","properties":{"kind":"transit-stop","name":"Av. Princesa Isabel, 1366","ref":"","osmId":12109089806},"geometry":{"type":"Point","coordinates":[-45.8928082,-23.162879]}},{"type":"Feature","id":"osm-node-12206019601","properties":{"kind":"transit-stop","name":"Parada de ônibus","ref":"","osmId":12206019601},"geometry":{"type":"Point","coordinates":[-45.9444168,-23.2039707]}},{"type":"Feature","id":"osm-node-12236487901","properties":{"kind":"transit-stop","name":"Parada de ônibus","ref":"","osmId":12236487901},"geometry":{"type":"Point","coordinates":[-45.9628675,-23.1994858]}},{"type":"Feature","id":"osm-node-12238729801","properties":{"kind":"transit-stop","name":"L-457","ref":"","osmId":12238729801},"geometry":{"type":"Point","coordinates":[-45.8569384,-23.1826188]}},{"type":"Feature","id":"osm-node-12238755107","properties":{"kind":"transit-stop","name":"Parada de ônibus","ref":"","osmId":12238755107},"geometry":{"type":"Point","coordinates":[-45.8834272,-23.1815429]}},{"type":"Feature","id":"osm-node-12238755515","properties":{"kind":"transit-stop","name":"Parada de ônibus","ref":"","osmId":12238755515},"geometry":{"type":"Point","coordinates":[-45.8885297,-23.1760387]}},{"type":"Feature","id":"osm-node-12238767908","properties":{"kind":"transit-stop","name":"Parada de ônibus","ref":"","osmId":12238767908},"geometry":{"type":"Point","coordinates":[-45.8925213,-23.1664021]}},{"type":"Feature","id":"osm-node-12238784101","properties":{"kind":"transit-stop","name":"Parada de ônibus","ref":"","osmId":12238784101},"geometry":{"type":"Point","coordinates":[-45.8937004,-23.1606366]}},{"type":"Feature","id":"osm-node-12256329101","properties":{"kind":"transit-stop","name":"Ponto n° O-186","ref":"","osmId":12256329101},"geometry":{"type":"Point","coordinates":[-45.9164282,-23.1975402]}},{"type":"Feature","id":"osm-node-12339624001","properties":{"kind":"transit-stop","name":"Parada de ônibus","ref":"","osmId":12339624001},"geometry":{"type":"Point","coordinates":[-45.8595019,-23.1839418]}},{"type":"Feature","id":"osm-node-12745804521","properties":{"kind":"transit-stop","name":"Parada de ônibus","ref":"","osmId":12745804521},"geometry":{"type":"Point","coordinates":[-45.7566063,-23.1992562]}},{"type":"Feature","id":"osm-node-12778802501","properties":{"kind":"transit-stop","name":"Ponto n° O-189","ref":"","osmId":12778802501},"geometry":{"type":"Point","coordinates":[-45.9221107,-23.1926713]}},{"type":"Feature","id":"osm-node-12815873636","properties":{"kind":"transit-stop","name":"Parada de ônibus","ref":"","osmId":12815873636},"geometry":{"type":"Point","coordinates":[-45.8709219,-23.1906559]}},{"type":"Feature","id":"osm-node-12815873637","properties":{"kind":"transit-stop","name":"Parada de ônibus","ref":"","osmId":12815873637},"geometry":{"type":"Point","coordinates":[-45.8727623,-23.188928]}},{"type":"Feature","id":"osm-node-12824973020","properties":{"kind":"transit-stop","name":"Parada de ônibus","ref":"","osmId":12824973020},"geometry":{"type":"Point","coordinates":[-45.8913164,-23.1624742]}},{"type":"Feature","id":"osm-node-12893018569","properties":{"kind":"transit-stop","name":"Parada de ônibus","ref":"","osmId":12893018569},"geometry":{"type":"Point","coordinates":[-45.980086,-23.2816368]}},{"type":"Feature","id":"osm-node-13005464654","properties":{"kind":"transit-stop","name":"Parada de ônibus","ref":"","osmId":13005464654},"geometry":{"type":"Point","coordinates":[-45.9709521,-23.2538459]}},{"type":"Feature","id":"osm-node-13039552123","properties":{"kind":"transit-stop","name":"Parada de ônibus","ref":"","osmId":13039552123},"geometry":{"type":"Point","coordinates":[-45.9130744,-23.2412321]}},{"type":"Feature","id":"osm-node-13058504212","properties":{"kind":"transit-stop","name":"*","ref":"","osmId":13058504212},"geometry":{"type":"Point","coordinates":[-45.880286,-23.228119]}},{"type":"Feature","id":"osm-node-13120166564","properties":{"kind":"transit-stop","name":"Parada de ônibus","ref":"","osmId":13120166564},"geometry":{"type":"Point","coordinates":[-45.9492154,-23.2857714]}},{"type":"Feature","id":"osm-node-13120167222","properties":{"kind":"transit-stop","name":"Parada de ônibus","ref":"","osmId":13120167222},"geometry":{"type":"Point","coordinates":[-45.9582301,-23.3014665]}},{"type":"Feature","id":"osm-node-13120188545","properties":{"kind":"transit-stop","name":"Parada de ônibus","ref":"","osmId":13120188545},"geometry":{"type":"Point","coordinates":[-45.9537249,-23.293871]}},{"type":"Feature","id":"osm-node-13120188546","properties":{"kind":"transit-stop","name":"Parada de ônibus","ref":"","osmId":13120188546},"geometry":{"type":"Point","coordinates":[-45.9513004,-23.2911615]}},{"type":"Feature","id":"osm-node-13120198454","properties":{"kind":"transit-stop","name":"Parada de ônibus","ref":"","osmId":13120198454},"geometry":{"type":"Point","coordinates":[-45.9543663,-23.2964577]}},{"type":"Feature","id":"osm-node-13120211885","properties":{"kind":"transit-stop","name":"Parada de ônibus","ref":"","osmId":13120211885},"geometry":{"type":"Point","coordinates":[-45.9475418,-23.2839922]}},{"type":"Feature","id":"osm-node-13120213781","properties":{"kind":"transit-stop","name":"Parada de ônibus","ref":"","osmId":13120213781},"geometry":{"type":"Point","coordinates":[-45.9518834,-23.2923505]}},{"type":"Feature","id":"osm-node-13121165228","properties":{"kind":"transit-stop","name":"Parada de ônibus","ref":"","osmId":13121165228},"geometry":{"type":"Point","coordinates":[-45.9821333,-23.3157021]}},{"type":"Feature","id":"osm-node-13787849258","properties":{"kind":"transit-stop","name":"O-098","ref":"O-098","osmId":13787849258},"geometry":{"type":"Point","coordinates":[-45.9122563,-23.226595]}},{"type":"Feature","id":"osm-node-13790373494","properties":{"kind":"transit-stop","name":"O-097","ref":"O-097","osmId":13790373494},"geometry":{"type":"Point","coordinates":[-45.9117747,-23.2239834]}},{"type":"Feature","id":"osm-node-13806880566","properties":{"kind":"transit-stop","name":"O-122","ref":"O-122","osmId":13806880566},"geometry":{"type":"Point","coordinates":[-45.9091974,-23.2277504]}},{"type":"Feature","id":"osm-node-13819528418","properties":{"kind":"transit-stop","name":"O-043","ref":"O-043","osmId":13819528418},"geometry":{"type":"Point","coordinates":[-45.9161528,-23.2270871]}},{"type":"Feature","id":"osm-node-13831196001","properties":{"kind":"transit-stop","name":"Ponto de ônibus","ref":"","osmId":13831196001},"geometry":{"type":"Point","coordinates":[-45.884944,-23.2357547]}},{"type":"Feature","id":"osm-node-13831196002","properties":{"kind":"transit-stop","name":"Ponto de ônibus","ref":"","osmId":13831196002},"geometry":{"type":"Point","coordinates":[-45.8846517,-23.2359507]}},{"type":"Feature","id":"osm-node-13832206001","properties":{"kind":"transit-stop","name":"Parada de ônibus","ref":"","osmId":13832206001},"geometry":{"type":"Point","coordinates":[-45.9020464,-23.1410131]}},{"type":"Feature","id":"osm-node-13832206101","properties":{"kind":"transit-stop","name":"Parada de ônibus","ref":"","osmId":13832206101},"geometry":{"type":"Point","coordinates":[-45.9018849,-23.1407749]}},{"type":"Feature","id":"osm-node-13897855999","properties":{"kind":"transit-stop","name":"O-054","ref":"O-054","osmId":13897855999},"geometry":{"type":"Point","coordinates":[-45.9208091,-23.2305398]}},{"type":"Feature","id":"osm-node-13897856000","properties":{"kind":"transit-stop","name":"O-036","ref":"O-036","osmId":13897856000},"geometry":{"type":"Point","coordinates":[-45.9195749,-23.2313881]}},{"type":"Feature","id":"osm-node-13897856001","properties":{"kind":"transit-stop","name":"O-139","ref":"O-139","osmId":13897856001},"geometry":{"type":"Point","coordinates":[-45.9186058,-23.232566]}},{"type":"Feature","id":"osm-node-13981381602","properties":{"kind":"transit-stop","name":"Parada de ônibus","ref":"","osmId":13981381602},"geometry":{"type":"Point","coordinates":[-45.935967,-23.2424281]}},{"type":"Feature","id":"osm-way-217887896","properties":{"kind":"transit-terminal","name":"Terminal Rodoviário de São José dos Campos - Frederico Ozanan","ref":"","osmId":217887896},"geometry":{"type":"Point","coordinates":[-45.8781723,-23.193275]}},{"type":"Feature","id":"osm-way-370811309","properties":{"kind":"transit-terminal","name":"São José dos Campos","ref":"","osmId":370811309},"geometry":{"type":"Point","coordinates":[-45.8856664,-23.1738329]}},{"type":"Feature","id":"osm-way-397905521","properties":{"kind":"transit-terminal","name":"Rodoviária de Jacareí","ref":"","osmId":397905521},"geometry":{"type":"Point","coordinates":[-45.9543451,-23.2776511]}},{"type":"Feature","id":"osm-way-678807851","properties":{"kind":"transit-terminal","name":"Eco","ref":"","osmId":678807851},"geometry":{"type":"Point","coordinates":[-45.805515,-23.2099174]}},{"type":"Feature","id":"osm-way-685674144","properties":{"kind":"transit-stop","name":"Parada de ônibus","ref":"","osmId":685674144},"geometry":{"type":"Point","coordinates":[-45.9055788,-23.2069556]}},{"type":"Feature","id":"osm-way-690556049","properties":{"kind":"transit-stop","name":"Parada de ônibus","ref":"","osmId":690556049},"geometry":{"type":"Point","coordinates":[-45.9022116,-23.2010552]}},{"type":"Feature","id":"osm-way-709224360","properties":{"kind":"transit-stop","name":"Parada de ônibus","ref":"","osmId":709224360},"geometry":{"type":"Point","coordinates":[-45.8117638,-23.2779825]}},{"type":"Feature","id":"osm-way-754032846","properties":{"kind":"transit-terminal","name":"Terminal Central","ref":"","osmId":754032846},"geometry":{"type":"Point","coordinates":[-45.8880747,-23.1797261]}},{"type":"Feature","id":"osm-way-754032847","properties":{"kind":"transit-terminal","name":"Terminal de transporte","ref":"","osmId":754032847},"geometry":{"type":"Point","coordinates":[-45.8881691,-23.1797894]}},{"type":"Feature","id":"osm-way-818455473","properties":{"kind":"transit-terminal","name":"Estação Eugênio de Melo","ref":"","osmId":818455473},"geometry":{"type":"Point","coordinates":[-45.7871961,-23.1384811]}},{"type":"Feature","id":"osm-way-823362255","properties":{"kind":"transit-stop","name":"Parada de ônibus","ref":"","osmId":823362255},"geometry":{"type":"Point","coordinates":[-45.916359,-23.2342155]}},{"type":"Feature","id":"osm-way-830580562","properties":{"kind":"transit-stop","name":"Parada de ônibus","ref":"","osmId":830580562},"geometry":{"type":"Point","coordinates":[-46.0159637,-23.3036758]}},{"type":"Feature","id":"osm-way-830580564","properties":{"kind":"transit-stop","name":"Parada de ônibus","ref":"","osmId":830580564},"geometry":{"type":"Point","coordinates":[-46.0168278,-23.3034735]}},{"type":"Feature","id":"osm-way-1310614095","properties":{"kind":"transit-stop","name":"Estação Maurício Cury","ref":"Estação Maurício Cury","osmId":1310614095},"geometry":{"type":"Point","coordinates":[-45.8841479,-23.1869633]}},{"type":"Feature","id":"osm-way-1446733629","properties":{"kind":"transit-stop","name":"Parada de ônibus","ref":"","osmId":1446733629},"geometry":{"type":"Point","coordinates":[-45.878136,-23.1942882]}},{"type":"Feature","id":"osm-way-1446733630","properties":{"kind":"transit-stop","name":"Parada de ônibus","ref":"","osmId":1446733630},"geometry":{"type":"Point","coordinates":[-45.8807613,-23.201149]}},{"type":"Feature","id":"osm-way-1446733631","properties":{"kind":"transit-stop","name":"Parada de ônibus","ref":"","osmId":1446733631},"geometry":{"type":"Point","coordinates":[-45.8845764,-23.2035792]}},{"type":"Feature","id":"osm-way-1446733632","properties":{"kind":"transit-stop","name":"Parada de ônibus","ref":"","osmId":1446733632},"geometry":{"type":"Point","coordinates":[-45.8969627,-23.2184845]}},{"type":"Feature","id":"osm-way-1446733633","properties":{"kind":"transit-stop","name":"Parada de ônibus","ref":"","osmId":1446733633},"geometry":{"type":"Point","coordinates":[-45.8955889,-23.216275]}},{"type":"Feature","id":"osm-way-1446733634","properties":{"kind":"transit-stop","name":"Parada de ônibus","ref":"","osmId":1446733634},"geometry":{"type":"Point","coordinates":[-45.8975089,-23.2286837]}},{"type":"Feature","id":"osm-way-1446733635","properties":{"kind":"transit-stop","name":"Parada de ônibus","ref":"","osmId":1446733635},"geometry":{"type":"Point","coordinates":[-45.8989949,-23.2375141]}},{"type":"Feature","id":"osm-way-1446733636","properties":{"kind":"transit-stop","name":"Parada de ônibus","ref":"","osmId":1446733636},"geometry":{"type":"Point","coordinates":[-45.9070073,-23.2466547]}},{"type":"Feature","id":"osm-way-1446733637","properties":{"kind":"transit-stop","name":"Parada de ônibus","ref":"","osmId":1446733637},"geometry":{"type":"Point","coordinates":[-45.9159717,-23.2569096]}},{"type":"Feature","id":"osm-way-1446733638","properties":{"kind":"transit-stop","name":"Parada de ônibus","ref":"","osmId":1446733638},"geometry":{"type":"Point","coordinates":[-45.9009485,-23.2752274]}},{"type":"Feature","id":"osm-way-1446733639","properties":{"kind":"transit-stop","name":"Parada de ônibus","ref":"","osmId":1446733639},"geometry":{"type":"Point","coordinates":[-45.9119764,-23.262958]}},{"type":"Feature","id":"osm-way-1446733640","properties":{"kind":"transit-stop","name":"Parada de ônibus","ref":"","osmId":1446733640},"geometry":{"type":"Point","coordinates":[-45.9118966,-23.2627099]}},{"type":"Feature","properties":{"kind":"linha-verde-station","name":"Estação Terminal Sul","sequence":1,"officialNameSource":"https://www.sjc.sp.gov.br/media/neim2fef/edital-de-chamamento_naming-rights.pdf","coordinateSource":"bounded-geocode"},"geometry":{"type":"Point","coordinates":[-45.8936668,-23.2827613]}},{"type":"Feature","properties":{"kind":"linha-verde-station","name":"Estação Eldorado","sequence":2,"officialNameSource":"https://www.sjc.sp.gov.br/media/neim2fef/edital-de-chamamento_naming-rights.pdf","coordinateSource":"bounded-geocode"},"geometry":{"type":"Point","coordinates":[-45.9116512,-23.2617819]}},{"type":"Feature","properties":{"kind":"linha-verde-station","name":"Estação Vale do Sol","sequence":3,"officialNameSource":"https://www.sjc.sp.gov.br/media/neim2fef/edital-de-chamamento_naming-rights.pdf","coordinateSource":"bounded-geocode"},"geometry":{"type":"Point","coordinates":[-45.9131162,-23.2540216]}},{"type":"Feature","properties":{"kind":"linha-verde-station","name":"Estação Jardim Morumbi","sequence":4,"officialNameSource":"https://www.sjc.sp.gov.br/media/neim2fef/edital-de-chamamento_naming-rights.pdf","coordinateSource":"bounded-geocode"},"geometry":{"type":"Point","coordinates":[-45.9074303,-23.2475062]}},{"type":"Feature","properties":{"kind":"linha-verde-station","name":"Estação Jardim Oriente","sequence":5,"officialNameSource":"https://www.sjc.sp.gov.br/media/neim2fef/edital-de-chamamento_naming-rights.pdf","coordinateSource":"bounded-geocode"},"geometry":{"type":"Point","coordinates":[-45.8990836,-23.2356927]}},{"type":"Feature","properties":{"kind":"linha-verde-station","name":"Estação Jardim América","sequence":6,"officialNameSource":"https://www.sjc.sp.gov.br/media/neim2fef/edital-de-chamamento_naming-rights.pdf","coordinateSource":"bounded-geocode"},"geometry":{"type":"Point","coordinates":[-45.8972028,-23.2289627]}},{"type":"Feature","properties":{"kind":"linha-verde-station","name":"Estação Jardim Satélite","sequence":7,"officialNameSource":"https://www.sjc.sp.gov.br/media/neim2fef/edital-de-chamamento_naming-rights.pdf","coordinateSource":"bounded-geocode"},"geometry":{"type":"Point","coordinates":[-45.8955582,-23.2163927]}},{"type":"Feature","properties":{"kind":"linha-verde-station","name":"Estação Dutra","sequence":8,"officialNameSource":"https://www.sjc.sp.gov.br/media/neim2fef/edital-de-chamamento_naming-rights.pdf","coordinateSource":"bounded-geocode"},"geometry":{"type":"Point","coordinates":[-45.8953868,-23.2176238]}},{"type":"Feature","properties":{"kind":"linha-verde-station","name":"Estação Vila Sanches","sequence":9,"officialNameSource":"https://www.sjc.sp.gov.br/media/neim2fef/edital-de-chamamento_naming-rights.pdf","coordinateSource":"bounded-geocode"},"geometry":{"type":"Point","coordinates":[-45.8863026,-23.1964273]}},{"type":"Feature","properties":{"kind":"linha-verde-station","name":"Estação Nelson D'Ávila","sequence":10,"officialNameSource":"https://www.sjc.sp.gov.br/media/neim2fef/edital-de-chamamento_naming-rights.pdf","coordinateSource":"bounded-geocode"},"geometry":{"type":"Point","coordinates":[-45.8863026,-23.1964273]}},{"type":"Feature","properties":{"kind":"linha-verde-station","name":"Estação Praça Maurício Cury","sequence":11,"officialNameSource":"https://www.sjc.sp.gov.br/media/neim2fef/edital-de-chamamento_naming-rights.pdf","coordinateSource":"openstreetmap-transit-point"},"geometry":{"type":"Point","coordinates":[-45.8841479,-23.1869633]}},{"type":"Feature","properties":{"kind":"linha-verde-station","name":"Estação Vila Bandeirantes","sequence":12,"officialNameSource":"https://www.sjc.sp.gov.br/media/neim2fef/edital-de-chamamento_naming-rights.pdf","coordinateSource":"openstreetmap-transit-point"},"geometry":{"type":"Point","coordinates":[-45.9543451,-23.2776511]}},{"type":"Feature","properties":{"kind":"linha-verde-station","name":"Estação Osvaldo Cruz","sequence":13,"officialNameSource":"https://www.sjc.sp.gov.br/media/neim2fef/edital-de-chamamento_naming-rights.pdf","coordinateSource":"bounded-geocode"},"geometry":{"type":"Point","coordinates":[-45.8830691,-23.1990976]}}]}
