{"type":"FeatureCollection","features":[{"type":"Feature","id":"2644773","properties":{"period":"2025-08","date":"01/08/2025","hour":"04:51","type":"CHOQUE","turn":"MADRUGADA","roadType":"ESTRADAS E RODOVIAS","street":"SP 099","fatal":true,"fatalVictims":1,"seriousVictims":0,"pedestrian":0,"bicycle":0,"motorcycle":1,"automobile":0,"bus":0,"truck":1,"resourceId":"d88cef83-8d78-4e1e-84d5-97a0dc4e219e"},"geometry":{"type":"Point","coordinates":[-45.8669111716,-23.2444196926]}},{"type":"Feature","id":"2657782","properties":{"period":"2025-08","date":"01/08/2025","hour":"12:24","type":"ATROPELAMENTO","turn":"TARDE","roadType":"VIAS URBANAS","street":"RUA LUCI PERDIGAO","fatal":false,"fatalVictims":0,"seriousVictims":0,"pedestrian":1,"bicycle":0,"motorcycle":0,"automobile":1,"bus":0,"truck":0,"resourceId":"d88cef83-8d78-4e1e-84d5-97a0dc4e219e"},"geometry":{"type":"Point","coordinates":[-45.8107109,-23.2116943]}},{"type":"Feature","id":"2644921","properties":{"period":"2025-08","date":"01/08/2025","hour":"22:30","type":"OUTROS","turn":"NOITE","roadType":"ESTRADAS E RODOVIAS","street":"BR 116","fatal":true,"fatalVictims":1,"seriousVictims":0,"pedestrian":0,"bicycle":0,"motorcycle":1,"automobile":0,"bus":0,"truck":0,"resourceId":"d88cef83-8d78-4e1e-84d5-97a0dc4e219e"},"geometry":{"type":"Point","coordinates":[-45.9357737511,-23.2503122305]}},{"type":"Feature","id":"2648723","properties":{"period":"2025-08","date":"02/08/2025","hour":"00:54","type":"COLISAO","turn":"MADRUGADA","roadType":"VIAS URBANAS","street":"RUA AURORA PINTO DA CUNHA","fatal":false,"fatalVictims":0,"seriousVictims":1,"pedestrian":0,"bicycle":0,"motorcycle":1,"automobile":1,"bus":0,"truck":0,"resourceId":"d88cef83-8d78-4e1e-84d5-97a0dc4e219e"},"geometry":{"type":"Point","coordinates":[-45.9005663,-23.2271056]}},{"type":"Feature","id":"2647886","properties":{"period":"2025-08","date":"02/08/2025","hour":"14:20","type":"OUTROS","turn":"TARDE","roadType":"VIAS URBANAS","street":"SP 070","fatal":false,"fatalVictims":0,"seriousVictims":0,"pedestrian":0,"bicycle":0,"motorcycle":0,"automobile":1,"bus":0,"truck":0,"resourceId":"d88cef83-8d78-4e1e-84d5-97a0dc4e219e"},"geometry":{"type":"Point","coordinates":[-45.8086529,-23.2629792]}},{"type":"Feature","id":"2658331","properties":{"period":"2025-08","date":"01/08/2025","hour":"13:03","type":"NAO DISPONIVEL","turn":"TARDE","roadType":"VIAS URBANAS","street":"RUA SAIGIRO NAKAMURA","fatal":false,"fatalVictims":0,"seriousVictims":0,"pedestrian":0,"bicycle":0,"motorcycle":0,"automobile":0,"bus":0,"truck":0,"resourceId":"d88cef83-8d78-4e1e-84d5-97a0dc4e219e"},"geometry":{"type":"Point","coordinates":[-45.855122,-23.1814909]}},{"type":"Feature","id":"2646624","properties":{"period":"2025-08","date":"02/08/2025","hour":"13:42","type":"COLISAO","turn":"TARDE","roadType":"VIAS URBANAS","street":"AVENIDA JOSE MARTINS FERREIRA","fatal":false,"fatalVictims":0,"seriousVictims":0,"pedestrian":0,"bicycle":0,"motorcycle":1,"automobile":1,"bus":0,"truck":0,"resourceId":"d88cef83-8d78-4e1e-84d5-97a0dc4e219e"},"geometry":{"type":"Point","coordinates":[-45.8180155,-23.2207511]}},{"type":"Feature","id":"2653408","properties":{"period":"2025-08","date":"03/08/2025","hour":"20:24","type":"COLISAO","turn":"NOITE","roadType":"VIAS URBANAS","street":"RUA PENEDO","fatal":false,"fatalVictims":0,"seriousVictims":0,"pedestrian":0,"bicycle":0,"motorcycle":1,"automobile":1,"bus":0,"truck":0,"resourceId":"d88cef83-8d78-4e1e-84d5-97a0dc4e219e"},"geometry":{"type":"Point","coordinates":[-45.9099855,-23.2422338]}},{"type":"Feature","id":"2655682","properties":{"period":"2025-08","date":"08/08/2025","hour":"23:54","type":"CHOQUE","turn":"NOITE","roadType":"VIAS URBANAS","street":"RUA DOS PEDREIROS","fatal":false,"fatalVictims":0,"seriousVictims":0,"pedestrian":0,"bicycle":0,"motorcycle":0,"automobile":1,"bus":0,"truck":0,"resourceId":"d88cef83-8d78-4e1e-84d5-97a0dc4e219e"},"geometry":{"type":"Point","coordinates":[-45.7858439,-23.1930955]}},{"type":"Feature","id":"2644961","properties":{"period":"2025-08","date":"04/08/2025","hour":"12:07","type":"OUTROS","turn":"TARDE","roadType":"VIAS URBANAS","street":"AVENIDA SENADOR TEOTONIO VILELA","fatal":true,"fatalVictims":1,"seriousVictims":0,"pedestrian":0,"bicycle":0,"motorcycle":1,"automobile":0,"bus":0,"truck":0,"resourceId":"d88cef83-8d78-4e1e-84d5-97a0dc4e219e"},"geometry":{"type":"Point","coordinates":[-45.8796453472,-23.1877263328]}},{"type":"Feature","id":"2651772","properties":{"period":"2025-08","date":"10/08/2025","hour":"19:21","type":"COLISAO","turn":"NOITE","roadType":"VIAS URBANAS","street":"AVENIDA CIDADE JARDIM","fatal":false,"fatalVictims":0,"seriousVictims":0,"pedestrian":0,"bicycle":0,"motorcycle":1,"automobile":1,"bus":0,"truck":0,"resourceId":"d88cef83-8d78-4e1e-84d5-97a0dc4e219e"},"geometry":{"type":"Point","coordinates":[-45.8923514,-23.2134627]}},{"type":"Feature","id":"2644764","properties":{"period":"2025-08","date":"11/08/2025","hour":"19:39","type":"ATROPELAMENTO","turn":"NOITE","roadType":"VIAS URBANAS","street":"RUA ALZIRO LEBRAO","fatal":true,"fatalVictims":1,"seriousVictims":0,"pedestrian":1,"bicycle":0,"motorcycle":0,"automobile":1,"bus":0,"truck":0,"resourceId":"d88cef83-8d78-4e1e-84d5-97a0dc4e219e"},"geometry":{"type":"Point","coordinates":[-45.8996686202,-23.1510308409]}},{"type":"Feature","id":"2656743","properties":{"period":"2025-08","date":"03/08/2025","hour":"19:53","type":"COLISAO","turn":"NOITE","roadType":"VIAS URBANAS","street":"AVENIDA OURO FINO","fatal":false,"fatalVictims":0,"seriousVictims":0,"pedestrian":0,"bicycle":0,"motorcycle":1,"automobile":1,"bus":0,"truck":0,"resourceId":"d88cef83-8d78-4e1e-84d5-97a0dc4e219e"},"geometry":{"type":"Point","coordinates":[-45.888253,-23.2388027]}},{"type":"Feature","id":"2652952","properties":{"period":"2025-08","date":"06/08/2025","hour":"22:00","type":"COLISAO","turn":"NOITE","roadType":"VIAS URBANAS","street":"RUA MARTINS FONTES","fatal":false,"fatalVictims":0,"seriousVictims":0,"pedestrian":0,"bicycle":0,"motorcycle":1,"automobile":1,"bus":0,"truck":0,"resourceId":"d88cef83-8d78-4e1e-84d5-97a0dc4e219e"},"geometry":{"type":"Point","coordinates":[-45.8758312,-23.1807121]}},{"type":"Feature","id":"2659771","properties":{"period":"2025-08","date":"07/08/2025","hour":"09:07","type":"ATROPELAMENTO","turn":"MANHA","roadType":"VIAS URBANAS","street":"AVENIDA PEDRO ALVARES CABRAL","fatal":false,"fatalVictims":0,"seriousVictims":0,"pedestrian":1,"bicycle":0,"motorcycle":0,"automobile":1,"bus":0,"truck":0,"resourceId":"d88cef83-8d78-4e1e-84d5-97a0dc4e219e"},"geometry":{"type":"Point","coordinates":[-45.8766724,-23.1886007]}},{"type":"Feature","id":"2649146","properties":{"period":"2025-08","date":"08/08/2025","hour":"18:58","type":"OUTROS","turn":"NOITE","roadType":"VIAS URBANAS","street":"PONTE DOUTOR MARINO","fatal":false,"fatalVictims":0,"seriousVictims":0,"pedestrian":0,"bicycle":0,"motorcycle":0,"automobile":0,"bus":0,"truck":0,"resourceId":"d88cef83-8d78-4e1e-84d5-97a0dc4e219e"},"geometry":{"type":"Point","coordinates":[-45.89628442,-23.26648642]}},{"type":"Feature","id":"2656950","properties":{"period":"2025-08","date":"08/08/2025","hour":"10:33","type":"COLISAO","turn":"MANHA","roadType":"VIAS URBANAS","street":"RUA GEORGE WILLIAMS","fatal":false,"fatalVictims":0,"seriousVictims":0,"pedestrian":0,"bicycle":0,"motorcycle":1,"automobile":1,"bus":0,"truck":0,"resourceId":"d88cef83-8d78-4e1e-84d5-97a0dc4e219e"},"geometry":{"type":"Point","coordinates":[-45.9086855,-23.2314165]}},{"type":"Feature","id":"2644778","properties":{"period":"2025-08","date":"10/08/2025","hour":"21:19","type":"CHOQUE","turn":"NOITE","roadType":"VIAS URBANAS","street":"AVENIDA JOSE MARTINS FERREIRA","fatal":true,"fatalVictims":1,"seriousVictims":0,"pedestrian":0,"bicycle":0,"motorcycle":0,"automobile":1,"bus":0,"truck":0,"resourceId":"d88cef83-8d78-4e1e-84d5-97a0dc4e219e"},"geometry":{"type":"Point","coordinates":[-45.8230816667,-23.2290133333]}},{"type":"Feature","id":"2649127","properties":{"period":"2025-08","date":"11/08/2025","hour":"20:22","type":"COLISAO","turn":"NOITE","roadType":"VIAS URBANAS","street":"RUA MANOEL BOSCO RIBEIRO","fatal":false,"fatalVictims":0,"seriousVictims":0,"pedestrian":0,"bicycle":0,"motorcycle":1,"automobile":1,"bus":0,"truck":0,"resourceId":"d88cef83-8d78-4e1e-84d5-97a0dc4e219e"},"geometry":{"type":"Point","coordinates":[-45.923516,-23.2265322]}},{"type":"Feature","id":"2651112","properties":{"period":"2025-08","date":"11/08/2025","hour":"20:15","type":"COLISAO","turn":"NOITE","roadType":"VIAS URBANAS","street":"RUA ANTARES","fatal":false,"fatalVictims":0,"seriousVictims":0,"pedestrian":0,"bicycle":0,"motorcycle":1,"automobile":1,"bus":0,"truck":0,"resourceId":"d88cef83-8d78-4e1e-84d5-97a0dc4e219e"},"geometry":{"type":"Point","coordinates":[-45.8957902,-23.2208058]}},{"type":"Feature","id":"2644779","properties":{"period":"2025-08","date":"03/08/2025","hour":"06:54","type":"OUTROS","turn":"MANHA","roadType":"ESTRADAS E RODOVIAS","street":"BR 116","fatal":true,"fatalVictims":1,"seriousVictims":0,"pedestrian":0,"bicycle":0,"motorcycle":0,"automobile":1,"bus":0,"truck":0,"resourceId":"d88cef83-8d78-4e1e-84d5-97a0dc4e219e"},"geometry":{"type":"Point","coordinates":[-45.8744528945,-23.1967197687]}},{"type":"Feature","id":"2661777","properties":{"period":"2025-08","date":"02/08/2025","hour":"11:27","type":"ATROPELAMENTO","turn":"MANHA","roadType":"VIAS URBANAS","street":"RUA SUMATRA","fatal":false,"fatalVictims":0,"seriousVictims":0,"pedestrian":1,"bicycle":0,"motorcycle":0,"automobile":1,"bus":0,"truck":0,"resourceId":"d88cef83-8d78-4e1e-84d5-97a0dc4e219e"},"geometry":{"type":"Point","coordinates":[-45.9014067,-23.2369797]}},{"type":"Feature","id":"2644781","properties":{"period":"2025-08","date":"03/08/2025","hour":"23:00","type":"CHOQUE","turn":"NOITE","roadType":"VIAS URBANAS","street":"AVENIDA PRESIDENTE JUSCELINO KUBITSCHEK","fatal":true,"fatalVictims":1,"seriousVictims":0,"pedestrian":0,"bicycle":0,"motorcycle":0,"automobile":1,"bus":0,"truck":0,"resourceId":"d88cef83-8d78-4e1e-84d5-97a0dc4e219e"},"geometry":{"type":"Point","coordinates":[-45.849092,-23.180338]}},{"type":"Feature","id":"2644780","properties":{"period":"2025-08","date":"03/08/2025","hour":"13:37","type":"COLISAO","turn":"TARDE","roadType":"ESTRADAS E RODOVIAS","street":"SP 070","fatal":true,"fatalVictims":2,"seriousVictims":0,"pedestrian":0,"bicycle":0,"motorcycle":0,"automobile":4,"bus":0,"truck":0,"resourceId":"d88cef83-8d78-4e1e-84d5-97a0dc4e219e"},"geometry":{"type":"Point","coordinates":[-45.7606184748,-23.2200343535]}},{"type":"Feature","id":"2659534","properties":{"period":"2025-08","date":"03/08/2025","hour":"07:42","type":"COLISAO","turn":"MANHA","roadType":"VIAS URBANAS","street":"AVENIDA MARIA CANDIDA DELGADO","fatal":false,"fatalVictims":0,"seriousVictims":0,"pedestrian":0,"bicycle":0,"motorcycle":0,"automobile":1,"bus":1,"truck":0,"resourceId":"d88cef83-8d78-4e1e-84d5-97a0dc4e219e"},"geometry":{"type":"Point","coordinates":[-45.901286,-23.139692]}},{"type":"Feature","id":"2658133","properties":{"period":"2025-08","date":"03/08/2025","hour":"23:21","type":"COLISAO","turn":"NOITE","roadType":"VIAS URBANAS","street":"MARGINAL DA DUTRA","fatal":false,"fatalVictims":0,"seriousVictims":1,"pedestrian":0,"bicycle":0,"motorcycle":0,"automobile":1,"bus":0,"truck":0,"resourceId":"d88cef83-8d78-4e1e-84d5-97a0dc4e219e"},"geometry":{"type":"Point","coordinates":[-45.8629824,-23.18482929]}},{"type":"Feature","id":"2661323","properties":{"period":"2025-08","date":"08/08/2025","hour":"13:15","type":"NAO DISPONIVEL","turn":"TARDE","roadType":"VIAS URBANAS","street":"AVENIDA SENADOR TEOTONIO VILELA","fatal":false,"fatalVictims":0,"seriousVictims":0,"pedestrian":0,"bicycle":0,"motorcycle":1,"automobile":0,"bus":0,"truck":0,"resourceId":"d88cef83-8d78-4e1e-84d5-97a0dc4e219e"},"geometry":{"type":"Point","coordinates":[-45.8759454,-23.1786831]}},{"type":"Feature","id":"2648166","properties":{"period":"2025-08","date":"08/08/2025","hour":"16:35","type":"NAO DISPONIVEL","turn":"TARDE","roadType":"VIAS URBANAS","street":"RUA SAIGIRO NAKAMURA","fatal":false,"fatalVictims":0,"seriousVictims":0,"pedestrian":0,"bicycle":0,"motorcycle":0,"automobile":0,"bus":0,"truck":0,"resourceId":"d88cef83-8d78-4e1e-84d5-97a0dc4e219e"},"geometry":{"type":"Point","coordinates":[-45.855122,-23.1814909]}},{"type":"Feature","id":"2644914","properties":{"period":"2025-08","date":"08/08/2025","hour":"23:49","type":"COLISAO","turn":"NOITE","roadType":"ESTRADAS E RODOVIAS","street":"SP 066","fatal":true,"fatalVictims":1,"seriousVictims":0,"pedestrian":0,"bicycle":0,"motorcycle":2,"automobile":0,"bus":0,"truck":0,"resourceId":"d88cef83-8d78-4e1e-84d5-97a0dc4e219e"},"geometry":{"type":"Point","coordinates":[-45.9084686552,-23.2499685717]}},{"type":"Feature","id":"2654336","properties":{"period":"2025-08","date":"08/08/2025","hour":"22:03","type":"COLISAO","turn":"NOITE","roadType":"VIAS URBANAS","street":"ESTRADA MUNICIPAL GLAUDISTOM PEREIRA DE OLIVEIRA","fatal":false,"fatalVictims":0,"seriousVictims":1,"pedestrian":0,"bicycle":1,"motorcycle":0,"automobile":1,"bus":0,"truck":0,"resourceId":"d88cef83-8d78-4e1e-84d5-97a0dc4e219e"},"geometry":{"type":"Point","coordinates":[-45.8485918,-23.2211431]}},{"type":"Feature","id":"2656127","properties":{"period":"2025-08","date":"09/08/2025","hour":"21:37","type":"OUTROS","turn":"NOITE","roadType":"VIAS URBANAS","street":"AVENIDA SALINAS","fatal":false,"fatalVictims":0,"seriousVictims":0,"pedestrian":0,"bicycle":0,"motorcycle":1,"automobile":0,"bus":0,"truck":0,"resourceId":"d88cef83-8d78-4e1e-84d5-97a0dc4e219e"},"geometry":{"type":"Point","coordinates":[-45.8891506,-23.2476411]}},{"type":"Feature","id":"2647234","properties":{"period":"2025-08","date":"10/08/2025","hour":"13:43","type":"OUTROS","turn":"TARDE","roadType":"VIAS URBANAS","street":"AVENIDA PRESIDENTE JUSCELINO KUBITSCHEK","fatal":false,"fatalVictims":0,"seriousVictims":0,"pedestrian":0,"bicycle":0,"motorcycle":1,"automobile":0,"bus":0,"truck":0,"resourceId":"d88cef83-8d78-4e1e-84d5-97a0dc4e219e"},"geometry":{"type":"Point","coordinates":[-45.8711706,-23.184588]}},{"type":"Feature","id":"2656720","properties":{"period":"2025-08","date":"11/08/2025","hour":"10:44","type":"NAO DISPONIVEL","turn":"MANHA","roadType":"VIAS URBANAS","street":"RUA SAIGIRO NAKAMURA","fatal":false,"fatalVictims":0,"seriousVictims":0,"pedestrian":0,"bicycle":0,"motorcycle":0,"automobile":0,"bus":0,"truck":0,"resourceId":"d88cef83-8d78-4e1e-84d5-97a0dc4e219e"},"geometry":{"type":"Point","coordinates":[-45.855122,-23.1814909]}},{"type":"Feature","id":"2646007","properties":{"period":"2025-08","date":"05/08/2025","hour":"16:06","type":"COLISAO","turn":"TARDE","roadType":"VIAS URBANAS","street":"AVENIDA RUI BARBOSA","fatal":false,"fatalVictims":0,"seriousVictims":0,"pedestrian":0,"bicycle":0,"motorcycle":1,"automobile":1,"bus":0,"truck":0,"resourceId":"d88cef83-8d78-4e1e-84d5-97a0dc4e219e"},"geometry":{"type":"Point","coordinates":[-45.8902319,-23.1743014]}},{"type":"Feature","id":"2647718","properties":{"period":"2025-08","date":"06/08/2025","hour":"18:25","type":"COLISAO","turn":"NOITE","roadType":"VIAS URBANAS","street":"RUA RUIVO","fatal":false,"fatalVictims":0,"seriousVictims":0,"pedestrian":0,"bicycle":0,"motorcycle":1,"automobile":1,"bus":0,"truck":0,"resourceId":"d88cef83-8d78-4e1e-84d5-97a0dc4e219e"},"geometry":{"type":"Point","coordinates":[-45.908252,-23.215182]}},{"type":"Feature","id":"2646968","properties":{"period":"2025-08","date":"07/08/2025","hour":"16:07","type":"COLISAO","turn":"TARDE","roadType":"VIAS URBANAS","street":"AVENIDA PRESIDENTE TANCREDO NEVES","fatal":false,"fatalVictims":0,"seriousVictims":0,"pedestrian":0,"bicycle":0,"motorcycle":1,"automobile":1,"bus":0,"truck":0,"resourceId":"d88cef83-8d78-4e1e-84d5-97a0dc4e219e"},"geometry":{"type":"Point","coordinates":[-45.7872707,-23.1899181]}},{"type":"Feature","id":"2656209","properties":{"period":"2025-08","date":"10/08/2025","hour":"00:59","type":"COLISAO","turn":"MADRUGADA","roadType":"VIAS URBANAS","street":"AVENIDA OITO DE DEZEMBRO","fatal":false,"fatalVictims":0,"seriousVictims":0,"pedestrian":0,"bicycle":0,"motorcycle":0,"automobile":1,"bus":0,"truck":0,"resourceId":"d88cef83-8d78-4e1e-84d5-97a0dc4e219e"},"geometry":{"type":"Point","coordinates":[-45.7912822,-23.1969276]}},{"type":"Feature","id":"2645227","properties":{"period":"2025-08","date":"10/08/2025","hour":"00:16","type":"COLISAO","turn":"MADRUGADA","roadType":"VIAS URBANAS","street":"AVENIDA DEPUTADO BENEDITO MATARAZZO","fatal":false,"fatalVictims":0,"seriousVictims":0,"pedestrian":0,"bicycle":0,"motorcycle":0,"automobile":1,"bus":0,"truck":0,"resourceId":"d88cef83-8d78-4e1e-84d5-97a0dc4e219e"},"geometry":{"type":"Point","coordinates":[-45.8695487,-23.1937526]}},{"type":"Feature","id":"2648736","properties":{"period":"2025-08","date":"10/08/2025","hour":"15:25","type":"COLISAO","turn":"TARDE","roadType":"VIAS URBANAS","street":"RUA JOSILDO ARNULFO DOS SANTOS","fatal":false,"fatalVictims":0,"seriousVictims":0,"pedestrian":0,"bicycle":0,"motorcycle":0,"automobile":1,"bus":0,"truck":0,"resourceId":"d88cef83-8d78-4e1e-84d5-97a0dc4e219e"},"geometry":{"type":"Point","coordinates":[-45.8361499,-23.2417424]}},{"type":"Feature","id":"2660343","properties":{"period":"2025-08","date":"06/08/2025","hour":"11:10","type":"COLISAO","turn":"MANHA","roadType":"VIAS URBANAS","street":"AVENIDA DOUTOR NELSON D'AVILA","fatal":false,"fatalVictims":0,"seriousVictims":0,"pedestrian":0,"bicycle":0,"motorcycle":1,"automobile":1,"bus":0,"truck":0,"resourceId":"d88cef83-8d78-4e1e-84d5-97a0dc4e219e"},"geometry":{"type":"Point","coordinates":[-45.8849859,-23.2031512]}},{"type":"Feature","id":"2660170","properties":{"period":"2025-08","date":"08/08/2025","hour":"10:00","type":"ATROPELAMENTO","turn":"MANHA","roadType":"VIAS URBANAS","street":"RUA SENADOR SALGADO FILHO","fatal":false,"fatalVictims":0,"seriousVictims":0,"pedestrian":1,"bicycle":0,"motorcycle":0,"automobile":1,"bus":0,"truck":0,"resourceId":"d88cef83-8d78-4e1e-84d5-97a0dc4e219e"},"geometry":{"type":"Point","coordinates":[-45.8860651,-23.1884974]}},{"type":"Feature","id":"2661231","properties":{"period":"2025-08","date":"05/08/2025","hour":"14:23","type":"COLISAO","turn":"TARDE","roadType":"VIAS URBANAS","street":"RUA LONDRINA","fatal":false,"fatalVictims":0,"seriousVictims":0,"pedestrian":0,"bicycle":0,"motorcycle":1,"automobile":2,"bus":0,"truck":0,"resourceId":"d88cef83-8d78-4e1e-84d5-97a0dc4e219e"},"geometry":{"type":"Point","coordinates":[-45.8963146,-23.2513284]}},{"type":"Feature","id":"2650014","properties":{"period":"2025-08","date":"07/08/2025","hour":"20:28","type":"COLISAO","turn":"NOITE","roadType":"VIAS URBANAS","street":"AVENIDA UBERABA","fatal":false,"fatalVictims":0,"seriousVictims":0,"pedestrian":0,"bicycle":0,"motorcycle":1,"automobile":1,"bus":0,"truck":0,"resourceId":"d88cef83-8d78-4e1e-84d5-97a0dc4e219e"},"geometry":{"type":"Point","coordinates":[-45.8498022,-23.1765295]}},{"type":"Feature","id":"2647778","properties":{"period":"2025-08","date":"08/08/2025","hour":"01:47","type":"CHOQUE","turn":"MADRUGADA","roadType":"VIAS URBANAS","street":"RUA MAITA","fatal":false,"fatalVictims":0,"seriousVictims":0,"pedestrian":0,"bicycle":0,"motorcycle":0,"automobile":1,"bus":0,"truck":0,"resourceId":"d88cef83-8d78-4e1e-84d5-97a0dc4e219e"},"geometry":{"type":"Point","coordinates":[-45.89922459,-23.19519654]}},{"type":"Feature","id":"2658073","properties":{"period":"2025-08","date":"08/08/2025","hour":"07:16","type":"COLISAO","turn":"MANHA","roadType":"VIAS URBANAS","street":"RUA MANOEL BOSCO RIBEIRO","fatal":false,"fatalVictims":0,"seriousVictims":0,"pedestrian":0,"bicycle":0,"motorcycle":1,"automobile":1,"bus":0,"truck":0,"resourceId":"d88cef83-8d78-4e1e-84d5-97a0dc4e219e"},"geometry":{"type":"Point","coordinates":[-45.9231448,-23.2261748]}},{"type":"Feature","id":"2646661","properties":{"period":"2025-08","date":"09/08/2025","hour":"12:32","type":"ATROPELAMENTO","turn":"TARDE","roadType":"VIAS URBANAS","street":"RUA SAIGIRO NAKAMURA","fatal":false,"fatalVictims":0,"seriousVictims":0,"pedestrian":0,"bicycle":0,"motorcycle":0,"automobile":0,"bus":0,"truck":0,"resourceId":"d88cef83-8d78-4e1e-84d5-97a0dc4e219e"},"geometry":{"type":"Point","coordinates":[-45.855122,-23.1814909]}},{"type":"Feature","id":"2647044","properties":{"period":"2025-08","date":"13/08/2025","hour":"16:34","type":"NAO DISPONIVEL","turn":"TARDE","roadType":"VIAS URBANAS","street":"RUA MONTE AZUL","fatal":false,"fatalVictims":0,"seriousVictims":0,"pedestrian":0,"bicycle":0,"motorcycle":1,"automobile":0,"bus":0,"truck":0,"resourceId":"d88cef83-8d78-4e1e-84d5-97a0dc4e219e"},"geometry":{"type":"Point","coordinates":[-45.9233767,-23.2539491]}},{"type":"Feature","id":"2650151","properties":{"period":"2025-08","date":"13/08/2025","hour":"18:46","type":"COLISAO","turn":"NOITE","roadType":"VIAS URBANAS","street":"ESTRADA DOM JOSE ANTONIO DO COUTO","fatal":false,"fatalVictims":0,"seriousVictims":0,"pedestrian":0,"bicycle":0,"motorcycle":0,"automobile":1,"bus":0,"truck":0,"resourceId":"d88cef83-8d78-4e1e-84d5-97a0dc4e219e"},"geometry":{"type":"Point","coordinates":[-45.7926736,-23.2252753]}},{"type":"Feature","id":"2648055","properties":{"period":"2025-08","date":"14/08/2025","hour":"18:23","type":"COLISAO","turn":"NOITE","roadType":"VIAS URBANAS","street":"RIO BUQUIRA","fatal":false,"fatalVictims":0,"seriousVictims":0,"pedestrian":0,"bicycle":0,"motorcycle":0,"automobile":0,"bus":1,"truck":0,"resourceId":"d88cef83-8d78-4e1e-84d5-97a0dc4e219e"},"geometry":{"type":"Point","coordinates":[-45.8974333,-23.15180181]}},{"type":"Feature","id":"2656609","properties":{"period":"2025-08","date":"18/08/2025","hour":"08:56","type":"COLISAO","turn":"MANHA","roadType":"VIAS URBANAS","street":"VIADUTO BAIRRO VISTA VERDE","fatal":false,"fatalVictims":0,"seriousVictims":0,"pedestrian":0,"bicycle":0,"motorcycle":1,"automobile":1,"bus":0,"truck":0,"resourceId":"d88cef83-8d78-4e1e-84d5-97a0dc4e219e"},"geometry":{"type":"Point","coordinates":[-45.8405,-23.178306]}},{"type":"Feature","id":"2645530","properties":{"period":"2025-08","date":"19/08/2025","hour":"16:13","type":"COLISAO","turn":"TARDE","roadType":"VIAS URBANAS","street":"AVENIDA PICO DAS AGULHAS NEGRAS","fatal":false,"fatalVictims":0,"seriousVictims":0,"pedestrian":0,"bicycle":0,"motorcycle":1,"automobile":1,"bus":0,"truck":0,"resourceId":"d88cef83-8d78-4e1e-84d5-97a0dc4e219e"},"geometry":{"type":"Point","coordinates":[-45.9154886,-23.162318]}},{"type":"Feature","id":"2654249","properties":{"period":"2025-08","date":"20/08/2025","hour":"07:34","type":"COLISAO","turn":"MANHA","roadType":"VIAS URBANAS","street":"RUA VINTE E NOVE DE JUNHO","fatal":false,"fatalVictims":0,"seriousVictims":0,"pedestrian":0,"bicycle":0,"motorcycle":2,"automobile":0,"bus":0,"truck":0,"resourceId":"d88cef83-8d78-4e1e-84d5-97a0dc4e219e"},"geometry":{"type":"Point","coordinates":[-45.7898248,-23.1969921]}},{"type":"Feature","id":"2658409","properties":{"period":"2025-08","date":"20/08/2025","hour":"12:51","type":"ATROPELAMENTO","turn":"TARDE","roadType":"VIAS URBANAS","street":"RUA GOIANIA","fatal":false,"fatalVictims":0,"seriousVictims":0,"pedestrian":1,"bicycle":0,"motorcycle":0,"automobile":1,"bus":0,"truck":0,"resourceId":"d88cef83-8d78-4e1e-84d5-97a0dc4e219e"},"geometry":{"type":"Point","coordinates":[-45.9066534,-23.2405065]}},{"type":"Feature","id":"2646318","properties":{"period":"2025-08","date":"20/08/2025","hour":"16:05","type":"ATROPELAMENTO","turn":"TARDE","roadType":"VIAS URBANAS","street":"RUA GENESIA BERARDINELLI TARANTINO","fatal":false,"fatalVictims":0,"seriousVictims":0,"pedestrian":1,"bicycle":0,"motorcycle":1,"automobile":0,"bus":0,"truck":0,"resourceId":"d88cef83-8d78-4e1e-84d5-97a0dc4e219e"},"geometry":{"type":"Point","coordinates":[-45.8784737,-23.189215]}},{"type":"Feature","id":"2660363","properties":{"period":"2025-08","date":"14/08/2025","hour":"11:50","type":"OUTROS","turn":"MANHA","roadType":"VIAS URBANAS","street":"RUA MAR DEL PLATA","fatal":false,"fatalVictims":0,"seriousVictims":0,"pedestrian":0,"bicycle":0,"motorcycle":0,"automobile":0,"bus":0,"truck":0,"resourceId":"d88cef83-8d78-4e1e-84d5-97a0dc4e219e"},"geometry":{"type":"Point","coordinates":[-45.8989348,-23.2344173]}},{"type":"Feature","id":"2647117","properties":{"period":"2025-08","date":"15/08/2025","hour":"16:52","type":"COLISAO","turn":"TARDE","roadType":"VIAS URBANAS","street":"ESTRADA MUNICIPAL DO JAGUARI","fatal":false,"fatalVictims":0,"seriousVictims":0,"pedestrian":0,"bicycle":1,"motorcycle":0,"automobile":1,"bus":0,"truck":0,"resourceId":"d88cef83-8d78-4e1e-84d5-97a0dc4e219e"},"geometry":{"type":"Point","coordinates":[-45.914089,-23.1578557]}},{"type":"Feature","id":"2646816","properties":{"period":"2025-08","date":"16/08/2025","hour":"13:41","type":"ATROPELAMENTO","turn":"TARDE","roadType":"VIAS URBANAS","street":"AVENIDA ADONIAS DA SILVA","fatal":false,"fatalVictims":0,"seriousVictims":0,"pedestrian":1,"bicycle":0,"motorcycle":0,"automobile":0,"bus":0,"truck":0,"resourceId":"d88cef83-8d78-4e1e-84d5-97a0dc4e219e"},"geometry":{"type":"Point","coordinates":[-45.8939414,-23.2695191]}},{"type":"Feature","id":"2658012","properties":{"period":"2025-08","date":"17/08/2025","hour":"04:45","type":"COLISAO","turn":"MADRUGADA","roadType":"VIAS URBANAS","street":"AVENIDA CIDADE JARDIM","fatal":false,"fatalVictims":0,"seriousVictims":1,"pedestrian":0,"bicycle":0,"motorcycle":1,"automobile":1,"bus":0,"truck":0,"resourceId":"d88cef83-8d78-4e1e-84d5-97a0dc4e219e"},"geometry":{"type":"Point","coordinates":[-45.8803345,-23.2353075]}},{"type":"Feature","id":"2652381","properties":{"period":"2025-08","date":"19/08/2025","hour":"04:44","type":"CHOQUE","turn":"MADRUGADA","roadType":"VIAS URBANAS","street":"RUA UBIRAJARA RAIMUNDO DE SOUZA","fatal":false,"fatalVictims":0,"seriousVictims":0,"pedestrian":0,"bicycle":0,"motorcycle":0,"automobile":1,"bus":0,"truck":0,"resourceId":"d88cef83-8d78-4e1e-84d5-97a0dc4e219e"},"geometry":{"type":"Point","coordinates":[-45.86411502,-23.27225785]}},{"type":"Feature","id":"2655503","properties":{"period":"2025-08","date":"20/08/2025","hour":"08:55","type":"COLISAO","turn":"MANHA","roadType":"VIAS URBANAS","street":"RUA NORUEGA","fatal":false,"fatalVictims":0,"seriousVictims":0,"pedestrian":0,"bicycle":0,"motorcycle":0,"automobile":2,"bus":0,"truck":0,"resourceId":"d88cef83-8d78-4e1e-84d5-97a0dc4e219e"},"geometry":{"type":"Point","coordinates":[-45.8835754,-23.2141968]}},{"type":"Feature","id":"2644768","properties":{"period":"2025-08","date":"13/08/2025","hour":"01:58","type":"CHOQUE","turn":"MADRUGADA","roadType":"VIAS URBANAS","street":"AVENIDA PICO DAS AGULHAS NEGRAS","fatal":true,"fatalVictims":1,"seriousVictims":0,"pedestrian":0,"bicycle":0,"motorcycle":1,"automobile":0,"bus":0,"truck":0,"resourceId":"d88cef83-8d78-4e1e-84d5-97a0dc4e219e"},"geometry":{"type":"Point","coordinates":[-45.910700894,-23.1623898371]}},{"type":"Feature","id":"2661371","properties":{"period":"2025-08","date":"16/08/2025","hour":"10:50","type":"COLISAO","turn":"MANHA","roadType":"VIAS URBANAS","street":"RUA ANTONIO JOSE MATOS LIMA","fatal":false,"fatalVictims":0,"seriousVictims":0,"pedestrian":0,"bicycle":0,"motorcycle":1,"automobile":1,"bus":0,"truck":0,"resourceId":"d88cef83-8d78-4e1e-84d5-97a0dc4e219e"},"geometry":{"type":"Point","coordinates":[-45.9035789,-23.263608]}},{"type":"Feature","id":"2655686","properties":{"period":"2025-08","date":"18/08/2025","hour":"07:35","type":"COLISAO","turn":"MANHA","roadType":"VIAS URBANAS","street":"RUA PENEDO","fatal":false,"fatalVictims":0,"seriousVictims":0,"pedestrian":0,"bicycle":0,"motorcycle":0,"automobile":1,"bus":0,"truck":0,"resourceId":"d88cef83-8d78-4e1e-84d5-97a0dc4e219e"},"geometry":{"type":"Point","coordinates":[-45.9106911,-23.2417207]}},{"type":"Feature","id":"2651670","properties":{"period":"2025-08","date":"19/08/2025","hour":"06:04","type":"COLISAO","turn":"MANHA","roadType":"VIAS URBANAS","street":"RUA APARECIDA MARIA CONSIGLIO","fatal":false,"fatalVictims":0,"seriousVictims":0,"pedestrian":0,"bicycle":0,"motorcycle":1,"automobile":0,"bus":0,"truck":0,"resourceId":"d88cef83-8d78-4e1e-84d5-97a0dc4e219e"},"geometry":{"type":"Point","coordinates":[-45.7967218,-23.1878498]}},{"type":"Feature","id":"2647532","properties":{"period":"2025-08","date":"20/08/2025","hour":"16:34","type":"COLISAO","turn":"TARDE","roadType":"VIAS URBANAS","street":"AVENIDA ENGENHEIRO SEBASTIAO GUALBERTO","fatal":false,"fatalVictims":0,"seriousVictims":0,"pedestrian":0,"bicycle":0,"motorcycle":1,"automobile":0,"bus":0,"truck":1,"resourceId":"d88cef83-8d78-4e1e-84d5-97a0dc4e219e"},"geometry":{"type":"Point","coordinates":[-45.8853975,-23.1741633]}},{"type":"Feature","id":"2652878","properties":{"period":"2025-08","date":"12/08/2025","hour":"22:41","type":"COLISAO","turn":"NOITE","roadType":"VIAS URBANAS","street":"AVENIDA MARIANA ANDRADE","fatal":false,"fatalVictims":0,"seriousVictims":0,"pedestrian":0,"bicycle":0,"motorcycle":0,"automobile":2,"bus":0,"truck":0,"resourceId":"d88cef83-8d78-4e1e-84d5-97a0dc4e219e"},"geometry":{"type":"Point","coordinates":[-45.8072068,-23.217269]}},{"type":"Feature","id":"2646765","properties":{"period":"2025-08","date":"13/08/2025","hour":"16:16","type":"COLISAO","turn":"TARDE","roadType":"VIAS URBANAS","street":"RUA EUCLIDES MIRAGAIA","fatal":false,"fatalVictims":0,"seriousVictims":0,"pedestrian":0,"bicycle":0,"motorcycle":0,"automobile":1,"bus":0,"truck":0,"resourceId":"d88cef83-8d78-4e1e-84d5-97a0dc4e219e"},"geometry":{"type":"Point","coordinates":[-45.8911677,-23.1920508]}},{"type":"Feature","id":"2648626","properties":{"period":"2025-08","date":"20/08/2025","hour":"18:41","type":"COLISAO","turn":"NOITE","roadType":"VIAS URBANAS","street":"AVENIDA DOS ASTRONAUTAS","fatal":false,"fatalVictims":0,"seriousVictims":0,"pedestrian":0,"bicycle":0,"motorcycle":0,"automobile":2,"bus":0,"truck":0,"resourceId":"d88cef83-8d78-4e1e-84d5-97a0dc4e219e"},"geometry":{"type":"Point","coordinates":[-45.8679457,-23.194093]}},{"type":"Feature","id":"2649595","properties":{"period":"2025-08","date":"14/08/2025","hour":"19:59","type":"COLISAO","turn":"NOITE","roadType":"VIAS URBANAS","street":"AVENIDA ANGELO BELMIRO PINTUS","fatal":false,"fatalVictims":0,"seriousVictims":0,"pedestrian":0,"bicycle":0,"motorcycle":1,"automobile":1,"bus":0,"truck":0,"resourceId":"d88cef83-8d78-4e1e-84d5-97a0dc4e219e"},"geometry":{"type":"Point","coordinates":[-45.8960678,-23.2755437]}},{"type":"Feature","id":"2657971","properties":{"period":"2025-08","date":"14/08/2025","hour":"12:52","type":"OUTROS","turn":"TARDE","roadType":"VIAS URBANAS","street":"RUA SAIGIRO NAKAMURA","fatal":false,"fatalVictims":0,"seriousVictims":0,"pedestrian":0,"bicycle":0,"motorcycle":0,"automobile":0,"bus":0,"truck":0,"resourceId":"d88cef83-8d78-4e1e-84d5-97a0dc4e219e"},"geometry":{"type":"Point","coordinates":[-45.855122,-23.1814909]}},{"type":"Feature","id":"2653784","properties":{"period":"2025-08","date":"14/08/2025","hour":"07:09","type":"COLISAO","turn":"MANHA","roadType":"VIAS URBANAS","street":"RUA 4 DE MARCO","fatal":false,"fatalVictims":0,"seriousVictims":0,"pedestrian":0,"bicycle":0,"motorcycle":1,"automobile":1,"bus":0,"truck":0,"resourceId":"d88cef83-8d78-4e1e-84d5-97a0dc4e219e"},"geometry":{"type":"Point","coordinates":[-45.7884832,-23.1947259]}},{"type":"Feature","id":"2659761","properties":{"period":"2025-08","date":"16/08/2025","hour":"04:52","type":"NAO DISPONIVEL","turn":"MADRUGADA","roadType":"ESTRADAS E RODOVIAS","street":"SP 099","fatal":false,"fatalVictims":0,"seriousVictims":0,"pedestrian":0,"bicycle":0,"motorcycle":0,"automobile":1,"bus":0,"truck":0,"resourceId":"d88cef83-8d78-4e1e-84d5-97a0dc4e219e"},"geometry":{"type":"Point","coordinates":[-45.8447333931,-23.2526814329]}},{"type":"Feature","id":"2656771","properties":{"period":"2025-08","date":"17/08/2025","hour":"20:21","type":"COLISAO","turn":"NOITE","roadType":"VIAS URBANAS","street":"RUA 4 DE MARCO","fatal":false,"fatalVictims":0,"seriousVictims":0,"pedestrian":0,"bicycle":0,"motorcycle":0,"automobile":1,"bus":0,"truck":0,"resourceId":"d88cef83-8d78-4e1e-84d5-97a0dc4e219e"},"geometry":{"type":"Point","coordinates":[-45.7894667,-23.1944467]}},{"type":"Feature","id":"2652825","properties":{"period":"2025-08","date":"14/08/2025","hour":"20:58","type":"ATROPELAMENTO","turn":"NOITE","roadType":"VIAS URBANAS","street":"RUA ABARE","fatal":false,"fatalVictims":0,"seriousVictims":0,"pedestrian":0,"bicycle":0,"motorcycle":1,"automobile":0,"bus":0,"truck":0,"resourceId":"d88cef83-8d78-4e1e-84d5-97a0dc4e219e"},"geometry":{"type":"Point","coordinates":[-45.9083324,-23.2488535]}},{"type":"Feature","id":"2649242","properties":{"period":"2025-08","date":"16/08/2025","hour":"14:30","type":"COLISAO","turn":"TARDE","roadType":"VIAS URBANAS","street":"MONTEIRO LOBATO","fatal":false,"fatalVictims":0,"seriousVictims":0,"pedestrian":0,"bicycle":0,"motorcycle":1,"automobile":1,"bus":0,"truck":0,"resourceId":"d88cef83-8d78-4e1e-84d5-97a0dc4e219e"},"geometry":{"type":"Point","coordinates":[-45.89913763,-23.15296741]}},{"type":"Feature","id":"2661728","properties":{"period":"2025-08","date":"18/08/2025","hour":"13:09","type":"ATROPELAMENTO","turn":"TARDE","roadType":"VIAS URBANAS","street":"RUA SAIGIRO NAKAMURA","fatal":false,"fatalVictims":0,"seriousVictims":0,"pedestrian":0,"bicycle":0,"motorcycle":0,"automobile":0,"bus":0,"truck":0,"resourceId":"d88cef83-8d78-4e1e-84d5-97a0dc4e219e"},"geometry":{"type":"Point","coordinates":[-45.855122,-23.1814909]}},{"type":"Feature","id":"2658829","properties":{"period":"2025-08","date":"15/08/2025","hour":"13:32","type":"COLISAO","turn":"TARDE","roadType":"VIAS URBANAS","street":"AVENIDA DEPUTADO BENEDITO MATARAZZO","fatal":false,"fatalVictims":0,"seriousVictims":0,"pedestrian":0,"bicycle":0,"motorcycle":0,"automobile":1,"bus":0,"truck":0,"resourceId":"d88cef83-8d78-4e1e-84d5-97a0dc4e219e"},"geometry":{"type":"Point","coordinates":[-45.9069399,-23.2228656]}},{"type":"Feature","id":"2658767","properties":{"period":"2025-08","date":"18/08/2025","hour":"12:09","type":"NAO DISPONIVEL","turn":"TARDE","roadType":"VIAS URBANAS","street":"AVENIDA COMENDADOR VICENTE DE PAULO PENIDO","fatal":false,"fatalVictims":0,"seriousVictims":0,"pedestrian":0,"bicycle":0,"motorcycle":1,"automobile":0,"bus":0,"truck":0,"resourceId":"d88cef83-8d78-4e1e-84d5-97a0dc4e219e"},"geometry":{"type":"Point","coordinates":[-45.9023508,-23.2129863]}},{"type":"Feature","id":"2653434","properties":{"period":"2025-08","date":"19/08/2025","hour":"07:24","type":"COLISAO","turn":"MANHA","roadType":"VIAS URBANAS","street":"RUA ANGELO CARLOS NARESSI MACHADO","fatal":false,"fatalVictims":0,"seriousVictims":0,"pedestrian":0,"bicycle":0,"motorcycle":0,"automobile":2,"bus":0,"truck":0,"resourceId":"d88cef83-8d78-4e1e-84d5-97a0dc4e219e"},"geometry":{"type":"Point","coordinates":[-45.816774,-23.216943]}},{"type":"Feature","id":"2656552","properties":{"period":"2025-08","date":"23/08/2025","hour":"19:31","type":"ATROPELAMENTO","turn":"NOITE","roadType":"VIAS URBANAS","street":"ESTRADA MUNICIPAL NELSON TAVARES DA SILVA","fatal":false,"fatalVictims":0,"seriousVictims":0,"pedestrian":1,"bicycle":0,"motorcycle":0,"automobile":1,"bus":0,"truck":0,"resourceId":"d88cef83-8d78-4e1e-84d5-97a0dc4e219e"},"geometry":{"type":"Point","coordinates":[-45.7708921,-23.2022724]}},{"type":"Feature","id":"2653111","properties":{"period":"2025-08","date":"25/08/2025","hour":"03:56","type":"CHOQUE","turn":"MADRUGADA","roadType":"VIAS URBANAS","street":"RUA MAR DEL PLATA","fatal":false,"fatalVictims":0,"seriousVictims":0,"pedestrian":0,"bicycle":0,"motorcycle":1,"automobile":0,"bus":0,"truck":0,"resourceId":"d88cef83-8d78-4e1e-84d5-97a0dc4e219e"},"geometry":{"type":"Point","coordinates":[-45.8990811,-23.2349123]}},{"type":"Feature","id":"2653115","properties":{"period":"2025-08","date":"26/08/2025","hour":"22:54","type":"ATROPELAMENTO","turn":"NOITE","roadType":"VIAS URBANAS","street":"AVENIDA DOS ASTRONAUTAS","fatal":false,"fatalVictims":0,"seriousVictims":2,"pedestrian":2,"bicycle":0,"motorcycle":1,"automobile":0,"bus":0,"truck":0,"resourceId":"d88cef83-8d78-4e1e-84d5-97a0dc4e219e"},"geometry":{"type":"Point","coordinates":[-45.8579416,-23.2112628]}},{"type":"Feature","id":"2645516","properties":{"period":"2025-08","date":"27/08/2025","hour":"13:58","type":"COLISAO","turn":"TARDE","roadType":"VIAS URBANAS","street":"RUA HEITOR DE ANDRADE","fatal":false,"fatalVictims":0,"seriousVictims":0,"pedestrian":0,"bicycle":0,"motorcycle":1,"automobile":1,"bus":0,"truck":0,"resourceId":"d88cef83-8d78-4e1e-84d5-97a0dc4e219e"},"geometry":{"type":"Point","coordinates":[-45.9151995,-23.2270941]}},{"type":"Feature","id":"2654606","properties":{"period":"2025-08","date":"29/08/2025","hour":"22:01","type":"NAO DISPONIVEL","turn":"NOITE","roadType":"VIAS URBANAS","street":"RUA SAIGIRO NAKAMURA","fatal":false,"fatalVictims":0,"seriousVictims":0,"pedestrian":0,"bicycle":0,"motorcycle":0,"automobile":0,"bus":0,"truck":0,"resourceId":"d88cef83-8d78-4e1e-84d5-97a0dc4e219e"},"geometry":{"type":"Point","coordinates":[-45.855122,-23.1814909]}},{"type":"Feature","id":"2644774","properties":{"period":"2025-08","date":"22/08/2025","hour":"17:30","type":"ATROPELAMENTO","turn":"TARDE","roadType":"VIAS URBANAS","street":"AVENIDA SENADOR TEOTONIO VILELA","fatal":true,"fatalVictims":1,"seriousVictims":0,"pedestrian":1,"bicycle":0,"motorcycle":0,"automobile":1,"bus":0,"truck":0,"resourceId":"d88cef83-8d78-4e1e-84d5-97a0dc4e219e"},"geometry":{"type":"Point","coordinates":[-45.8772550512,-23.1838804567]}},{"type":"Feature","id":"2644777","properties":{"period":"2025-08","date":"24/08/2025","hour":"01:42","type":"ATROPELAMENTO","turn":"MADRUGADA","roadType":"ESTRADAS E RODOVIAS","street":"BR 116","fatal":true,"fatalVictims":1,"seriousVictims":0,"pedestrian":1,"bicycle":0,"motorcycle":0,"automobile":1,"bus":0,"truck":0,"resourceId":"d88cef83-8d78-4e1e-84d5-97a0dc4e219e"},"geometry":{"type":"Point","coordinates":[-45.8507875987,-23.1846499486]}},{"type":"Feature","id":"2646158","properties":{"period":"2025-08","date":"27/08/2025","hour":"15:11","type":"CHOQUE","turn":"TARDE","roadType":"VIAS URBANAS","street":"RUA URUPE","fatal":false,"fatalVictims":0,"seriousVictims":0,"pedestrian":0,"bicycle":0,"motorcycle":1,"automobile":0,"bus":0,"truck":0,"resourceId":"d88cef83-8d78-4e1e-84d5-97a0dc4e219e"},"geometry":{"type":"Point","coordinates":[-45.8924949,-23.2318997]}},{"type":"Feature","id":"2650981","properties":{"period":"2025-08","date":"29/08/2025","hour":"21:16","type":"COLISAO","turn":"NOITE","roadType":"VIAS URBANAS","street":"ESTRADA ADOLFO BEZERRA DE MENEZES","fatal":false,"fatalVictims":0,"seriousVictims":0,"pedestrian":0,"bicycle":0,"motorcycle":0,"automobile":2,"bus":0,"truck":1,"resourceId":"d88cef83-8d78-4e1e-84d5-97a0dc4e219e"},"geometry":{"type":"Point","coordinates":[-45.88707276,-23.27384253]}},{"type":"Feature","id":"2646617","properties":{"period":"2025-08","date":"21/08/2025","hour":"15:35","type":"COLISAO","turn":"TARDE","roadType":"VIAS URBANAS","street":"R ME PAULA DE SAO JOSE","fatal":false,"fatalVictims":0,"seriousVictims":0,"pedestrian":0,"bicycle":0,"motorcycle":0,"automobile":2,"bus":0,"truck":0,"resourceId":"d88cef83-8d78-4e1e-84d5-97a0dc4e219e"},"geometry":{"type":"Point","coordinates":[-45.898472,-23.203528]}},{"type":"Feature","id":"2647179","properties":{"period":"2025-08","date":"21/08/2025","hour":"16:25","type":"COLISAO","turn":"TARDE","roadType":"VIAS URBANAS","street":"TRAVESSA CAPITINGAL","fatal":false,"fatalVictims":0,"seriousVictims":0,"pedestrian":0,"bicycle":0,"motorcycle":1,"automobile":1,"bus":0,"truck":0,"resourceId":"d88cef83-8d78-4e1e-84d5-97a0dc4e219e"},"geometry":{"type":"Point","coordinates":[-45.897819,-23.2647279]}},{"type":"Feature","id":"2648441","properties":{"period":"2025-08","date":"22/08/2025","hour":"16:54","type":"ATROPELAMENTO","turn":"TARDE","roadType":"VIAS URBANAS","street":"RUA SAIGIRO NAKAMURA","fatal":false,"fatalVictims":0,"seriousVictims":0,"pedestrian":1,"bicycle":0,"motorcycle":0,"automobile":0,"bus":0,"truck":0,"resourceId":"d88cef83-8d78-4e1e-84d5-97a0dc4e219e"},"geometry":{"type":"Point","coordinates":[-45.855122,-23.1814909]}},{"type":"Feature","id":"2644769","properties":{"period":"2025-08","date":"24/08/2025","hour":"04:36","type":"CHOQUE","turn":"MADRUGADA","roadType":"VIAS URBANAS","street":"AVENIDA DOUTOR JORGE ZARUR","fatal":true,"fatalVictims":1,"seriousVictims":0,"pedestrian":0,"bicycle":0,"motorcycle":1,"automobile":0,"bus":0,"truck":0,"resourceId":"d88cef83-8d78-4e1e-84d5-97a0dc4e219e"},"geometry":{"type":"Point","coordinates":[-45.8941368916,-23.2111892597]}},{"type":"Feature","id":"2657629","properties":{"period":"2025-08","date":"27/08/2025","hour":"07:19","type":"COLISAO","turn":"MANHA","roadType":"VIAS URBANAS","street":"RUA APARECIDA MARIA CONSIGLIO","fatal":false,"fatalVictims":0,"seriousVictims":0,"pedestrian":0,"bicycle":0,"motorcycle":1,"automobile":0,"bus":0,"truck":0,"resourceId":"d88cef83-8d78-4e1e-84d5-97a0dc4e219e"},"geometry":{"type":"Point","coordinates":[-45.7958077,-23.1889835]}},{"type":"Feature","id":"2658229","properties":{"period":"2025-08","date":"22/08/2025","hour":"06:32","type":"COLISAO","turn":"MANHA","roadType":"VIAS URBANAS","street":"AV SALINAS","fatal":false,"fatalVictims":0,"seriousVictims":0,"pedestrian":0,"bicycle":0,"motorcycle":0,"automobile":2,"bus":0,"truck":0,"resourceId":"d88cef83-8d78-4e1e-84d5-97a0dc4e219e"},"geometry":{"type":"Point","coordinates":[-45.889389,-23.248056]}},{"type":"Feature","id":"2651780","properties":{"period":"2025-08","date":"23/08/2025","hour":"13:52","type":"COLISAO","turn":"TARDE","roadType":"VIAS URBANAS","street":"AVENIDA SALINAS","fatal":false,"fatalVictims":0,"seriousVictims":0,"pedestrian":0,"bicycle":0,"motorcycle":0,"automobile":1,"bus":0,"truck":0,"resourceId":"d88cef83-8d78-4e1e-84d5-97a0dc4e219e"},"geometry":{"type":"Point","coordinates":[-45.8870529,-23.26801]}},{"type":"Feature","id":"2644782","properties":{"period":"2025-08","date":"25/08/2025","hour":"13:52","type":"ATROPELAMENTO","turn":"TARDE","roadType":"VIAS URBANAS","street":"RUA TURIM","fatal":true,"fatalVictims":1,"seriousVictims":0,"pedestrian":1,"bicycle":0,"motorcycle":0,"automobile":1,"bus":0,"truck":0,"resourceId":"d88cef83-8d78-4e1e-84d5-97a0dc4e219e"},"geometry":{"type":"Point","coordinates":[-45.8597157448,-23.2769568039]}},{"type":"Feature","id":"2644918","properties":{"period":"2025-08","date":"26/08/2025","hour":"09:36","type":"CHOQUE","turn":"MANHA","roadType":"VIAS URBANAS","street":"VIADUTO PASTOR LIBERATO COLOMBANI","fatal":true,"fatalVictims":1,"seriousVictims":0,"pedestrian":0,"bicycle":0,"motorcycle":1,"automobile":0,"bus":0,"truck":1,"resourceId":"d88cef83-8d78-4e1e-84d5-97a0dc4e219e"},"geometry":{"type":"Point","coordinates":[-45.9164016091,-23.2344342937]}},{"type":"Feature","id":"2655652","properties":{"period":"2025-08","date":"29/08/2025","hour":"08:51","type":"COLISAO","turn":"MANHA","roadType":"VIAS URBANAS","street":"AVENIDA MARIO COVAS","fatal":false,"fatalVictims":0,"seriousVictims":0,"pedestrian":0,"bicycle":0,"motorcycle":1,"automobile":1,"bus":0,"truck":0,"resourceId":"d88cef83-8d78-4e1e-84d5-97a0dc4e219e"},"geometry":{"type":"Point","coordinates":[-45.8773128,-23.2309399]}},{"type":"Feature","id":"2655076","properties":{"period":"2025-08","date":"29/08/2025","hour":"23:01","type":"COLISAO","turn":"NOITE","roadType":"VIAS URBANAS","street":"AVENIDA SALINAS","fatal":false,"fatalVictims":0,"seriousVictims":0,"pedestrian":0,"bicycle":0,"motorcycle":1,"automobile":0,"bus":0,"truck":0,"resourceId":"d88cef83-8d78-4e1e-84d5-97a0dc4e219e"},"geometry":{"type":"Point","coordinates":[-45.8910936,-23.2352022]}},{"type":"Feature","id":"2656251","properties":{"period":"2025-08","date":"23/08/2025","hour":"18:52","type":"COLISAO","turn":"NOITE","roadType":"VIAS URBANAS","street":"AVENIDA NICANOR REIS","fatal":false,"fatalVictims":0,"seriousVictims":0,"pedestrian":0,"bicycle":0,"motorcycle":1,"automobile":0,"bus":0,"truck":0,"resourceId":"d88cef83-8d78-4e1e-84d5-97a0dc4e219e"},"geometry":{"type":"Point","coordinates":[-45.8643141,-23.2698261]}},{"type":"Feature","id":"2648855","properties":{"period":"2025-08","date":"26/08/2025","hour":"20:21","type":"COLISAO","turn":"NOITE","roadType":"VIAS URBANAS","street":"RUA MADRE PAULA DE SAO JOSE","fatal":false,"fatalVictims":0,"seriousVictims":0,"pedestrian":0,"bicycle":0,"motorcycle":1,"automobile":1,"bus":0,"truck":0,"resourceId":"d88cef83-8d78-4e1e-84d5-97a0dc4e219e"},"geometry":{"type":"Point","coordinates":[-45.9024498,-23.2018681]}},{"type":"Feature","id":"2660932","properties":{"period":"2025-08","date":"27/08/2025","hour":"11:26","type":"COLISAO","turn":"MANHA","roadType":"VIAS URBANAS","street":"AVENIDA DOUTOR JOAO GUILHERMINO","fatal":false,"fatalVictims":0,"seriousVictims":0,"pedestrian":0,"bicycle":0,"motorcycle":1,"automobile":1,"bus":0,"truck":0,"resourceId":"d88cef83-8d78-4e1e-84d5-97a0dc4e219e"},"geometry":{"type":"Point","coordinates":[-45.8836587,-23.1866902]}},{"type":"Feature","id":"2647049","properties":{"period":"2025-08","date":"27/08/2025","hour":"16:08","type":"CHOQUE","turn":"TARDE","roadType":"VIAS URBANAS","street":"AVENIDA CIDADE JARDIM","fatal":false,"fatalVictims":0,"seriousVictims":0,"pedestrian":0,"bicycle":0,"motorcycle":1,"automobile":1,"bus":0,"truck":0,"resourceId":"d88cef83-8d78-4e1e-84d5-97a0dc4e219e"},"geometry":{"type":"Point","coordinates":[-45.8816639,-23.240465]}},{"type":"Feature","id":"2651048","properties":{"period":"2025-08","date":"29/08/2025","hour":"18:57","type":"ATROPELAMENTO","turn":"NOITE","roadType":"VIAS URBANAS","street":"RUA ARCILIO MOREIRA DA SILVA","fatal":false,"fatalVictims":0,"seriousVictims":0,"pedestrian":1,"bicycle":0,"motorcycle":0,"automobile":1,"bus":0,"truck":0,"resourceId":"d88cef83-8d78-4e1e-84d5-97a0dc4e219e"},"geometry":{"type":"Point","coordinates":[-45.9014274,-23.2653243]}},{"type":"Feature","id":"2650315","properties":{"period":"2025-08","date":"30/08/2025","hour":"16:20","type":"COLISAO","turn":"TARDE","roadType":"VIAS URBANAS","street":"RUA PARAIBUNA","fatal":false,"fatalVictims":0,"seriousVictims":0,"pedestrian":0,"bicycle":0,"motorcycle":1,"automobile":1,"bus":0,"truck":0,"resourceId":"d88cef83-8d78-4e1e-84d5-97a0dc4e219e"},"geometry":{"type":"Point","coordinates":[-45.8882247,-23.1940331]}},{"type":"Feature","id":"2651467","properties":{"period":"2025-08","date":"31/08/2025","hour":"13:06","type":"NAO DISPONIVEL","turn":"TARDE","roadType":"VIAS URBANAS","street":"RUA SAIGIRO NAKAMURA","fatal":false,"fatalVictims":0,"seriousVictims":0,"pedestrian":0,"bicycle":0,"motorcycle":0,"automobile":0,"bus":0,"truck":0,"resourceId":"d88cef83-8d78-4e1e-84d5-97a0dc4e219e"},"geometry":{"type":"Point","coordinates":[-45.855122,-23.1814909]}},{"type":"Feature","id":"2674747","properties":{"period":"2025-09","date":"05/09/2025","hour":"09:45","type":"ATROPELAMENTO","turn":"MANHA","roadType":"VIAS URBANAS","street":"RUA SAIGIRO NAKAMURA","fatal":false,"fatalVictims":0,"seriousVictims":0,"pedestrian":0,"bicycle":0,"motorcycle":0,"automobile":0,"bus":0,"truck":0,"resourceId":"010045a9-89b1-44c8-918b-0158b2c5ed1e"},"geometry":{"type":"Point","coordinates":[-45.855122,-23.1814909]}},{"type":"Feature","id":"2673105","properties":{"period":"2025-09","date":"06/09/2025","hour":"20:23","type":"COLISAO","turn":"NOITE","roadType":"VIAS URBANAS","street":"RUA SUMATRA","fatal":false,"fatalVictims":0,"seriousVictims":0,"pedestrian":0,"bicycle":0,"motorcycle":1,"automobile":1,"bus":0,"truck":0,"resourceId":"010045a9-89b1-44c8-918b-0158b2c5ed1e"},"geometry":{"type":"Point","coordinates":[-45.9017271,-23.2353295]}},{"type":"Feature","id":"2670870","properties":{"period":"2025-09","date":"06/09/2025","hour":"23:11","type":"COLISAO","turn":"NOITE","roadType":"VIAS URBANAS","street":"AVENIDA ELISIO GALDINO SOBRINHO","fatal":false,"fatalVictims":0,"seriousVictims":0,"pedestrian":0,"bicycle":0,"motorcycle":0,"automobile":2,"bus":0,"truck":0,"resourceId":"010045a9-89b1-44c8-918b-0158b2c5ed1e"},"geometry":{"type":"Point","coordinates":[-45.9044801,-23.2551766]}},{"type":"Feature","id":"2663828","properties":{"period":"2025-09","date":"07/09/2025","hour":"10:21","type":"COLISAO","turn":"MANHA","roadType":"VIAS URBANAS","street":"AVENIDA DOUTOR JOAO BAPTISTA SOARES DE QUEIROZ JUN","fatal":false,"fatalVictims":0,"seriousVictims":0,"pedestrian":0,"bicycle":0,"motorcycle":1,"automobile":1,"bus":0,"truck":0,"resourceId":"010045a9-89b1-44c8-918b-0158b2c5ed1e"},"geometry":{"type":"Point","coordinates":[-45.9223451,-23.2293523]}},{"type":"Feature","id":"2675132","properties":{"period":"2025-09","date":"01/09/2025","hour":"17:10","type":"OUTROS","turn":"TARDE","roadType":"ESTRADAS E RODOVIAS","street":"BR 116","fatal":false,"fatalVictims":0,"seriousVictims":0,"pedestrian":0,"bicycle":0,"motorcycle":1,"automobile":0,"bus":0,"truck":0,"resourceId":"010045a9-89b1-44c8-918b-0158b2c5ed1e"},"geometry":{"type":"Point","coordinates":[-45.8119835224,-23.1653869011]}},{"type":"Feature","id":"2677491","properties":{"period":"2025-09","date":"01/09/2025","hour":"13:45","type":"COLISAO","turn":"TARDE","roadType":"VIAS URBANAS","street":"RUA BACABAL","fatal":false,"fatalVictims":0,"seriousVictims":0,"pedestrian":0,"bicycle":0,"motorcycle":0,"automobile":0,"bus":1,"truck":0,"resourceId":"010045a9-89b1-44c8-918b-0158b2c5ed1e"},"geometry":{"type":"Point","coordinates":[-45.901123,-23.2267109]}},{"type":"Feature","id":"2667386","properties":{"period":"2025-09","date":"03/09/2025","hour":"19:54","type":"COLISAO","turn":"NOITE","roadType":"VIAS URBANAS","street":"ESTRADA DOM JOSE ANTONIO DO COUTO","fatal":false,"fatalVictims":0,"seriousVictims":0,"pedestrian":0,"bicycle":0,"motorcycle":1,"automobile":1,"bus":0,"truck":0,"resourceId":"010045a9-89b1-44c8-918b-0158b2c5ed1e"},"geometry":{"type":"Point","coordinates":[-45.8065719,-23.2076203]}},{"type":"Feature","id":"2666304","properties":{"period":"2025-09","date":"05/09/2025","hour":"18:09","type":"CHOQUE","turn":"NOITE","roadType":"VIAS URBANAS","street":"AVENIDA CASSIANO RICARDO","fatal":false,"fatalVictims":0,"seriousVictims":0,"pedestrian":0,"bicycle":0,"motorcycle":0,"automobile":1,"bus":0,"truck":0,"resourceId":"010045a9-89b1-44c8-918b-0158b2c5ed1e"},"geometry":{"type":"Point","coordinates":[-45.909964,-23.216134]}},{"type":"Feature","id":"2678033","properties":{"period":"2025-09","date":"07/09/2025","hour":"13:40","type":"COLISAO","turn":"TARDE","roadType":"ESTRADAS E RODOVIAS","street":"BR 116","fatal":false,"fatalVictims":0,"seriousVictims":0,"pedestrian":0,"bicycle":0,"motorcycle":0,"automobile":3,"bus":0,"truck":0,"resourceId":"010045a9-89b1-44c8-918b-0158b2c5ed1e"},"geometry":{"type":"Point","coordinates":[-45.7944225885,-23.156472683]}},{"type":"Feature","id":"2674181","properties":{"period":"2025-09","date":"07/09/2025","hour":"00:14","type":"COLISAO","turn":"MADRUGADA","roadType":"VIAS URBANAS","street":"RUA WALDEMAR TEIXEIRA","fatal":false,"fatalVictims":0,"seriousVictims":0,"pedestrian":0,"bicycle":0,"motorcycle":0,"automobile":2,"bus":0,"truck":0,"resourceId":"010045a9-89b1-44c8-918b-0158b2c5ed1e"},"geometry":{"type":"Point","coordinates":[-45.8687852,-23.2865253]}},{"type":"Feature","id":"2673262","properties":{"period":"2025-09","date":"01/09/2025","hour":"00:17","type":"COLISAO","turn":"MADRUGADA","roadType":"VIAS URBANAS","street":"RUA HUMAITA","fatal":false,"fatalVictims":0,"seriousVictims":0,"pedestrian":0,"bicycle":0,"motorcycle":0,"automobile":3,"bus":0,"truck":0,"resourceId":"010045a9-89b1-44c8-918b-0158b2c5ed1e"},"geometry":{"type":"Point","coordinates":[-45.8871356,-23.1883681]}},{"type":"Feature","id":"2662878","properties":{"period":"2025-09","date":"02/09/2025","hour":"15:14","type":"COLISAO","turn":"TARDE","roadType":"VIAS URBANAS","street":"RUA SEBASTIAO FELICIO","fatal":false,"fatalVictims":0,"seriousVictims":0,"pedestrian":0,"bicycle":0,"motorcycle":1,"automobile":1,"bus":0,"truck":0,"resourceId":"010045a9-89b1-44c8-918b-0158b2c5ed1e"},"geometry":{"type":"Point","coordinates":[-45.8884385,-23.1753316]}},{"type":"Feature","id":"2662679","properties":{"period":"2025-09","date":"03/09/2025","hour":"14:58","type":"COLISAO","turn":"TARDE","roadType":"VIAS URBANAS","street":"RUA PALMARES","fatal":false,"fatalVictims":0,"seriousVictims":0,"pedestrian":0,"bicycle":0,"motorcycle":1,"automobile":1,"bus":0,"truck":0,"resourceId":"010045a9-89b1-44c8-918b-0158b2c5ed1e"},"geometry":{"type":"Point","coordinates":[-45.9032412,-23.2308246]}},{"type":"Feature","id":"2672262","properties":{"period":"2025-09","date":"01/09/2025","hour":"06:56","type":"COLISAO","turn":"MANHA","roadType":"VIAS URBANAS","street":"RUA GURUPI","fatal":false,"fatalVictims":0,"seriousVictims":1,"pedestrian":0,"bicycle":0,"motorcycle":1,"automobile":1,"bus":0,"truck":0,"resourceId":"010045a9-89b1-44c8-918b-0158b2c5ed1e"},"geometry":{"type":"Point","coordinates":[-45.8731835,-23.226499]}},{"type":"Feature","id":"2676332","properties":{"period":"2025-09","date":"02/09/2025","hour":"12:53","type":"COLISAO","turn":"TARDE","roadType":"VIAS URBANAS","street":"RUA SUMATRA","fatal":false,"fatalVictims":0,"seriousVictims":0,"pedestrian":0,"bicycle":0,"motorcycle":1,"automobile":1,"bus":0,"truck":0,"resourceId":"010045a9-89b1-44c8-918b-0158b2c5ed1e"},"geometry":{"type":"Point","coordinates":[-45.90168045,-23.23467507]}},{"type":"Feature","id":"2668376","properties":{"period":"2025-09","date":"05/09/2025","hour":"20:50","type":"ATROPELAMENTO","turn":"NOITE","roadType":"VIAS URBANAS","street":"AVENIDA PRESIDENTE TANCREDO NEVES","fatal":false,"fatalVictims":0,"seriousVictims":0,"pedestrian":1,"bicycle":0,"motorcycle":0,"automobile":1,"bus":0,"truck":0,"resourceId":"010045a9-89b1-44c8-918b-0158b2c5ed1e"},"geometry":{"type":"Point","coordinates":[-45.7886529,-23.1898938]}},{"type":"Feature","id":"2663796","properties":{"period":"2025-09","date":"06/09/2025","hour":"12:40","type":"COLISAO","turn":"TARDE","roadType":"VIAS URBANAS","street":"RUA APARECIDA MARIA CONSIGLIO","fatal":false,"fatalVictims":0,"seriousVictims":0,"pedestrian":0,"bicycle":0,"motorcycle":0,"automobile":1,"bus":0,"truck":0,"resourceId":"010045a9-89b1-44c8-918b-0158b2c5ed1e"},"geometry":{"type":"Point","coordinates":[-45.7964436,-23.1868439]}},{"type":"Feature","id":"2666764","properties":{"period":"2025-09","date":"07/09/2025","hour":"13:27","type":"COLISAO","turn":"TARDE","roadType":"VIAS URBANAS","street":"RUA MANOEL RODRIGUES DE MORAES","fatal":false,"fatalVictims":0,"seriousVictims":0,"pedestrian":0,"bicycle":0,"motorcycle":0,"automobile":2,"bus":0,"truck":0,"resourceId":"010045a9-89b1-44c8-918b-0158b2c5ed1e"},"geometry":{"type":"Point","coordinates":[-45.8972239,-23.1560268]}},{"type":"Feature","id":"2677653","properties":{"period":"2025-09","date":"01/09/2025","hour":"08:54","type":"OUTROS","turn":"MANHA","roadType":"VIAS URBANAS","street":"AVENIDA JOSE FRANCISCO MARCONDES","fatal":false,"fatalVictims":0,"seriousVictims":0,"pedestrian":0,"bicycle":0,"motorcycle":0,"automobile":3,"bus":0,"truck":0,"resourceId":"010045a9-89b1-44c8-918b-0158b2c5ed1e"},"geometry":{"type":"Point","coordinates":[-45.8124577,-23.17087]}},{"type":"Feature","id":"2667329","properties":{"period":"2025-09","date":"03/09/2025","hour":"03:39","type":"CHOQUE","turn":"MADRUGADA","roadType":"VIAS URBANAS","street":"AVENIDA FALCAO PEREGRINO","fatal":false,"fatalVictims":0,"seriousVictims":0,"pedestrian":0,"bicycle":0,"motorcycle":1,"automobile":0,"bus":0,"truck":0,"resourceId":"010045a9-89b1-44c8-918b-0158b2c5ed1e"},"geometry":{"type":"Point","coordinates":[-45.9404147,-23.1911905]}},{"type":"Feature","id":"2677521","properties":{"period":"2025-09","date":"03/09/2025","hour":"14:16","type":"COLISAO","turn":"TARDE","roadType":"VIAS URBANAS","street":"RUA CACAPAVA","fatal":false,"fatalVictims":0,"seriousVictims":0,"pedestrian":0,"bicycle":0,"motorcycle":1,"automobile":1,"bus":0,"truck":0,"resourceId":"010045a9-89b1-44c8-918b-0158b2c5ed1e"},"geometry":{"type":"Point","coordinates":[-45.8829545,-23.2057523]}},{"type":"Feature","id":"2678009","properties":{"period":"2025-09","date":"03/09/2025","hour":"22:23","type":"COLISAO","turn":"NOITE","roadType":"ESTRADAS E RODOVIAS","street":"BR 116","fatal":false,"fatalVictims":0,"seriousVictims":0,"pedestrian":0,"bicycle":0,"motorcycle":0,"automobile":1,"bus":0,"truck":3,"resourceId":"010045a9-89b1-44c8-918b-0158b2c5ed1e"},"geometry":{"type":"Point","coordinates":[-45.8552539442,-23.1867238748]}},{"type":"Feature","id":"2677157","properties":{"period":"2025-09","date":"05/09/2025","hour":"07:42","type":"COLISAO","turn":"MANHA","roadType":"VIAS URBANAS","street":"AVENIDA ENGENHEIRO FRANCISCO JOSE LONGO","fatal":false,"fatalVictims":0,"seriousVictims":0,"pedestrian":0,"bicycle":0,"motorcycle":0,"automobile":0,"bus":1,"truck":0,"resourceId":"010045a9-89b1-44c8-918b-0158b2c5ed1e"},"geometry":{"type":"Point","coordinates":[-45.8890152,-23.199028]}},{"type":"Feature","id":"2678052","properties":{"period":"2025-09","date":"07/09/2025","hour":"08:57","type":"OUTROS","turn":"MANHA","roadType":"ESTRADAS E RODOVIAS","street":"BR 116","fatal":false,"fatalVictims":0,"seriousVictims":0,"pedestrian":0,"bicycle":0,"motorcycle":1,"automobile":0,"bus":0,"truck":0,"resourceId":"010045a9-89b1-44c8-918b-0158b2c5ed1e"},"geometry":{"type":"Point","coordinates":[-45.7837922345,-23.1513081709]}},{"type":"Feature","id":"2677990","properties":{"period":"2025-09","date":"01/09/2025","hour":"15:00","type":"COLISAO","turn":"TARDE","roadType":"ESTRADAS E RODOVIAS","street":"BR 116","fatal":false,"fatalVictims":0,"seriousVictims":0,"pedestrian":0,"bicycle":0,"motorcycle":1,"automobile":1,"bus":0,"truck":0,"resourceId":"010045a9-89b1-44c8-918b-0158b2c5ed1e"},"geometry":{"type":"Point","coordinates":[-45.9307348991,-23.2471496587]}},{"type":"Feature","id":"2671540","properties":{"period":"2025-09","date":"02/09/2025","hour":"00:22","type":"ATROPELAMENTO","turn":"MADRUGADA","roadType":"VIAS URBANAS","street":"RUA SAIGIRO NAKAMURA","fatal":false,"fatalVictims":0,"seriousVictims":0,"pedestrian":0,"bicycle":0,"motorcycle":0,"automobile":0,"bus":0,"truck":0,"resourceId":"010045a9-89b1-44c8-918b-0158b2c5ed1e"},"geometry":{"type":"Point","coordinates":[-45.855122,-23.1814909]}},{"type":"Feature","id":"2674248","properties":{"period":"2025-09","date":"02/09/2025","hour":"10:39","type":"ATROPELAMENTO","turn":"MANHA","roadType":"VIAS URBANAS","street":"AVENIDA NAIR TOLEDO DE MIRA","fatal":false,"fatalVictims":0,"seriousVictims":0,"pedestrian":0,"bicycle":0,"motorcycle":0,"automobile":0,"bus":0,"truck":0,"resourceId":"010045a9-89b1-44c8-918b-0158b2c5ed1e"},"geometry":{"type":"Point","coordinates":[-45.8738791,-23.1900887]}},{"type":"Feature","id":"2662774","properties":{"period":"2025-09","date":"02/09/2025","hour":"15:04","type":"COLISAO","turn":"TARDE","roadType":"VIAS URBANAS","street":"AVENIDA CASSIOPEIA","fatal":false,"fatalVictims":0,"seriousVictims":1,"pedestrian":0,"bicycle":0,"motorcycle":1,"automobile":1,"bus":0,"truck":0,"resourceId":"010045a9-89b1-44c8-918b-0158b2c5ed1e"},"geometry":{"type":"Point","coordinates":[-45.8817107,-23.229748]}},{"type":"Feature","id":"2666025","properties":{"period":"2025-09","date":"03/09/2025","hour":"17:12","type":"COLISAO","turn":"TARDE","roadType":"VIAS URBANAS","street":"RUA FRANCISCO RAPHAEL","fatal":false,"fatalVictims":0,"seriousVictims":0,"pedestrian":0,"bicycle":0,"motorcycle":0,"automobile":1,"bus":1,"truck":0,"resourceId":"010045a9-89b1-44c8-918b-0158b2c5ed1e"},"geometry":{"type":"Point","coordinates":[-45.8835443,-23.1804802]}},{"type":"Feature","id":"2674828","properties":{"period":"2025-09","date":"04/09/2025","hour":"08:25","type":"COLISAO","turn":"MANHA","roadType":"ESTRADAS E RODOVIAS","street":"BR 116","fatal":false,"fatalVictims":0,"seriousVictims":0,"pedestrian":0,"bicycle":0,"motorcycle":1,"automobile":1,"bus":0,"truck":0,"resourceId":"010045a9-89b1-44c8-918b-0158b2c5ed1e"},"geometry":{"type":"Point","coordinates":[-45.8329314726,-23.1763352479]}},{"type":"Feature","id":"2673508","properties":{"period":"2025-09","date":"06/09/2025","hour":"21:27","type":"COLISAO","turn":"NOITE","roadType":"VIAS URBANAS","street":"AVENIDA JOSE IGNACIO BICUDO","fatal":false,"fatalVictims":0,"seriousVictims":0,"pedestrian":0,"bicycle":0,"motorcycle":0,"automobile":1,"bus":0,"truck":0,"resourceId":"010045a9-89b1-44c8-918b-0158b2c5ed1e"},"geometry":{"type":"Point","coordinates":[-45.8251321,-23.2437193]}},{"type":"Feature","id":"2675112","properties":{"period":"2025-09","date":"02/09/2025","hour":"11:34","type":"COLISAO","turn":"MANHA","roadType":"VIAS URBANAS","street":"AVENIDA DOUTOR ADEMAR DE BARROS","fatal":false,"fatalVictims":0,"seriousVictims":0,"pedestrian":0,"bicycle":0,"motorcycle":0,"automobile":0,"bus":1,"truck":0,"resourceId":"010045a9-89b1-44c8-918b-0158b2c5ed1e"},"geometry":{"type":"Point","coordinates":[-45.8909357,-23.1938796]}},{"type":"Feature","id":"2675241","properties":{"period":"2025-09","date":"03/09/2025","hour":"16:00","type":"OUTROS","turn":"TARDE","roadType":"ESTRADAS E RODOVIAS","street":"BR 116","fatal":false,"fatalVictims":0,"seriousVictims":0,"pedestrian":0,"bicycle":0,"motorcycle":0,"automobile":2,"bus":0,"truck":1,"resourceId":"010045a9-89b1-44c8-918b-0158b2c5ed1e"},"geometry":{"type":"Point","coordinates":[-45.8418553389,-23.1805011679]}},{"type":"Feature","id":"2674553","properties":{"period":"2025-09","date":"01/09/2025","hour":"10:15","type":"COLISAO","turn":"MANHA","roadType":"VIAS URBANAS","street":"ESTRADA DOUTOR BEZERRA DE MENEZES","fatal":false,"fatalVictims":0,"seriousVictims":0,"pedestrian":0,"bicycle":0,"motorcycle":0,"automobile":1,"bus":0,"truck":0,"resourceId":"010045a9-89b1-44c8-918b-0158b2c5ed1e"},"geometry":{"type":"Point","coordinates":[-45.8618428,-23.2480458]}},{"type":"Feature","id":"2676054","properties":{"period":"2025-09","date":"02/09/2025","hour":"12:59","type":"OUTROS","turn":"TARDE","roadType":"VIAS URBANAS","street":"RUA ALZIRO LEBRAO","fatal":false,"fatalVictims":0,"seriousVictims":0,"pedestrian":0,"bicycle":0,"motorcycle":0,"automobile":1,"bus":0,"truck":0,"resourceId":"010045a9-89b1-44c8-918b-0158b2c5ed1e"},"geometry":{"type":"Point","coordinates":[-45.901388,-23.1540028]}},{"type":"Feature","id":"2675970","properties":{"period":"2025-09","date":"03/09/2025","hour":"12:24","type":"COLISAO","turn":"TARDE","roadType":"VIAS URBANAS","street":"AVENIDA GEORGE EASTMAN","fatal":false,"fatalVictims":0,"seriousVictims":0,"pedestrian":0,"bicycle":0,"motorcycle":1,"automobile":1,"bus":0,"truck":0,"resourceId":"010045a9-89b1-44c8-918b-0158b2c5ed1e"},"geometry":{"type":"Point","coordinates":[-45.9165349,-23.2403786]}},{"type":"Feature","id":"2672974","properties":{"period":"2025-09","date":"04/09/2025","hour":"08:29","type":"OUTROS","turn":"MANHA","roadType":"VIAS URBANAS","street":"RUA PATATIVA","fatal":false,"fatalVictims":0,"seriousVictims":0,"pedestrian":0,"bicycle":0,"motorcycle":0,"automobile":0,"bus":0,"truck":0,"resourceId":"010045a9-89b1-44c8-918b-0158b2c5ed1e"},"geometry":{"type":"Point","coordinates":[-45.8557156,-23.1852416]}},{"type":"Feature","id":"2677317","properties":{"period":"2025-09","date":"07/09/2025","hour":"06:55","type":"CHOQUE","turn":"MANHA","roadType":"VIAS URBANAS","street":"SP 070","fatal":false,"fatalVictims":0,"seriousVictims":0,"pedestrian":0,"bicycle":0,"motorcycle":0,"automobile":1,"bus":0,"truck":0,"resourceId":"010045a9-89b1-44c8-918b-0158b2c5ed1e"},"geometry":{"type":"Point","coordinates":[-45.8086529,-23.2629792]}},{"type":"Feature","id":"2670495","properties":{"period":"2025-09","date":"03/09/2025","hour":"20:35","type":"COLISAO","turn":"NOITE","roadType":"VIAS URBANAS","street":"AVENIDA BARBACENA","fatal":false,"fatalVictims":0,"seriousVictims":0,"pedestrian":0,"bicycle":0,"motorcycle":1,"automobile":1,"bus":0,"truck":0,"resourceId":"010045a9-89b1-44c8-918b-0158b2c5ed1e"},"geometry":{"type":"Point","coordinates":[-45.8535082,-23.1748176]}},{"type":"Feature","id":"2667858","properties":{"period":"2025-09","date":"05/09/2025","hour":"19:45","type":"COLISAO","turn":"NOITE","roadType":"VIAS URBANAS","street":"RUA NAPOLEAO MONTEIRO","fatal":false,"fatalVictims":0,"seriousVictims":0,"pedestrian":0,"bicycle":0,"motorcycle":1,"automobile":1,"bus":0,"truck":0,"resourceId":"010045a9-89b1-44c8-918b-0158b2c5ed1e"},"geometry":{"type":"Point","coordinates":[-45.8390993,-23.1710645]}},{"type":"Feature","id":"2676340","properties":{"period":"2025-09","date":"05/09/2025","hour":"12:35","type":"COLISAO","turn":"TARDE","roadType":"VIAS URBANAS","street":"VIADUTO PROFESSOR EVERARDO PASSOS","fatal":false,"fatalVictims":0,"seriousVictims":0,"pedestrian":0,"bicycle":0,"motorcycle":1,"automobile":0,"bus":0,"truck":0,"resourceId":"010045a9-89b1-44c8-918b-0158b2c5ed1e"},"geometry":{"type":"Point","coordinates":[-45.877507,-23.1802494]}},{"type":"Feature","id":"2678045","properties":{"period":"2025-09","date":"05/09/2025","hour":"17:15","type":"COLISAO","turn":"TARDE","roadType":"ESTRADAS E RODOVIAS","street":"BR 116","fatal":false,"fatalVictims":0,"seriousVictims":0,"pedestrian":0,"bicycle":0,"motorcycle":1,"automobile":1,"bus":0,"truck":0,"resourceId":"010045a9-89b1-44c8-918b-0158b2c5ed1e"},"geometry":{"type":"Point","coordinates":[-45.8658086399,-23.1920391312]}},{"type":"Feature","id":"2672769","properties":{"period":"2025-09","date":"09/09/2025","hour":"08:26","type":"COLISAO","turn":"MANHA","roadType":"VIAS URBANAS","street":"ESTRADA DOM JOSE ANTONIO DO COUTO","fatal":false,"fatalVictims":0,"seriousVictims":0,"pedestrian":0,"bicycle":0,"motorcycle":1,"automobile":1,"bus":0,"truck":0,"resourceId":"010045a9-89b1-44c8-918b-0158b2c5ed1e"},"geometry":{"type":"Point","coordinates":[-45.7938388,-23.2227712]}},{"type":"Feature","id":"2677746","properties":{"period":"2025-09","date":"09/09/2025","hour":"10:10","type":"ATROPELAMENTO","turn":"MANHA","roadType":"VIAS URBANAS","street":"TRAVESSA FELIPE CAMARAO","fatal":false,"fatalVictims":0,"seriousVictims":0,"pedestrian":1,"bicycle":0,"motorcycle":0,"automobile":1,"bus":0,"truck":0,"resourceId":"010045a9-89b1-44c8-918b-0158b2c5ed1e"},"geometry":{"type":"Point","coordinates":[-45.9043,-23.201118]}},{"type":"Feature","id":"2673695","properties":{"period":"2025-09","date":"09/09/2025","hour":"09:53","type":"ATROPELAMENTO","turn":"MANHA","roadType":"VIAS URBANAS","street":"PRACA DOUTOR MAURICIO ANISSE CURY","fatal":false,"fatalVictims":0,"seriousVictims":0,"pedestrian":2,"bicycle":0,"motorcycle":0,"automobile":1,"bus":0,"truck":0,"resourceId":"010045a9-89b1-44c8-918b-0158b2c5ed1e"},"geometry":{"type":"Point","coordinates":[-45.8843773,-23.1866757]}},{"type":"Feature","id":"2662842","properties":{"period":"2025-09","date":"11/09/2025","hour":"15:10","type":"COLISAO","turn":"TARDE","roadType":"VIAS URBANAS","street":"AVENIDA ANDROMEDA","fatal":false,"fatalVictims":0,"seriousVictims":0,"pedestrian":0,"bicycle":0,"motorcycle":1,"automobile":1,"bus":0,"truck":0,"resourceId":"010045a9-89b1-44c8-918b-0158b2c5ed1e"},"geometry":{"type":"Point","coordinates":[-45.884232,-23.2300848]}},{"type":"Feature","id":"2674524","properties":{"period":"2025-09","date":"16/09/2025","hour":"07:24","type":"COLISAO","turn":"MANHA","roadType":"VIAS URBANAS","street":"AVENIDA MARIA DE LOURDES MEDEIROS DE ASSIS","fatal":false,"fatalVictims":0,"seriousVictims":0,"pedestrian":0,"bicycle":0,"motorcycle":1,"automobile":0,"bus":0,"truck":0,"resourceId":"010045a9-89b1-44c8-918b-0158b2c5ed1e"},"geometry":{"type":"Point","coordinates":[-45.8900249,-23.2725105]}},{"type":"Feature","id":"2666901","properties":{"period":"2025-09","date":"08/09/2025","hour":"19:00","type":"OUTROS","turn":"NOITE","roadType":"VIAS URBANAS","street":"AVENIDA PERSEU","fatal":false,"fatalVictims":0,"seriousVictims":0,"pedestrian":0,"bicycle":0,"motorcycle":0,"automobile":3,"bus":0,"truck":0,"resourceId":"010045a9-89b1-44c8-918b-0158b2c5ed1e"},"geometry":{"type":"Point","coordinates":[-45.890973,-23.2319704]}},{"type":"Feature","id":"2674980","properties":{"period":"2025-09","date":"11/09/2025","hour":"11:26","type":"COLISAO","turn":"MANHA","roadType":"VIAS URBANAS","street":"ESTRADA JUCA CARVALHO","fatal":false,"fatalVictims":0,"seriousVictims":0,"pedestrian":0,"bicycle":0,"motorcycle":1,"automobile":1,"bus":0,"truck":0,"resourceId":"010045a9-89b1-44c8-918b-0158b2c5ed1e"},"geometry":{"type":"Point","coordinates":[-45.94504093,-23.13826349]}},{"type":"Feature","id":"2678040","properties":{"period":"2025-09","date":"12/09/2025","hour":"06:50","type":"COLISAO","turn":"MANHA","roadType":"ESTRADAS E RODOVIAS","street":"BR 116","fatal":false,"fatalVictims":0,"seriousVictims":0,"pedestrian":0,"bicycle":0,"motorcycle":1,"automobile":1,"bus":0,"truck":0,"resourceId":"010045a9-89b1-44c8-918b-0158b2c5ed1e"},"geometry":{"type":"Point","coordinates":[-45.7864496808,-23.1525995915]}},{"type":"Feature","id":"2661841","properties":{"period":"2025-09","date":"10/09/2025","hour":"03:00","type":"COLISAO","turn":"MADRUGADA","roadType":"ESTRADAS E RODOVIAS","street":"BR 116","fatal":true,"fatalVictims":1,"seriousVictims":0,"pedestrian":0,"bicycle":0,"motorcycle":0,"automobile":0,"bus":0,"truck":2,"resourceId":"010045a9-89b1-44c8-918b-0158b2c5ed1e"},"geometry":{"type":"Point","coordinates":[-45.8276814228,-23.1736230292]}},{"type":"Feature","id":"2665866","properties":{"period":"2025-09","date":"11/09/2025","hour":"18:25","type":"COLISAO","turn":"NOITE","roadType":"VIAS URBANAS","street":"AVENIDA ENGENHEIRO FRANCISCO PRESTES MAIA","fatal":false,"fatalVictims":0,"seriousVictims":0,"pedestrian":0,"bicycle":0,"motorcycle":1,"automobile":1,"bus":0,"truck":0,"resourceId":"010045a9-89b1-44c8-918b-0158b2c5ed1e"},"geometry":{"type":"Point","coordinates":[-45.9177245,-23.2191727]}},{"type":"Feature","id":"2666488","properties":{"period":"2025-09","date":"11/09/2025","hour":"19:01","type":"COLISAO","turn":"NOITE","roadType":"VIAS URBANAS","street":"AVENIDA BENEDITO DOMINGUES DE OLIVEIRA","fatal":false,"fatalVictims":0,"seriousVictims":0,"pedestrian":0,"bicycle":0,"motorcycle":1,"automobile":1,"bus":0,"truck":0,"resourceId":"010045a9-89b1-44c8-918b-0158b2c5ed1e"},"geometry":{"type":"Point","coordinates":[-45.9076982,-23.2566783]}},{"type":"Feature","id":"2676750","properties":{"period":"2025-09","date":"11/09/2025","hour":"08:27","type":"COLISAO","turn":"MANHA","roadType":"VIAS URBANAS","street":"AVENIDA DEPUTADO BENEDITO MATARAZZO","fatal":false,"fatalVictims":0,"seriousVictims":0,"pedestrian":0,"bicycle":0,"motorcycle":0,"automobile":1,"bus":0,"truck":0,"resourceId":"010045a9-89b1-44c8-918b-0158b2c5ed1e"},"geometry":{"type":"Point","coordinates":[-45.9060134,-23.2246882]}},{"type":"Feature","id":"2664262","properties":{"period":"2025-09","date":"14/09/2025","hour":"11:22","type":"ATROPELAMENTO","turn":"MANHA","roadType":"VIAS URBANAS","street":"RUA SAIGIRO NAKAMURA","fatal":false,"fatalVictims":0,"seriousVictims":0,"pedestrian":0,"bicycle":0,"motorcycle":0,"automobile":0,"bus":0,"truck":0,"resourceId":"010045a9-89b1-44c8-918b-0158b2c5ed1e"},"geometry":{"type":"Point","coordinates":[-45.855122,-23.1814909]}},{"type":"Feature","id":"2669473","properties":{"period":"2025-09","date":"14/09/2025","hour":"17:13","type":"CHOQUE","turn":"TARDE","roadType":"VIAS URBANAS","street":"RUA MARIA FRANCISCA DOS SANTOS","fatal":false,"fatalVictims":0,"seriousVictims":0,"pedestrian":0,"bicycle":0,"motorcycle":0,"automobile":2,"bus":0,"truck":0,"resourceId":"010045a9-89b1-44c8-918b-0158b2c5ed1e"},"geometry":{"type":"Point","coordinates":[-45.9082068,-23.155452]}},{"type":"Feature","id":"2662882","properties":{"period":"2025-09","date":"14/09/2025","hour":"09:42","type":"COLISAO","turn":"MANHA","roadType":"VIAS URBANAS","street":"RUA TURMALINA","fatal":false,"fatalVictims":0,"seriousVictims":0,"pedestrian":0,"bicycle":0,"motorcycle":1,"automobile":1,"bus":0,"truck":0,"resourceId":"010045a9-89b1-44c8-918b-0158b2c5ed1e"},"geometry":{"type":"Point","coordinates":[-45.8751131,-23.1927641]}},{"type":"Feature","id":"2669425","properties":{"period":"2025-09","date":"15/09/2025","hour":"19:17","type":"COLISAO","turn":"NOITE","roadType":"VIAS URBANAS","street":"AVENIDA SENADOR TEOTONIO VILELA","fatal":false,"fatalVictims":0,"seriousVictims":0,"pedestrian":0,"bicycle":0,"motorcycle":1,"automobile":1,"bus":0,"truck":0,"resourceId":"010045a9-89b1-44c8-918b-0158b2c5ed1e"},"geometry":{"type":"Point","coordinates":[-45.8759454,-23.1786831]}},{"type":"Feature","id":"2667065","properties":{"period":"2025-09","date":"08/09/2025","hour":"19:13","type":"COLISAO","turn":"NOITE","roadType":"VIAS URBANAS","street":"AVENIDA DOS ESTADOS","fatal":false,"fatalVictims":0,"seriousVictims":0,"pedestrian":0,"bicycle":0,"motorcycle":0,"automobile":2,"bus":0,"truck":0,"resourceId":"010045a9-89b1-44c8-918b-0158b2c5ed1e"},"geometry":{"type":"Point","coordinates":[-45.8784907,-23.1759019]}},{"type":"Feature","id":"2662365","properties":{"period":"2025-09","date":"11/09/2025","hour":"00:07","type":"COLISAO","turn":"MADRUGADA","roadType":"ESTRADAS E RODOVIAS","street":"SP 070","fatal":false,"fatalVictims":0,"seriousVictims":0,"pedestrian":0,"bicycle":0,"motorcycle":0,"automobile":1,"bus":0,"truck":0,"resourceId":"010045a9-89b1-44c8-918b-0158b2c5ed1e"},"geometry":{"type":"Point","coordinates":[-45.8776400846,-23.2987288897]}},{"type":"Feature","id":"2672709","properties":{"period":"2025-09","date":"13/09/2025","hour":"20:49","type":"OUTROS","turn":"NOITE","roadType":"VIAS URBANAS","street":"AVENIDA SENADOR TEOTONIO VILELA","fatal":false,"fatalVictims":0,"seriousVictims":0,"pedestrian":0,"bicycle":0,"motorcycle":0,"automobile":0,"bus":0,"truck":0,"resourceId":"010045a9-89b1-44c8-918b-0158b2c5ed1e"},"geometry":{"type":"Point","coordinates":[-45.8751042,-23.1775051]}},{"type":"Feature","id":"2665330","properties":{"period":"2025-09","date":"14/09/2025","hour":"12:17","type":"OUTROS","turn":"TARDE","roadType":"VIAS URBANAS","street":"AVENIDA PRESIDENTE TANCREDO NEVES","fatal":false,"fatalVictims":0,"seriousVictims":0,"pedestrian":0,"bicycle":0,"motorcycle":0,"automobile":0,"bus":0,"truck":0,"resourceId":"010045a9-89b1-44c8-918b-0158b2c5ed1e"},"geometry":{"type":"Point","coordinates":[-45.78211,-23.1944796]}},{"type":"Feature","id":"2673716","properties":{"period":"2025-09","date":"15/09/2025","hour":"08:40","type":"COLISAO","turn":"MANHA","roadType":"VIAS URBANAS","street":"AVENIDA ALFREDO ASDENTE","fatal":false,"fatalVictims":0,"seriousVictims":0,"pedestrian":0,"bicycle":0,"motorcycle":1,"automobile":1,"bus":0,"truck":0,"resourceId":"010045a9-89b1-44c8-918b-0158b2c5ed1e"},"geometry":{"type":"Point","coordinates":[-45.9258829,-23.2253281]}},{"type":"Feature","id":"2673828","properties":{"period":"2025-09","date":"11/09/2025","hour":"06:02","type":"COLISAO","turn":"MANHA","roadType":"VIAS URBANAS","street":"AVENIDA CIDADE JARDIM","fatal":false,"fatalVictims":0,"seriousVictims":1,"pedestrian":0,"bicycle":0,"motorcycle":1,"automobile":0,"bus":1,"truck":0,"resourceId":"010045a9-89b1-44c8-918b-0158b2c5ed1e"},"geometry":{"type":"Point","coordinates":[-45.8865958,-23.262019]}},{"type":"Feature","id":"2668193","properties":{"period":"2025-09","date":"12/09/2025","hour":"21:01","type":"COLISAO","turn":"NOITE","roadType":"VIAS URBANAS","street":"RUA VALTER DELLU","fatal":false,"fatalVictims":0,"seriousVictims":0,"pedestrian":0,"bicycle":0,"motorcycle":1,"automobile":1,"bus":0,"truck":0,"resourceId":"010045a9-89b1-44c8-918b-0158b2c5ed1e"},"geometry":{"type":"Point","coordinates":[-45.898018,-23.2685564]}},{"type":"Feature","id":"2665720","properties":{"period":"2025-09","date":"13/09/2025","hour":"15:58","type":"COLISAO","turn":"TARDE","roadType":"VIAS URBANAS","street":"AVENIDA JORGE ZARUR","fatal":false,"fatalVictims":0,"seriousVictims":0,"pedestrian":0,"bicycle":0,"motorcycle":1,"automobile":0,"bus":0,"truck":0,"resourceId":"010045a9-89b1-44c8-918b-0158b2c5ed1e"},"geometry":{"type":"Point","coordinates":[-45.8916863,-23.2117238]}},{"type":"Feature","id":"2673269","properties":{"period":"2025-09","date":"09/09/2025","hour":"08:52","type":"COLISAO","turn":"MANHA","roadType":"VIAS URBANAS","street":"RUA CORONEL AFRO MARCONDES","fatal":false,"fatalVictims":0,"seriousVictims":0,"pedestrian":0,"bicycle":0,"motorcycle":1,"automobile":1,"bus":0,"truck":0,"resourceId":"010045a9-89b1-44c8-918b-0158b2c5ed1e"},"geometry":{"type":"Point","coordinates":[-45.8970166,-23.1574133]}},{"type":"Feature","id":"2668145","properties":{"period":"2025-09","date":"10/09/2025","hour":"21:20","type":"COLISAO","turn":"NOITE","roadType":"VIAS URBANAS","street":"AVENIDA ANDROMEDA","fatal":false,"fatalVictims":0,"seriousVictims":0,"pedestrian":0,"bicycle":0,"motorcycle":1,"automobile":1,"bus":0,"truck":0,"resourceId":"010045a9-89b1-44c8-918b-0158b2c5ed1e"},"geometry":{"type":"Point","coordinates":[-45.8857781,-23.2248421]}},{"type":"Feature","id":"2665309","properties":{"period":"2025-09","date":"11/09/2025","hour":"17:57","type":"COLISAO","turn":"TARDE","roadType":"VIAS URBANAS","street":"RUA SETE DE SETEMBRO","fatal":false,"fatalVictims":0,"seriousVictims":0,"pedestrian":0,"bicycle":0,"motorcycle":1,"automobile":0,"bus":0,"truck":0,"resourceId":"010045a9-89b1-44c8-918b-0158b2c5ed1e"},"geometry":{"type":"Point","coordinates":[-45.7857441,-23.1381976]}},{"type":"Feature","id":"2664525","properties":{"period":"2025-09","date":"15/09/2025","hour":"16:26","type":"NAO DISPONIVEL","turn":"TARDE","roadType":"VIAS URBANAS","street":"AVENIDA SAO JOAO","fatal":false,"fatalVictims":0,"seriousVictims":0,"pedestrian":0,"bicycle":0,"motorcycle":0,"automobile":1,"bus":0,"truck":0,"resourceId":"010045a9-89b1-44c8-918b-0158b2c5ed1e"},"geometry":{"type":"Point","coordinates":[-45.8947986,-23.193718]}},{"type":"Feature","id":"2677628","properties":{"period":"2025-09","date":"15/09/2025","hour":"08:06","type":"COLISAO","turn":"MANHA","roadType":"VIAS URBANAS","street":"RUA WINSTON CHURCHILL","fatal":false,"fatalVictims":0,"seriousVictims":0,"pedestrian":0,"bicycle":0,"motorcycle":1,"automobile":1,"bus":0,"truck":0,"resourceId":"010045a9-89b1-44c8-918b-0158b2c5ed1e"},"geometry":{"type":"Point","coordinates":[-45.9200072,-23.2181036]}},{"type":"Feature","id":"2675794","properties":{"period":"2025-09","date":"08/09/2025","hour":"11:08","type":"COLISAO","turn":"MANHA","roadType":"VIAS URBANAS","street":"AVENIDA PARAISO","fatal":false,"fatalVictims":0,"seriousVictims":0,"pedestrian":0,"bicycle":0,"motorcycle":1,"automobile":1,"bus":0,"truck":0,"resourceId":"010045a9-89b1-44c8-918b-0158b2c5ed1e"},"geometry":{"type":"Point","coordinates":[-45.9015288,-23.2368157]}},{"type":"Feature","id":"2678022","properties":{"period":"2025-09","date":"09/09/2025","hour":"07:50","type":"COLISAO","turn":"MANHA","roadType":"ESTRADAS E RODOVIAS","street":"BR 116","fatal":false,"fatalVictims":0,"seriousVictims":0,"pedestrian":0,"bicycle":0,"motorcycle":1,"automobile":2,"bus":0,"truck":0,"resourceId":"010045a9-89b1-44c8-918b-0158b2c5ed1e"},"geometry":{"type":"Point","coordinates":[-45.7599494227,-23.139557848]}},{"type":"Feature","id":"2665917","properties":{"period":"2025-09","date":"09/09/2025","hour":"17:37","type":"COLISAO","turn":"TARDE","roadType":"VIAS URBANAS","street":"AVENIDA DAS ROSAS","fatal":false,"fatalVictims":0,"seriousVictims":0,"pedestrian":0,"bicycle":0,"motorcycle":1,"automobile":1,"bus":0,"truck":0,"resourceId":"010045a9-89b1-44c8-918b-0158b2c5ed1e"},"geometry":{"type":"Point","coordinates":[-45.8208529,-23.1736624]}},{"type":"Feature","id":"2672465","properties":{"period":"2025-09","date":"09/09/2025","hour":"07:48","type":"COLISAO","turn":"MANHA","roadType":"VIAS URBANAS","street":"RUA CORONEL AFRO MARCONDES","fatal":false,"fatalVictims":0,"seriousVictims":0,"pedestrian":0,"bicycle":0,"motorcycle":1,"automobile":1,"bus":0,"truck":0,"resourceId":"010045a9-89b1-44c8-918b-0158b2c5ed1e"},"geometry":{"type":"Point","coordinates":[-45.8970166,-23.1574133]}},{"type":"Feature","id":"2661861","properties":{"period":"2025-09","date":"14/09/2025","hour":"13:10","type":"ATROPELAMENTO","turn":"TARDE","roadType":"VIAS URBANAS","street":"AVENIDA PRESIDENTE TANCREDO NEVES","fatal":true,"fatalVictims":1,"seriousVictims":0,"pedestrian":1,"bicycle":0,"motorcycle":1,"automobile":0,"bus":0,"truck":0,"resourceId":"010045a9-89b1-44c8-918b-0158b2c5ed1e"},"geometry":{"type":"Point","coordinates":[-45.7812071351,-23.1979785954]}},{"type":"Feature","id":"2664080","properties":{"period":"2025-09","date":"16/09/2025","hour":"17:41","type":"COLISAO","turn":"TARDE","roadType":"VIAS URBANAS","street":"RUA EMILIO MARELO","fatal":false,"fatalVictims":0,"seriousVictims":0,"pedestrian":0,"bicycle":0,"motorcycle":1,"automobile":1,"bus":0,"truck":0,"resourceId":"010045a9-89b1-44c8-918b-0158b2c5ed1e"},"geometry":{"type":"Point","coordinates":[-45.9254961,-23.2341463]}},{"type":"Feature","id":"2668035","properties":{"period":"2025-09","date":"18/09/2025","hour":"18:53","type":"COLISAO","turn":"NOITE","roadType":"VIAS URBANAS","street":"AVENIDA ANDROMEDA","fatal":false,"fatalVictims":0,"seriousVictims":0,"pedestrian":0,"bicycle":0,"motorcycle":1,"automobile":1,"bus":0,"truck":0,"resourceId":"010045a9-89b1-44c8-918b-0158b2c5ed1e"},"geometry":{"type":"Point","coordinates":[-45.8844324,-23.2337659]}},{"type":"Feature","id":"2663146","properties":{"period":"2025-09","date":"19/09/2025","hour":"14:33","type":"NAO DISPONIVEL","turn":"TARDE","roadType":"VIAS URBANAS","street":"RUA SAIGIRO NAKAMURA","fatal":false,"fatalVictims":0,"seriousVictims":0,"pedestrian":0,"bicycle":0,"motorcycle":0,"automobile":0,"bus":0,"truck":0,"resourceId":"010045a9-89b1-44c8-918b-0158b2c5ed1e"},"geometry":{"type":"Point","coordinates":[-45.855122,-23.1814909]}},{"type":"Feature","id":"2663689","properties":{"period":"2025-09","date":"19/09/2025","hour":"14:36","type":"ATROPELAMENTO","turn":"TARDE","roadType":"VIAS URBANAS","street":"RUA MAR DEL PLATA","fatal":false,"fatalVictims":0,"seriousVictims":0,"pedestrian":1,"bicycle":0,"motorcycle":0,"automobile":0,"bus":0,"truck":0,"resourceId":"010045a9-89b1-44c8-918b-0158b2c5ed1e"},"geometry":{"type":"Point","coordinates":[-45.8987886,-23.2327586]}},{"type":"Feature","id":"2665529","properties":{"period":"2025-09","date":"21/09/2025","hour":"10:24","type":"ATROPELAMENTO","turn":"MANHA","roadType":"VIAS URBANAS","street":"ESTRADA DOM JOSE ANTONIO DO COUTO","fatal":false,"fatalVictims":0,"seriousVictims":1,"pedestrian":2,"bicycle":0,"motorcycle":0,"automobile":1,"bus":0,"truck":0,"resourceId":"010045a9-89b1-44c8-918b-0158b2c5ed1e"},"geometry":{"type":"Point","coordinates":[-45.8072431,-23.2068575]}},{"type":"Feature","id":"2663663","properties":{"period":"2025-09","date":"21/09/2025","hour":"07:31","type":"COLISAO","turn":"MANHA","roadType":"VIAS URBANAS","street":"AVENIDA PRESIDENTE JUSCELINO KUBITSCHEK","fatal":false,"fatalVictims":0,"seriousVictims":0,"pedestrian":0,"bicycle":0,"motorcycle":0,"automobile":1,"bus":0,"truck":0,"resourceId":"010045a9-89b1-44c8-918b-0158b2c5ed1e"},"geometry":{"type":"Point","coordinates":[-45.8520549,-23.1802938]}},{"type":"Feature","id":"2673510","properties":{"period":"2025-09","date":"22/09/2025","hour":"08:42","type":"COLISAO","turn":"MANHA","roadType":"VIAS URBANAS","street":"AVENIDA BENEDITO FRIGGI","fatal":false,"fatalVictims":0,"seriousVictims":0,"pedestrian":0,"bicycle":0,"motorcycle":1,"automobile":1,"bus":0,"truck":0,"resourceId":"010045a9-89b1-44c8-918b-0158b2c5ed1e"},"geometry":{"type":"Point","coordinates":[-45.8086874,-23.1679078]}},{"type":"Feature","id":"2677449","properties":{"period":"2025-09","date":"23/09/2025","hour":"09:50","type":"COLISAO","turn":"MANHA","roadType":"VIAS URBANAS","street":"AVENIDA JOSE MARTINS FERREIRA","fatal":false,"fatalVictims":0,"seriousVictims":0,"pedestrian":0,"bicycle":0,"motorcycle":1,"automobile":0,"bus":0,"truck":0,"resourceId":"010045a9-89b1-44c8-918b-0158b2c5ed1e"},"geometry":{"type":"Point","coordinates":[-45.81401465,-23.21590591]}},{"type":"Feature","id":"2677887","properties":{"period":"2025-09","date":"23/09/2025","hour":"12:28","type":"ATROPELAMENTO","turn":"TARDE","roadType":"VIAS URBANAS","street":"AVENIDA ARTUR ANTONIO DOS SANTOS","fatal":false,"fatalVictims":0,"seriousVictims":0,"pedestrian":0,"bicycle":0,"motorcycle":0,"automobile":0,"bus":0,"truck":0,"resourceId":"010045a9-89b1-44c8-918b-0158b2c5ed1e"},"geometry":{"type":"Point","coordinates":[-45.9016654,-23.2457947]}},{"type":"Feature","id":"2674942","properties":{"period":"2025-09","date":"24/09/2025","hour":"15:45","type":"OUTROS","turn":"TARDE","roadType":"ESTRADAS E RODOVIAS","street":"BR 116","fatal":false,"fatalVictims":0,"seriousVictims":1,"pedestrian":0,"bicycle":0,"motorcycle":1,"automobile":0,"bus":0,"truck":0,"resourceId":"010045a9-89b1-44c8-918b-0158b2c5ed1e"},"geometry":{"type":"Point","coordinates":[-45.8570354662,-23.1875637462]}},{"type":"Feature","id":"2667820","properties":{"period":"2025-09","date":"18/09/2025","hour":"20:33","type":"COLISAO","turn":"NOITE","roadType":"VIAS URBANAS","street":"RUA MAESTRO NELSON HUGO PINTO","fatal":false,"fatalVictims":0,"seriousVictims":0,"pedestrian":0,"bicycle":0,"motorcycle":1,"automobile":1,"bus":0,"truck":0,"resourceId":"010045a9-89b1-44c8-918b-0158b2c5ed1e"},"geometry":{"type":"Point","coordinates":[-45.8992977,-23.2764161]}},{"type":"Feature","id":"2674895","properties":{"period":"2025-09","date":"19/09/2025","hour":"17:50","type":"COLISAO","turn":"TARDE","roadType":"ESTRADAS E RODOVIAS","street":"BR 116","fatal":false,"fatalVictims":0,"seriousVictims":1,"pedestrian":0,"bicycle":0,"motorcycle":1,"automobile":1,"bus":0,"truck":0,"resourceId":"010045a9-89b1-44c8-918b-0158b2c5ed1e"},"geometry":{"type":"Point","coordinates":[-45.8329314726,-23.1763352479]}},{"type":"Feature","id":"2665197","properties":{"period":"2025-09","date":"21/09/2025","hour":"10:02","type":"COLISAO","turn":"MANHA","roadType":"VIAS URBANAS","street":"AVENIDA DOS ASTRONAUTAS","fatal":false,"fatalVictims":0,"seriousVictims":0,"pedestrian":0,"bicycle":0,"motorcycle":0,"automobile":2,"bus":0,"truck":0,"resourceId":"010045a9-89b1-44c8-918b-0158b2c5ed1e"},"geometry":{"type":"Point","coordinates":[-45.8588617,-23.2070777]}},{"type":"Feature","id":"2662695","properties":{"period":"2025-09","date":"17/09/2025","hour":"14:45","type":"COLISAO","turn":"TARDE","roadType":"VIAS URBANAS","street":"RUA ANAPOLIS","fatal":false,"fatalVictims":0,"seriousVictims":0,"pedestrian":0,"bicycle":0,"motorcycle":1,"automobile":0,"bus":0,"truck":0,"resourceId":"010045a9-89b1-44c8-918b-0158b2c5ed1e"},"geometry":{"type":"Point","coordinates":[-45.9016947,-23.2271109]}},{"type":"Feature","id":"2664369","properties":{"period":"2025-09","date":"17/09/2025","hour":"16:54","type":"COLISAO","turn":"TARDE","roadType":"VIAS URBANAS","street":"RUA AUDEMO VENEZIANI","fatal":false,"fatalVictims":0,"seriousVictims":0,"pedestrian":0,"bicycle":1,"motorcycle":0,"automobile":1,"bus":0,"truck":0,"resourceId":"010045a9-89b1-44c8-918b-0158b2c5ed1e"},"geometry":{"type":"Point","coordinates":[-45.9037345,-23.1515305]}},{"type":"Feature","id":"2672062","properties":{"period":"2025-09","date":"17/09/2025","hour":"07:43","type":"COLISAO","turn":"MANHA","roadType":"VIAS URBANAS","street":"RUA HANNA YOUSSEF CHABCHOUL","fatal":false,"fatalVictims":0,"seriousVictims":0,"pedestrian":0,"bicycle":0,"motorcycle":0,"automobile":1,"bus":0,"truck":0,"resourceId":"010045a9-89b1-44c8-918b-0158b2c5ed1e"},"geometry":{"type":"Point","coordinates":[-45.8149391,-23.212951]}},{"type":"Feature","id":"2666600","properties":{"period":"2025-09","date":"19/09/2025","hour":"17:45","type":"NAO DISPONIVEL","turn":"TARDE","roadType":"VIAS URBANAS","street":"RUA PATATIVA","fatal":false,"fatalVictims":0,"seriousVictims":0,"pedestrian":0,"bicycle":0,"motorcycle":0,"automobile":0,"bus":0,"truck":0,"resourceId":"010045a9-89b1-44c8-918b-0158b2c5ed1e"},"geometry":{"type":"Point","coordinates":[-45.8557156,-23.1852416]}},{"type":"Feature","id":"2673880","properties":{"period":"2025-09","date":"23/09/2025","hour":"11:12","type":"ATROPELAMENTO","turn":"MANHA","roadType":"VIAS URBANAS","street":"AVENIDA DOUTOR ADEMAR DE BARROS","fatal":false,"fatalVictims":0,"seriousVictims":0,"pedestrian":0,"bicycle":0,"motorcycle":0,"automobile":0,"bus":1,"truck":0,"resourceId":"010045a9-89b1-44c8-918b-0158b2c5ed1e"},"geometry":{"type":"Point","coordinates":[-45.8903231,-23.1925388]}},{"type":"Feature","id":"2675184","properties":{"period":"2025-09","date":"18/09/2025","hour":"17:40","type":"OUTROS","turn":"TARDE","roadType":"ESTRADAS E RODOVIAS","street":"BR 116","fatal":false,"fatalVictims":0,"seriousVictims":0,"pedestrian":0,"bicycle":0,"motorcycle":2,"automobile":1,"bus":0,"truck":0,"resourceId":"010045a9-89b1-44c8-918b-0158b2c5ed1e"},"geometry":{"type":"Point","coordinates":[-45.7688280881,-23.1438137088]}},{"type":"Feature","id":"2678030","properties":{"period":"2025-09","date":"20/09/2025","hour":"20:30","type":"COLISAO","turn":"NOITE","roadType":"ESTRADAS E RODOVIAS","street":"BR 116","fatal":false,"fatalVictims":0,"seriousVictims":0,"pedestrian":0,"bicycle":0,"motorcycle":1,"automobile":1,"bus":0,"truck":0,"resourceId":"010045a9-89b1-44c8-918b-0158b2c5ed1e"},"geometry":{"type":"Point","coordinates":[-45.8391757632,-23.1792563135]}},{"type":"Feature","id":"2678223","properties":{"period":"2025-09","date":"19/09/2025","hour":"11:13","type":"COLISAO","turn":"MANHA","roadType":"ESTRADAS E RODOVIAS","street":"SP 050","fatal":false,"fatalVictims":0,"seriousVictims":0,"pedestrian":0,"bicycle":0,"motorcycle":1,"automobile":0,"bus":0,"truck":1,"resourceId":"010045a9-89b1-44c8-918b-0158b2c5ed1e"},"geometry":{"type":"Point","coordinates":[-45.91423136,-23.16234093]}},{"type":"Feature","id":"2666357","properties":{"period":"2025-09","date":"22/09/2025","hour":"18:10","type":"COLISAO","turn":"NOITE","roadType":"ESTRADAS E RODOVIAS","street":"SP 066","fatal":false,"fatalVictims":0,"seriousVictims":0,"pedestrian":0,"bicycle":0,"motorcycle":2,"automobile":0,"bus":0,"truck":0,"resourceId":"010045a9-89b1-44c8-918b-0158b2c5ed1e"},"geometry":{"type":"Point","coordinates":[-45.9286626617,-23.2627320224]}},{"type":"Feature","id":"2675302","properties":{"period":"2025-09","date":"23/09/2025","hour":"16:50","type":"OUTROS","turn":"TARDE","roadType":"ESTRADAS E RODOVIAS","street":"BR 116","fatal":false,"fatalVictims":0,"seriousVictims":0,"pedestrian":0,"bicycle":0,"motorcycle":1,"automobile":0,"bus":0,"truck":0,"resourceId":"010045a9-89b1-44c8-918b-0158b2c5ed1e"},"geometry":{"type":"Point","coordinates":[-45.8391757632,-23.1792563135]}},{"type":"Feature","id":"2675271","properties":{"period":"2025-09","date":"24/09/2025","hour":"16:20","type":"COLISAO","turn":"TARDE","roadType":"ESTRADAS E RODOVIAS","street":"BR 116","fatal":false,"fatalVictims":0,"seriousVictims":0,"pedestrian":0,"bicycle":0,"motorcycle":1,"automobile":1,"bus":0,"truck":0,"resourceId":"010045a9-89b1-44c8-918b-0158b2c5ed1e"},"geometry":{"type":"Point","coordinates":[-45.8570354662,-23.1875637462]}},{"type":"Feature","id":"2675203","properties":{"period":"2025-09","date":"25/09/2025","hour":"13:05","type":"CHOQUE","turn":"TARDE","roadType":"ESTRADAS E RODOVIAS","street":"BR 116","fatal":false,"fatalVictims":0,"seriousVictims":1,"pedestrian":0,"bicycle":0,"motorcycle":1,"automobile":0,"bus":0,"truck":0,"resourceId":"010045a9-89b1-44c8-918b-0158b2c5ed1e"},"geometry":{"type":"Point","coordinates":[-45.8215563647,-23.1704587741]}},{"type":"Feature","id":"2677295","properties":{"period":"2025-09","date":"25/09/2025","hour":"15:46","type":"NAO DISPONIVEL","turn":"TARDE","roadType":"VIAS URBANAS","street":"RUA SAIGIRO NAKAMURA","fatal":false,"fatalVictims":0,"seriousVictims":0,"pedestrian":0,"bicycle":0,"motorcycle":0,"automobile":0,"bus":0,"truck":0,"resourceId":"010045a9-89b1-44c8-918b-0158b2c5ed1e"},"geometry":{"type":"Point","coordinates":[-45.855122,-23.1814909]}},{"type":"Feature","id":"2670469","properties":{"period":"2025-09","date":"19/09/2025","hour":"19:25","type":"COLISAO","turn":"NOITE","roadType":"VIAS URBANAS","street":"RUA PADRE WILSON CUNHA","fatal":false,"fatalVictims":0,"seriousVictims":0,"pedestrian":0,"bicycle":0,"motorcycle":1,"automobile":2,"bus":0,"truck":0,"resourceId":"010045a9-89b1-44c8-918b-0158b2c5ed1e"},"geometry":{"type":"Point","coordinates":[-45.8982174,-23.2701829]}},{"type":"Feature","id":"2675140","properties":{"period":"2025-09","date":"20/09/2025","hour":"15:00","type":"COLISAO","turn":"TARDE","roadType":"ESTRADAS E RODOVIAS","street":"BR 116","fatal":false,"fatalVictims":0,"seriousVictims":0,"pedestrian":0,"bicycle":0,"motorcycle":0,"automobile":2,"bus":0,"truck":0,"resourceId":"010045a9-89b1-44c8-918b-0158b2c5ed1e"},"geometry":{"type":"Point","coordinates":[-45.8329314726,-23.1763352479]}},{"type":"Feature","id":"2677418","properties":{"period":"2025-09","date":"22/09/2025","hour":"08:21","type":"COLISAO","turn":"MANHA","roadType":"VIAS URBANAS","street":"ESTR DR BEZERRA DE MENEZES","fatal":false,"fatalVictims":0,"seriousVictims":0,"pedestrian":0,"bicycle":0,"motorcycle":1,"automobile":1,"bus":0,"truck":0,"resourceId":"010045a9-89b1-44c8-918b-0158b2c5ed1e"},"geometry":{"type":"Point","coordinates":[-45.857222,-23.258639]}},{"type":"Feature","id":"2674569","properties":{"period":"2025-09","date":"22/09/2025","hour":"10:58","type":"COLISAO","turn":"MANHA","roadType":"VIAS URBANAS","street":"RUA MANOEL BOSCO RIBEIRO","fatal":false,"fatalVictims":0,"seriousVictims":0,"pedestrian":0,"bicycle":0,"motorcycle":1,"automobile":1,"bus":0,"truck":0,"resourceId":"010045a9-89b1-44c8-918b-0158b2c5ed1e"},"geometry":{"type":"Point","coordinates":[-45.926386,-23.2303003]}},{"type":"Feature","id":"2671255","properties":{"period":"2025-09","date":"19/09/2025","hour":"20:05","type":"COLISAO","turn":"NOITE","roadType":"VIAS URBANAS","street":"RUA VALPARAISO","fatal":false,"fatalVictims":0,"seriousVictims":0,"pedestrian":0,"bicycle":0,"motorcycle":2,"automobile":0,"bus":0,"truck":0,"resourceId":"010045a9-89b1-44c8-918b-0158b2c5ed1e"},"geometry":{"type":"Point","coordinates":[-45.9024319,-23.2339106]}},{"type":"Feature","id":"2675187","properties":{"period":"2025-09","date":"20/09/2025","hour":"15:00","type":"COLISAO","turn":"TARDE","roadType":"ESTRADAS E RODOVIAS","street":"BR 116","fatal":false,"fatalVictims":0,"seriousVictims":0,"pedestrian":0,"bicycle":0,"motorcycle":1,"automobile":1,"bus":0,"truck":0,"resourceId":"010045a9-89b1-44c8-918b-0158b2c5ed1e"},"geometry":{"type":"Point","coordinates":[-45.8303064477,-23.1749791386]}},{"type":"Feature","id":"2674590","properties":{"period":"2025-09","date":"20/09/2025","hour":"21:55","type":"COLISAO","turn":"NOITE","roadType":"VIAS URBANAS","street":"TRAVESSA COSTANZO DE FINIS","fatal":false,"fatalVictims":0,"seriousVictims":0,"pedestrian":0,"bicycle":0,"motorcycle":0,"automobile":1,"bus":0,"truck":0,"resourceId":"010045a9-89b1-44c8-918b-0158b2c5ed1e"},"geometry":{"type":"Point","coordinates":[-45.8878368,-23.1897567]}},{"type":"Feature","id":"2674923","properties":{"period":"2025-09","date":"22/09/2025","hour":"08:00","type":"COLISAO","turn":"MANHA","roadType":"ESTRADAS E RODOVIAS","street":"BR 116","fatal":false,"fatalVictims":0,"seriousVictims":0,"pedestrian":0,"bicycle":0,"motorcycle":0,"automobile":1,"bus":0,"truck":1,"resourceId":"010045a9-89b1-44c8-918b-0158b2c5ed1e"},"geometry":{"type":"Point","coordinates":[-45.8128522953,-23.1658508086]}},{"type":"Feature","id":"2677528","properties":{"period":"2025-09","date":"17/09/2025","hour":"13:30","type":"COLISAO","turn":"TARDE","roadType":"VIAS URBANAS","street":"COMPLEXO VIARIO SERGIO SOBRAL DE OLIVEIRA","fatal":false,"fatalVictims":0,"seriousVictims":0,"pedestrian":0,"bicycle":0,"motorcycle":1,"automobile":1,"bus":0,"truck":0,"resourceId":"010045a9-89b1-44c8-918b-0158b2c5ed1e"},"geometry":{"type":"Point","coordinates":[-45.893658,-23.2078398]}},{"type":"Feature","id":"2674725","properties":{"period":"2025-09","date":"18/09/2025","hour":"10:52","type":"ATROPELAMENTO","turn":"MANHA","roadType":"VIAS URBANAS","street":"RUA SAIGIRO NAKAMURA","fatal":false,"fatalVictims":0,"seriousVictims":0,"pedestrian":1,"bicycle":0,"motorcycle":0,"automobile":0,"bus":0,"truck":0,"resourceId":"010045a9-89b1-44c8-918b-0158b2c5ed1e"},"geometry":{"type":"Point","coordinates":[-45.855122,-23.1814909]}},{"type":"Feature","id":"2676780","properties":{"period":"2025-09","date":"20/09/2025","hour":"08:32","type":"NAO DISPONIVEL","turn":"MANHA","roadType":"ESTRADAS E RODOVIAS","street":"SP 099","fatal":false,"fatalVictims":0,"seriousVictims":0,"pedestrian":0,"bicycle":0,"motorcycle":0,"automobile":0,"bus":0,"truck":0,"resourceId":"010045a9-89b1-44c8-918b-0158b2c5ed1e"},"geometry":{"type":"Point","coordinates":[-45.881662,-23.2150861673]}},{"type":"Feature","id":"2672426","properties":{"period":"2025-09","date":"22/09/2025","hour":"07:25","type":"COLISAO","turn":"MANHA","roadType":"VIAS URBANAS","street":"AVENIDA ALBERTO RENART","fatal":false,"fatalVictims":0,"seriousVictims":0,"pedestrian":0,"bicycle":0,"motorcycle":0,"automobile":2,"bus":0,"truck":0,"resourceId":"010045a9-89b1-44c8-918b-0158b2c5ed1e"},"geometry":{"type":"Point","coordinates":[-45.7941748,-23.169658]}},{"type":"Feature","id":"2675078","properties":{"period":"2025-09","date":"23/09/2025","hour":"13:01","type":"COLISAO","turn":"TARDE","roadType":"VIAS URBANAS","street":"AVENIDA PRESIDENTE TANCREDO NEVES","fatal":false,"fatalVictims":0,"seriousVictims":0,"pedestrian":0,"bicycle":0,"motorcycle":0,"automobile":1,"bus":1,"truck":0,"resourceId":"010045a9-89b1-44c8-918b-0158b2c5ed1e"},"geometry":{"type":"Point","coordinates":[-45.7924202,-23.1868536]}},{"type":"Feature","id":"2674089","properties":{"period":"2025-09","date":"24/09/2025","hour":"10:11","type":"COLISAO","turn":"MANHA","roadType":"VIAS URBANAS","street":"AVENIDA DOS EVANGELICOS","fatal":false,"fatalVictims":0,"seriousVictims":0,"pedestrian":0,"bicycle":0,"motorcycle":1,"automobile":1,"bus":0,"truck":0,"resourceId":"010045a9-89b1-44c8-918b-0158b2c5ed1e"},"geometry":{"type":"Point","coordinates":[-45.8975598,-23.2696281]}},{"type":"Feature","id":"2669963","properties":{"period":"2025-09","date":"17/09/2025","hour":"23:58","type":"COLISAO","turn":"NOITE","roadType":"VIAS URBANAS","street":"PRACA AFONSO PENA","fatal":false,"fatalVictims":0,"seriousVictims":0,"pedestrian":0,"bicycle":0,"motorcycle":0,"automobile":0,"bus":0,"truck":0,"resourceId":"010045a9-89b1-44c8-918b-0158b2c5ed1e"},"geometry":{"type":"Point","coordinates":[-45.8866655,-23.1846788]}},{"type":"Feature","id":"2678055","properties":{"period":"2025-09","date":"17/09/2025","hour":"14:10","type":"OUTROS","turn":"TARDE","roadType":"ESTRADAS E RODOVIAS","street":"BR 116","fatal":false,"fatalVictims":0,"seriousVictims":0,"pedestrian":0,"bicycle":0,"motorcycle":0,"automobile":3,"bus":0,"truck":0,"resourceId":"010045a9-89b1-44c8-918b-0158b2c5ed1e"},"geometry":{"type":"Point","coordinates":[-45.8822410326,-23.2027424252]}},{"type":"Feature","id":"2668520","properties":{"period":"2025-09","date":"20/09/2025","hour":"16:54","type":"OUTROS","turn":"TARDE","roadType":"VIAS URBANAS","street":"ANEL VIARIO","fatal":false,"fatalVictims":0,"seriousVictims":0,"pedestrian":0,"bicycle":0,"motorcycle":0,"automobile":1,"bus":0,"truck":0,"resourceId":"010045a9-89b1-44c8-918b-0158b2c5ed1e"},"geometry":{"type":"Point","coordinates":[-45.90931955,-23.21150201]}},{"type":"Feature","id":"2675190","properties":{"period":"2025-09","date":"20/09/2025","hour":"07:15","type":"COLISAO","turn":"MANHA","roadType":"ESTRADAS E RODOVIAS","street":"BR 116","fatal":false,"fatalVictims":0,"seriousVictims":0,"pedestrian":0,"bicycle":0,"motorcycle":0,"automobile":2,"bus":0,"truck":0,"resourceId":"010045a9-89b1-44c8-918b-0158b2c5ed1e"},"geometry":{"type":"Point","coordinates":[-45.9132485445,-23.2320013418]}},{"type":"Feature","id":"2662930","properties":{"period":"2025-09","date":"24/09/2025","hour":"15:22","type":"COLISAO","turn":"TARDE","roadType":"VIAS URBANAS","street":"ESTRADA JUCA CARVALHO","fatal":false,"fatalVictims":0,"seriousVictims":0,"pedestrian":0,"bicycle":0,"motorcycle":1,"automobile":0,"bus":0,"truck":1,"resourceId":"010045a9-89b1-44c8-918b-0158b2c5ed1e"},"geometry":{"type":"Point","coordinates":[-45.9172228,-23.14974263]}},{"type":"Feature","id":"2668846","properties":{"period":"2025-09","date":"26/09/2025","hour":"20:12","type":"ATROPELAMENTO","turn":"NOITE","roadType":"VIAS URBANAS","street":"RUA SAIGIRO NAKAMURA","fatal":false,"fatalVictims":0,"seriousVictims":0,"pedestrian":0,"bicycle":0,"motorcycle":0,"automobile":0,"bus":0,"truck":0,"resourceId":"010045a9-89b1-44c8-918b-0158b2c5ed1e"},"geometry":{"type":"Point","coordinates":[-45.855122,-23.1814909]}},{"type":"Feature","id":"2673965","properties":{"period":"2025-09","date":"27/09/2025","hour":"07:46","type":"COLISAO","turn":"MANHA","roadType":"VIAS URBANAS","street":"RUA TARU","fatal":false,"fatalVictims":0,"seriousVictims":0,"pedestrian":0,"bicycle":0,"motorcycle":1,"automobile":1,"bus":0,"truck":0,"resourceId":"010045a9-89b1-44c8-918b-0158b2c5ed1e"},"geometry":{"type":"Point","coordinates":[-45.8957438,-23.239183]}},{"type":"Feature","id":"2663196","properties":{"period":"2025-09","date":"28/09/2025","hour":"10:39","type":"NAO DISPONIVEL","turn":"MANHA","roadType":"VIAS URBANAS","street":"RUA SAIGIRO NAKAMURA","fatal":false,"fatalVictims":0,"seriousVictims":0,"pedestrian":0,"bicycle":0,"motorcycle":0,"automobile":0,"bus":0,"truck":0,"resourceId":"010045a9-89b1-44c8-918b-0158b2c5ed1e"},"geometry":{"type":"Point","coordinates":[-45.855122,-23.1814909]}},{"type":"Feature","id":"2661858","properties":{"period":"2025-09","date":"28/09/2025","hour":"05:00","type":"CHOQUE","turn":"MADRUGADA","roadType":"ESTRADAS E RODOVIAS","street":"SP 066","fatal":true,"fatalVictims":1,"seriousVictims":0,"pedestrian":0,"bicycle":0,"motorcycle":1,"automobile":0,"bus":0,"truck":0,"resourceId":"010045a9-89b1-44c8-918b-0158b2c5ed1e"},"geometry":{"type":"Point","coordinates":[-45.9121587053,-23.2636749432]}},{"type":"Feature","id":"2673059","properties":{"period":"2025-09","date":"29/09/2025","hour":"07:57","type":"NAO DISPONIVEL","turn":"MANHA","roadType":"VIAS URBANAS","street":"AVENIDA RUI BARBOSA","fatal":false,"fatalVictims":0,"seriousVictims":0,"pedestrian":0,"bicycle":0,"motorcycle":1,"automobile":0,"bus":0,"truck":0,"resourceId":"010045a9-89b1-44c8-918b-0158b2c5ed1e"},"geometry":{"type":"Point","coordinates":[-45.891966,-23.1703857]}},{"type":"Feature","id":"2668048","properties":{"period":"2025-09","date":"29/09/2025","hour":"21:45","type":"COLISAO","turn":"NOITE","roadType":"VIAS URBANAS","street":"RUA CLAUDINO PINTO","fatal":false,"fatalVictims":0,"seriousVictims":0,"pedestrian":0,"bicycle":0,"motorcycle":1,"automobile":0,"bus":1,"truck":0,"resourceId":"010045a9-89b1-44c8-918b-0158b2c5ed1e"},"geometry":{"type":"Point","coordinates":[-45.883337,-23.1885017]}},{"type":"Feature","id":"2673670","properties":{"period":"2025-09","date":"29/09/2025","hour":"09:14","type":"COLISAO","turn":"MANHA","roadType":"VIAS URBANAS","street":"SP 070","fatal":false,"fatalVictims":0,"seriousVictims":0,"pedestrian":0,"bicycle":0,"motorcycle":0,"automobile":1,"bus":0,"truck":1,"resourceId":"010045a9-89b1-44c8-918b-0158b2c5ed1e"},"geometry":{"type":"Point","coordinates":[-45.7896198,-23.2434977]}},{"type":"Feature","id":"2663703","properties":{"period":"2025-09","date":"29/09/2025","hour":"16:22","type":"NAO DISPONIVEL","turn":"TARDE","roadType":"VIAS URBANAS","street":"AVENIDA PEDRO FRIGGI","fatal":false,"fatalVictims":0,"seriousVictims":0,"pedestrian":0,"bicycle":0,"motorcycle":1,"automobile":0,"bus":0,"truck":0,"resourceId":"010045a9-89b1-44c8-918b-0158b2c5ed1e"},"geometry":{"type":"Point","coordinates":[-45.8284183,-23.1756503]}},{"type":"Feature","id":"2665562","properties":{"period":"2025-09","date":"29/09/2025","hour":"18:22","type":"NAO DISPONIVEL","turn":"NOITE","roadType":"VIAS URBANAS","street":"AVENIDA PEDRO FRIGGI","fatal":false,"fatalVictims":0,"seriousVictims":0,"pedestrian":0,"bicycle":0,"motorcycle":0,"automobile":0,"bus":0,"truck":0,"resourceId":"010045a9-89b1-44c8-918b-0158b2c5ed1e"},"geometry":{"type":"Point","coordinates":[-45.8284183,-23.1756503]}},{"type":"Feature","id":"2669674","properties":{"period":"2025-09","date":"29/09/2025","hour":"01:31","type":"COLISAO","turn":"MADRUGADA","roadType":"VIAS URBANAS","street":"RUA GISELE MARTINS","fatal":false,"fatalVictims":0,"seriousVictims":0,"pedestrian":0,"bicycle":0,"motorcycle":1,"automobile":0,"bus":1,"truck":0,"resourceId":"010045a9-89b1-44c8-918b-0158b2c5ed1e"},"geometry":{"type":"Point","coordinates":[-45.8974094,-23.2459351]}},{"type":"Feature","id":"2675434","properties":{"period":"2025-09","date":"30/09/2025","hour":"06:30","type":"OUTROS","turn":"MANHA","roadType":"ESTRADAS E RODOVIAS","street":"BR 116","fatal":false,"fatalVictims":0,"seriousVictims":0,"pedestrian":0,"bicycle":0,"motorcycle":0,"automobile":3,"bus":0,"truck":1,"resourceId":"010045a9-89b1-44c8-918b-0158b2c5ed1e"},"geometry":{"type":"Point","coordinates":[-45.8391757632,-23.1792563135]}},{"type":"Feature","id":"2670143","properties":{"period":"2025-09","date":"30/09/2025","hour":"21:25","type":"ATROPELAMENTO","turn":"NOITE","roadType":"VIAS URBANAS","street":"AVENIDA ENGENHEIRO SEBASTIAO GUALBERTO","fatal":false,"fatalVictims":0,"seriousVictims":0,"pedestrian":1,"bicycle":0,"motorcycle":0,"automobile":0,"bus":0,"truck":0,"resourceId":"010045a9-89b1-44c8-918b-0158b2c5ed1e"},"geometry":{"type":"Point","coordinates":[-45.8760317,-23.1758603]}},{"type":"Feature","id":"2675312","properties":{"period":"2025-09","date":"25/09/2025","hour":"14:20","type":"COLISAO","turn":"TARDE","roadType":"ESTRADAS E RODOVIAS","street":"BR 116","fatal":false,"fatalVictims":0,"seriousVictims":0,"pedestrian":0,"bicycle":0,"motorcycle":1,"automobile":1,"bus":0,"truck":1,"resourceId":"010045a9-89b1-44c8-918b-0158b2c5ed1e"},"geometry":{"type":"Point","coordinates":[-45.9111575492,-23.2299973927]}},{"type":"Feature","id":"2661857","properties":{"period":"2025-09","date":"26/09/2025","hour":"20:56","type":"CHOQUE","turn":"NOITE","roadType":"VIAS URBANAS","street":"AVENIDA PRESIDENTE TANCREDO NEVES","fatal":true,"fatalVictims":2,"seriousVictims":0,"pedestrian":0,"bicycle":0,"motorcycle":1,"automobile":0,"bus":0,"truck":0,"resourceId":"010045a9-89b1-44c8-918b-0158b2c5ed1e"},"geometry":{"type":"Point","coordinates":[-45.7902743279,-23.1880852257]}},{"type":"Feature","id":"2671180","properties":{"period":"2025-09","date":"28/09/2025","hour":"22:36","type":"CHOQUE","turn":"NOITE","roadType":"VIAS URBANAS","street":"DOS TAMOIOS","fatal":false,"fatalVictims":0,"seriousVictims":0,"pedestrian":0,"bicycle":0,"motorcycle":0,"automobile":1,"bus":0,"truck":0,"resourceId":"010045a9-89b1-44c8-918b-0158b2c5ed1e"},"geometry":{"type":"Point","coordinates":[-45.8085546,-23.2782044]}},{"type":"Feature","id":"2672377","properties":{"period":"2025-09","date":"29/09/2025","hour":"07:06","type":"ATROPELAMENTO","turn":"MANHA","roadType":"VIAS URBANAS","street":"AVENIDA JOSE IGNACIO BICUDO","fatal":false,"fatalVictims":0,"seriousVictims":0,"pedestrian":1,"bicycle":0,"motorcycle":0,"automobile":1,"bus":0,"truck":0,"resourceId":"010045a9-89b1-44c8-918b-0158b2c5ed1e"},"geometry":{"type":"Point","coordinates":[-45.8255171,-23.2436535]}},{"type":"Feature","id":"2674069","properties":{"period":"2025-09","date":"25/09/2025","hour":"11:18","type":"CHOQUE","turn":"MANHA","roadType":"VIAS URBANAS","street":"AVENIDA CIDADE JARDIM","fatal":false,"fatalVictims":0,"seriousVictims":0,"pedestrian":0,"bicycle":0,"motorcycle":1,"automobile":1,"bus":0,"truck":0,"resourceId":"010045a9-89b1-44c8-918b-0158b2c5ed1e"},"geometry":{"type":"Point","coordinates":[-45.8816563,-23.2403463]}},{"type":"Feature","id":"2678096","properties":{"period":"2025-09","date":"29/09/2025","hour":"01:10","type":"OUTROS","turn":"MADRUGADA","roadType":"ESTRADAS E RODOVIAS","street":"BR 116","fatal":false,"fatalVictims":0,"seriousVictims":0,"pedestrian":0,"bicycle":0,"motorcycle":0,"automobile":3,"bus":0,"truck":0,"resourceId":"010045a9-89b1-44c8-918b-0158b2c5ed1e"},"geometry":{"type":"Point","coordinates":[-45.8041645665,-23.1612117336]}},{"type":"Feature","id":"2666763","properties":{"period":"2025-09","date":"30/09/2025","hour":"18:20","type":"ATROPELAMENTO","turn":"NOITE","roadType":"ESTRADAS E RODOVIAS","street":"SP 099","fatal":false,"fatalVictims":0,"seriousVictims":0,"pedestrian":1,"bicycle":0,"motorcycle":0,"automobile":1,"bus":0,"truck":0,"resourceId":"010045a9-89b1-44c8-918b-0158b2c5ed1e"},"geometry":{"type":"Point","coordinates":[-45.8362725603,-23.2567929598]}},{"type":"Feature","id":"2666666","properties":{"period":"2025-09","date":"26/09/2025","hour":"20:04","type":"ATROPELAMENTO","turn":"NOITE","roadType":"VIAS URBANAS","street":"AVENIDA ANDROMEDA","fatal":false,"fatalVictims":0,"seriousVictims":0,"pedestrian":1,"bicycle":0,"motorcycle":0,"automobile":1,"bus":0,"truck":0,"resourceId":"010045a9-89b1-44c8-918b-0158b2c5ed1e"},"geometry":{"type":"Point","coordinates":[-45.8838079,-23.2358926]}},{"type":"Feature","id":"2674951","properties":{"period":"2025-09","date":"28/09/2025","hour":"18:10","type":"CHOQUE","turn":"NOITE","roadType":"ESTRADAS E RODOVIAS","street":"BR 116","fatal":false,"fatalVictims":0,"seriousVictims":0,"pedestrian":0,"bicycle":0,"motorcycle":1,"automobile":0,"bus":0,"truck":0,"resourceId":"010045a9-89b1-44c8-918b-0158b2c5ed1e"},"geometry":{"type":"Point","coordinates":[-45.9171010889,-23.2356934341]}},{"type":"Feature","id":"2671989","properties":{"period":"2025-09","date":"29/09/2025","hour":"23:26","type":"COLISAO","turn":"NOITE","roadType":"VIAS URBANAS","street":"RUA TREMEMBE","fatal":false,"fatalVictims":0,"seriousVictims":0,"pedestrian":0,"bicycle":0,"motorcycle":1,"automobile":0,"bus":0,"truck":0,"resourceId":"010045a9-89b1-44c8-918b-0158b2c5ed1e"},"geometry":{"type":"Point","coordinates":[-45.8856859,-23.2091822]}},{"type":"Feature","id":"2671547","properties":{"period":"2025-09","date":"27/09/2025","hour":"18:55","type":"COLISAO","turn":"NOITE","roadType":"VIAS URBANAS","street":"RUA DOMINGOS JORGE VELHO","fatal":false,"fatalVictims":0,"seriousVictims":0,"pedestrian":0,"bicycle":0,"motorcycle":1,"automobile":1,"bus":0,"truck":0,"resourceId":"010045a9-89b1-44c8-918b-0158b2c5ed1e"},"geometry":{"type":"Point","coordinates":[-45.9016943,-23.1927484]}},{"type":"Feature","id":"2661852","properties":{"period":"2025-09","date":"28/09/2025","hour":"05:33","type":"COLISAO","turn":"MADRUGADA","roadType":"ESTRADAS E RODOVIAS","street":"BR 116","fatal":true,"fatalVictims":1,"seriousVictims":0,"pedestrian":0,"bicycle":0,"motorcycle":0,"automobile":2,"bus":0,"truck":0,"resourceId":"010045a9-89b1-44c8-918b-0158b2c5ed1e"},"geometry":{"type":"Point","coordinates":[-45.8609833944,-23.1895776695]}},{"type":"Feature","id":"2668512","properties":{"period":"2025-09","date":"26/09/2025","hour":"22:24","type":"COLISAO","turn":"NOITE","roadType":"VIAS URBANAS","street":"RUA YOSHIKATSU IIDA","fatal":false,"fatalVictims":0,"seriousVictims":0,"pedestrian":0,"bicycle":0,"motorcycle":2,"automobile":0,"bus":0,"truck":0,"resourceId":"010045a9-89b1-44c8-918b-0158b2c5ed1e"},"geometry":{"type":"Point","coordinates":[-45.8923196,-23.2436602]}},{"type":"Feature","id":"2666097","properties":{"period":"2025-09","date":"27/09/2025","hour":"16:17","type":"NAO DISPONIVEL","turn":"TARDE","roadType":"VIAS URBANAS","street":"RUA SAIGIRO NAKAMURA","fatal":false,"fatalVictims":0,"seriousVictims":0,"pedestrian":0,"bicycle":0,"motorcycle":0,"automobile":0,"bus":0,"truck":0,"resourceId":"010045a9-89b1-44c8-918b-0158b2c5ed1e"},"geometry":{"type":"Point","coordinates":[-45.855122,-23.1814909]}},{"type":"Feature","id":"2670253","properties":{"period":"2025-09","date":"28/09/2025","hour":"19:50","type":"COLISAO","turn":"NOITE","roadType":"VIAS URBANAS","street":"AVENIDA OURO FINO","fatal":false,"fatalVictims":0,"seriousVictims":0,"pedestrian":0,"bicycle":0,"motorcycle":1,"automobile":0,"bus":0,"truck":0,"resourceId":"010045a9-89b1-44c8-918b-0158b2c5ed1e"},"geometry":{"type":"Point","coordinates":[-45.8882961,-23.2377695]}},{"type":"Feature","id":"2663227","properties":{"period":"2025-09","date":"26/09/2025","hour":"16:31","type":"COLISAO","turn":"TARDE","roadType":"VIAS URBANAS","street":"AVENIDA PRESIDENTE JUSCELINO KUBITSCHEK","fatal":false,"fatalVictims":0,"seriousVictims":0,"pedestrian":0,"bicycle":0,"motorcycle":1,"automobile":1,"bus":0,"truck":0,"resourceId":"010045a9-89b1-44c8-918b-0158b2c5ed1e"},"geometry":{"type":"Point","coordinates":[-45.8461753,-23.180577]}},{"type":"Feature","id":"2667914","properties":{"period":"2025-09","date":"27/09/2025","hour":"17:53","type":"COLISAO","turn":"TARDE","roadType":"VIAS URBANAS","street":"DOS TAMOIOS","fatal":false,"fatalVictims":0,"seriousVictims":0,"pedestrian":0,"bicycle":0,"motorcycle":0,"automobile":2,"bus":0,"truck":0,"resourceId":"010045a9-89b1-44c8-918b-0158b2c5ed1e"},"geometry":{"type":"Point","coordinates":[-45.8823898,-23.2075894]}},{"type":"Feature","id":"2680317","properties":{"period":"2025-10","date":"01/10/2025","hour":"13:45","type":"ATROPELAMENTO","turn":"TARDE","roadType":"VIAS URBANAS","street":"RUA SAIGIRO NAKAMURA","fatal":false,"fatalVictims":0,"seriousVictims":0,"pedestrian":1,"bicycle":0,"motorcycle":0,"automobile":0,"bus":0,"truck":0,"resourceId":"9ebe412a-da86-4d53-a19b-a008389dca6d"},"geometry":{"type":"Point","coordinates":[-45.855122,-23.1814909]}},{"type":"Feature","id":"2745162","properties":{"period":"2025-10","date":"01/10/2025","hour":"14:50","type":"COLISAO","turn":"TARDE","roadType":"ESTRADAS E RODOVIAS","street":"BR 116","fatal":false,"fatalVictims":0,"seriousVictims":1,"pedestrian":0,"bicycle":0,"motorcycle":1,"automobile":0,"bus":0,"truck":1,"resourceId":"9ebe412a-da86-4d53-a19b-a008389dca6d"},"geometry":{"type":"Point","coordinates":[-45.8481077544,-23.1834056725]}},{"type":"Feature","id":"2683843","properties":{"period":"2025-10","date":"03/10/2025","hour":"17:52","type":"COLISAO","turn":"TARDE","roadType":"VIAS URBANAS","street":"AVENIDA JAIME PINTO MACHADO","fatal":false,"fatalVictims":0,"seriousVictims":0,"pedestrian":0,"bicycle":1,"motorcycle":1,"automobile":0,"bus":0,"truck":0,"resourceId":"9ebe412a-da86-4d53-a19b-a008389dca6d"},"geometry":{"type":"Point","coordinates":[-45.841814,-23.215597]}},{"type":"Feature","id":"2745062","properties":{"period":"2025-10","date":"03/10/2025","hour":"07:05","type":"COLISAO","turn":"MANHA","roadType":"ESTRADAS E RODOVIAS","street":"BR 116","fatal":false,"fatalVictims":0,"seriousVictims":0,"pedestrian":0,"bicycle":0,"motorcycle":1,"automobile":1,"bus":0,"truck":0,"resourceId":"9ebe412a-da86-4d53-a19b-a008389dca6d"},"geometry":{"type":"Point","coordinates":[-45.7776327422,-23.1482138203]}},{"type":"Feature","id":"2684620","properties":{"period":"2025-10","date":"01/10/2025","hour":"19:32","type":"COLISAO","turn":"NOITE","roadType":"VIAS URBANAS","street":"RUA PENEDO","fatal":false,"fatalVictims":0,"seriousVictims":0,"pedestrian":0,"bicycle":0,"motorcycle":1,"automobile":1,"bus":0,"truck":0,"resourceId":"9ebe412a-da86-4d53-a19b-a008389dca6d"},"geometry":{"type":"Point","coordinates":[-45.9124389,-23.2412245]}},{"type":"Feature","id":"2685979","properties":{"period":"2025-10","date":"02/10/2025","hour":"22:57","type":"ATROPELAMENTO","turn":"NOITE","roadType":"VIAS URBANAS","street":"ESTRADA DO IMPERADOR","fatal":false,"fatalVictims":0,"seriousVictims":0,"pedestrian":1,"bicycle":0,"motorcycle":1,"automobile":0,"bus":0,"truck":0,"resourceId":"9ebe412a-da86-4d53-a19b-a008389dca6d"},"geometry":{"type":"Point","coordinates":[-45.9014084,-23.2752674]}},{"type":"Feature","id":"2746145","properties":{"period":"2025-10","date":"03/10/2025","hour":"00:40","type":"COLISAO","turn":"MADRUGADA","roadType":"ESTRADAS E RODOVIAS","street":"BR 116","fatal":false,"fatalVictims":0,"seriousVictims":0,"pedestrian":0,"bicycle":0,"motorcycle":1,"automobile":1,"bus":0,"truck":0,"resourceId":"9ebe412a-da86-4d53-a19b-a008389dca6d"},"geometry":{"type":"Point","coordinates":[-45.8382825713,-23.1788413621]}},{"type":"Feature","id":"2746254","properties":{"period":"2025-10","date":"04/10/2025","hour":"01:50","type":"OUTROS","turn":"MADRUGADA","roadType":"ESTRADAS E RODOVIAS","street":"BR 116","fatal":false,"fatalVictims":0,"seriousVictims":0,"pedestrian":0,"bicycle":0,"motorcycle":0,"automobile":1,"bus":0,"truck":0,"resourceId":"9ebe412a-da86-4d53-a19b-a008389dca6d"},"geometry":{"type":"Point","coordinates":[-45.8303064477,-23.1749791386]}},{"type":"Feature","id":"2680996","properties":{"period":"2025-10","date":"02/10/2025","hour":"17:37","type":"COLISAO","turn":"TARDE","roadType":"VIAS URBANAS","street":"AVENIDA FLORESTAN FERNANDES","fatal":false,"fatalVictims":0,"seriousVictims":0,"pedestrian":0,"bicycle":0,"motorcycle":1,"automobile":1,"bus":0,"truck":0,"resourceId":"9ebe412a-da86-4d53-a19b-a008389dca6d"},"geometry":{"type":"Point","coordinates":[-45.8999121,-23.2120051]}},{"type":"Feature","id":"2691106","properties":{"period":"2025-10","date":"04/10/2025","hour":"07:19","type":"COLISAO","turn":"MANHA","roadType":"VIAS URBANAS","street":"PRACA CARIRI","fatal":false,"fatalVictims":0,"seriousVictims":1,"pedestrian":0,"bicycle":0,"motorcycle":1,"automobile":1,"bus":0,"truck":0,"resourceId":"9ebe412a-da86-4d53-a19b-a008389dca6d"},"geometry":{"type":"Point","coordinates":[-45.9231407,-23.2562033]}},{"type":"Feature","id":"2682034","properties":{"period":"2025-10","date":"01/10/2025","hour":"16:16","type":"OUTROS","turn":"TARDE","roadType":"ESTRADAS E RODOVIAS","street":"BR 116","fatal":false,"fatalVictims":0,"seriousVictims":0,"pedestrian":0,"bicycle":0,"motorcycle":0,"automobile":0,"bus":0,"truck":0,"resourceId":"9ebe412a-da86-4d53-a19b-a008389dca6d"},"geometry":{"type":"Point","coordinates":[-45.8570354662,-23.1875637462]}},{"type":"Feature","id":"2746409","properties":{"period":"2025-10","date":"04/10/2025","hour":"08:40","type":"COLISAO","turn":"MANHA","roadType":"ESTRADAS E RODOVIAS","street":"BR 116","fatal":false,"fatalVictims":0,"seriousVictims":0,"pedestrian":0,"bicycle":0,"motorcycle":0,"automobile":2,"bus":0,"truck":0,"resourceId":"9ebe412a-da86-4d53-a19b-a008389dca6d"},"geometry":{"type":"Point","coordinates":[-45.7776327422,-23.1482138203]}},{"type":"Feature","id":"2691824","properties":{"period":"2025-10","date":"01/10/2025","hour":"09:24","type":"COLISAO","turn":"MANHA","roadType":"VIAS URBANAS","street":"ESTRADA DOUTOR ALTINO BONDESAN","fatal":false,"fatalVictims":0,"seriousVictims":0,"pedestrian":0,"bicycle":0,"motorcycle":1,"automobile":0,"bus":0,"truck":0,"resourceId":"9ebe412a-da86-4d53-a19b-a008389dca6d"},"geometry":{"type":"Point","coordinates":[-45.7842268,-23.151759]}},{"type":"Feature","id":"2744912","properties":{"period":"2025-10","date":"01/10/2025","hour":"14:50","type":"COLISAO","turn":"TARDE","roadType":"ESTRADAS E RODOVIAS","street":"BR 116","fatal":false,"fatalVictims":0,"seriousVictims":0,"pedestrian":0,"bicycle":0,"motorcycle":1,"automobile":1,"bus":0,"truck":0,"resourceId":"9ebe412a-da86-4d53-a19b-a008389dca6d"},"geometry":{"type":"Point","coordinates":[-45.8768054124,-23.1985073502]}},{"type":"Feature","id":"2680613","properties":{"period":"2025-10","date":"01/10/2025","hour":"15:13","type":"COLISAO","turn":"TARDE","roadType":"VIAS URBANAS","street":"AVENIDA PRESIDENTE TANCREDO NEVES","fatal":false,"fatalVictims":0,"seriousVictims":0,"pedestrian":0,"bicycle":0,"motorcycle":0,"automobile":1,"bus":0,"truck":0,"resourceId":"9ebe412a-da86-4d53-a19b-a008389dca6d"},"geometry":{"type":"Point","coordinates":[-45.79314,-23.186818]}},{"type":"Feature","id":"2688240","properties":{"period":"2025-10","date":"03/10/2025","hour":"06:44","type":"COLISAO","turn":"MANHA","roadType":"VIAS URBANAS","street":"RUA SAIGIRO NAKAMURA","fatal":false,"fatalVictims":0,"seriousVictims":0,"pedestrian":0,"bicycle":0,"motorcycle":1,"automobile":1,"bus":0,"truck":0,"resourceId":"9ebe412a-da86-4d53-a19b-a008389dca6d"},"geometry":{"type":"Point","coordinates":[-45.855122,-23.1814909]}},{"type":"Feature","id":"2746261","properties":{"period":"2025-10","date":"07/10/2025","hour":"17:00","type":"COLISAO","turn":"TARDE","roadType":"ESTRADAS E RODOVIAS","street":"BR 116","fatal":false,"fatalVictims":0,"seriousVictims":0,"pedestrian":0,"bicycle":0,"motorcycle":1,"automobile":1,"bus":0,"truck":0,"resourceId":"9ebe412a-da86-4d53-a19b-a008389dca6d"},"geometry":{"type":"Point","coordinates":[-45.8041645665,-23.1612117336]}},{"type":"Feature","id":"2688521","properties":{"period":"2025-10","date":"08/10/2025","hour":"08:24","type":"NAO DISPONIVEL","turn":"MANHA","roadType":"VIAS URBANAS","street":"AVENIDA PERSEU","fatal":false,"fatalVictims":0,"seriousVictims":0,"pedestrian":0,"bicycle":0,"motorcycle":1,"automobile":0,"bus":0,"truck":0,"resourceId":"9ebe412a-da86-4d53-a19b-a008389dca6d"},"geometry":{"type":"Point","coordinates":[-45.8906459,-23.2328234]}},{"type":"Feature","id":"2746471","properties":{"period":"2025-10","date":"09/10/2025","hour":"17:45","type":"OUTROS","turn":"TARDE","roadType":"ESTRADAS E RODOVIAS","street":"BR 116","fatal":false,"fatalVictims":0,"seriousVictims":0,"pedestrian":0,"bicycle":0,"motorcycle":1,"automobile":0,"bus":0,"truck":0,"resourceId":"9ebe412a-da86-4d53-a19b-a008389dca6d"},"geometry":{"type":"Point","coordinates":[-45.83470971,-23.177181758]}},{"type":"Feature","id":"2698853","properties":{"period":"2025-10","date":"13/10/2025","hour":"22:20","type":"COLISAO","turn":"NOITE","roadType":"VIAS URBANAS","street":"SP 070","fatal":false,"fatalVictims":0,"seriousVictims":0,"pedestrian":0,"bicycle":0,"motorcycle":0,"automobile":1,"bus":0,"truck":1,"resourceId":"9ebe412a-da86-4d53-a19b-a008389dca6d"},"geometry":{"type":"Point","coordinates":[-45.8086529,-23.2629792]}},{"type":"Feature","id":"2682488","properties":{"period":"2025-10","date":"13/10/2025","hour":"19:11","type":"OUTROS","turn":"NOITE","roadType":"VIAS URBANAS","street":"RUA SERRA DO JAPI","fatal":false,"fatalVictims":0,"seriousVictims":1,"pedestrian":0,"bicycle":1,"motorcycle":0,"automobile":1,"bus":0,"truck":0,"resourceId":"9ebe412a-da86-4d53-a19b-a008389dca6d"},"geometry":{"type":"Point","coordinates":[-45.9173973,-23.1593837]}},{"type":"Feature","id":"2690569","properties":{"period":"2025-10","date":"05/10/2025","hour":"23:44","type":"OUTROS","turn":"NOITE","roadType":"VIAS URBANAS","street":"AVENIDA CIDADE JARDIM","fatal":false,"fatalVictims":0,"seriousVictims":0,"pedestrian":0,"bicycle":0,"motorcycle":1,"automobile":0,"bus":0,"truck":0,"resourceId":"9ebe412a-da86-4d53-a19b-a008389dca6d"},"geometry":{"type":"Point","coordinates":[-45.8816515,-23.2419766]}},{"type":"Feature","id":"2747106","properties":{"period":"2025-10","date":"07/10/2025","hour":"18:20","type":"COLISAO","turn":"NOITE","roadType":"ESTRADAS E RODOVIAS","street":"BR 116","fatal":false,"fatalVictims":0,"seriousVictims":0,"pedestrian":0,"bicycle":0,"motorcycle":1,"automobile":1,"bus":0,"truck":0,"resourceId":"9ebe412a-da86-4d53-a19b-a008389dca6d"},"geometry":{"type":"Point","coordinates":[-45.8658086399,-23.1920391312]}},{"type":"Feature","id":"2694047","properties":{"period":"2025-10","date":"09/10/2025","hour":"13:36","type":"NAO DISPONIVEL","turn":"TARDE","roadType":"VIAS URBANAS","street":"RUA BACABAL","fatal":false,"fatalVictims":0,"seriousVictims":0,"pedestrian":0,"bicycle":0,"motorcycle":0,"automobile":0,"bus":0,"truck":0,"resourceId":"9ebe412a-da86-4d53-a19b-a008389dca6d"},"geometry":{"type":"Point","coordinates":[-45.9079522,-23.2458937]}},{"type":"Feature","id":"2685827","properties":{"period":"2025-10","date":"12/10/2025","hour":"14:28","type":"COLISAO","turn":"TARDE","roadType":"VIAS URBANAS","street":"AVENIDA TIVOLI","fatal":false,"fatalVictims":0,"seriousVictims":0,"pedestrian":0,"bicycle":0,"motorcycle":1,"automobile":0,"bus":0,"truck":0,"resourceId":"9ebe412a-da86-4d53-a19b-a008389dca6d"},"geometry":{"type":"Point","coordinates":[-45.8909171,-23.2083617]}},{"type":"Feature","id":"2682322","properties":{"period":"2025-10","date":"13/10/2025","hour":"18:45","type":"COLISAO","turn":"NOITE","roadType":"VIAS URBANAS","street":"AVENIDA GUADALUPE","fatal":false,"fatalVictims":0,"seriousVictims":0,"pedestrian":0,"bicycle":0,"motorcycle":2,"automobile":0,"bus":0,"truck":0,"resourceId":"9ebe412a-da86-4d53-a19b-a008389dca6d"},"geometry":{"type":"Point","coordinates":[-45.899881,-23.2316042]}},{"type":"Feature","id":"2683563","properties":{"period":"2025-10","date":"13/10/2025","hour":"19:37","type":"ATROPELAMENTO","turn":"NOITE","roadType":"VIAS URBANAS","street":"ANEL VIARIO","fatal":false,"fatalVictims":0,"seriousVictims":1,"pedestrian":3,"bicycle":0,"motorcycle":1,"automobile":1,"bus":0,"truck":0,"resourceId":"9ebe412a-da86-4d53-a19b-a008389dca6d"},"geometry":{"type":"Point","coordinates":[-45.96174504,-23.16267487]}},{"type":"Feature","id":"2682984","properties":{"period":"2025-10","date":"05/10/2025","hour":"11:16","type":"COLISAO","turn":"MANHA","roadType":"VIAS URBANAS","street":"AVENIDA SAO FRANCISCO DE ASSIS","fatal":false,"fatalVictims":0,"seriousVictims":0,"pedestrian":0,"bicycle":0,"motorcycle":1,"automobile":1,"bus":0,"truck":0,"resourceId":"9ebe412a-da86-4d53-a19b-a008389dca6d"},"geometry":{"type":"Point","coordinates":[-45.8340884,-23.2554618]}},{"type":"Feature","id":"2685493","properties":{"period":"2025-10","date":"07/10/2025","hour":"03:10","type":"OUTROS","turn":"MADRUGADA","roadType":"VIAS URBANAS","street":"SP 070","fatal":false,"fatalVictims":0,"seriousVictims":0,"pedestrian":0,"bicycle":0,"motorcycle":0,"automobile":0,"bus":0,"truck":1,"resourceId":"9ebe412a-da86-4d53-a19b-a008389dca6d"},"geometry":{"type":"Point","coordinates":[-45.7945830799,-23.2505024694]}},{"type":"Feature","id":"2683664","properties":{"period":"2025-10","date":"08/10/2025","hour":"03:54","type":"COLISAO","turn":"MADRUGADA","roadType":"VIAS URBANAS","street":"RUA DOIS","fatal":false,"fatalVictims":0,"seriousVictims":0,"pedestrian":0,"bicycle":0,"motorcycle":0,"automobile":1,"bus":0,"truck":0,"resourceId":"9ebe412a-da86-4d53-a19b-a008389dca6d"},"geometry":{"type":"Point","coordinates":[-45.83657314,-23.17848019]}},{"type":"Feature","id":"2687534","properties":{"period":"2025-10","date":"09/10/2025","hour":"07:56","type":"NAO DISPONIVEL","turn":"MANHA","roadType":"VIAS URBANAS","street":"RUA SAIGIRO NAKAMURA","fatal":false,"fatalVictims":0,"seriousVictims":0,"pedestrian":0,"bicycle":0,"motorcycle":0,"automobile":0,"bus":0,"truck":0,"resourceId":"9ebe412a-da86-4d53-a19b-a008389dca6d"},"geometry":{"type":"Point","coordinates":[-45.855122,-23.1814909]}},{"type":"Feature","id":"2686617","properties":{"period":"2025-10","date":"10/10/2025","hour":"23:10","type":"CHOQUE","turn":"NOITE","roadType":"VIAS URBANAS","street":"SP 070","fatal":false,"fatalVictims":0,"seriousVictims":0,"pedestrian":0,"bicycle":0,"motorcycle":0,"automobile":1,"bus":0,"truck":0,"resourceId":"9ebe412a-da86-4d53-a19b-a008389dca6d"},"geometry":{"type":"Point","coordinates":[-45.8086529,-23.2629792]}},{"type":"Feature","id":"2691063","properties":{"period":"2025-10","date":"13/10/2025","hour":"10:47","type":"ATROPELAMENTO","turn":"MANHA","roadType":"VIAS URBANAS","street":"RUA CARAVELAS","fatal":false,"fatalVictims":0,"seriousVictims":0,"pedestrian":1,"bicycle":0,"motorcycle":1,"automobile":0,"bus":0,"truck":0,"resourceId":"9ebe412a-da86-4d53-a19b-a008389dca6d"},"geometry":{"type":"Point","coordinates":[-45.9123308,-23.2623733]}},{"type":"Feature","id":"2695230","properties":{"period":"2025-10","date":"06/10/2025","hour":"08:00","type":"COLISAO","turn":"MANHA","roadType":"VIAS URBANAS","street":"RUA CECILIA SIMAO","fatal":false,"fatalVictims":0,"seriousVictims":0,"pedestrian":0,"bicycle":0,"motorcycle":0,"automobile":0,"bus":0,"truck":0,"resourceId":"9ebe412a-da86-4d53-a19b-a008389dca6d"},"geometry":{"type":"Point","coordinates":[-45.90018227,-23.24086412]}},{"type":"Feature","id":"2687489","properties":{"period":"2025-10","date":"08/10/2025","hour":"07:16","type":"COLISAO","turn":"MANHA","roadType":"VIAS URBANAS","street":"ESTRADA JUCA CARVALHO","fatal":false,"fatalVictims":0,"seriousVictims":1,"pedestrian":0,"bicycle":0,"motorcycle":0,"automobile":2,"bus":0,"truck":0,"resourceId":"9ebe412a-da86-4d53-a19b-a008389dca6d"},"geometry":{"type":"Point","coordinates":[-45.9172228,-23.14974263]}},{"type":"Feature","id":"2747077","properties":{"period":"2025-10","date":"10/10/2025","hour":"22:38","type":"COLISAO","turn":"NOITE","roadType":"ESTRADAS E RODOVIAS","street":"BR 116","fatal":false,"fatalVictims":0,"seriousVictims":0,"pedestrian":0,"bicycle":0,"motorcycle":0,"automobile":0,"bus":1,"truck":1,"resourceId":"9ebe412a-da86-4d53-a19b-a008389dca6d"},"geometry":{"type":"Point","coordinates":[-45.8472144903,-23.1829908765]}},{"type":"Feature","id":"2687306","properties":{"period":"2025-10","date":"05/10/2025","hour":"16:42","type":"COLISAO","turn":"TARDE","roadType":"VIAS URBANAS","street":"AVENIDA CIDADE JARDIM","fatal":false,"fatalVictims":0,"seriousVictims":0,"pedestrian":0,"bicycle":0,"motorcycle":1,"automobile":1,"bus":0,"truck":0,"resourceId":"9ebe412a-da86-4d53-a19b-a008389dca6d"},"geometry":{"type":"Point","coordinates":[-45.8883432,-23.2170145]}},{"type":"Feature","id":"2684529","properties":{"period":"2025-10","date":"10/10/2025","hour":"20:28","type":"ATROPELAMENTO","turn":"NOITE","roadType":"VIAS URBANAS","street":"RUA APARECIDA MARIA CONSIGLIO","fatal":false,"fatalVictims":0,"seriousVictims":0,"pedestrian":1,"bicycle":0,"motorcycle":0,"automobile":0,"bus":0,"truck":0,"resourceId":"9ebe412a-da86-4d53-a19b-a008389dca6d"},"geometry":{"type":"Point","coordinates":[-45.796395,-23.1881981]}},{"type":"Feature","id":"2685807","properties":{"period":"2025-10","date":"10/10/2025","hour":"23:53","type":"ATROPELAMENTO","turn":"NOITE","roadType":"VIAS URBANAS","street":"ESTRADA MUNICIPAL JOSE BENEDITO DE OLIVEIRA","fatal":false,"fatalVictims":0,"seriousVictims":0,"pedestrian":2,"bicycle":0,"motorcycle":0,"automobile":0,"bus":0,"truck":0,"resourceId":"9ebe412a-da86-4d53-a19b-a008389dca6d"},"geometry":{"type":"Point","coordinates":[-45.9349976,-23.1100812]}},{"type":"Feature","id":"2690605","properties":{"period":"2025-10","date":"10/10/2025","hour":"09:47","type":"ATROPELAMENTO","turn":"MANHA","roadType":"VIAS URBANAS","street":"RUA ENGENHEIRO PRUDENTE MEIRELES DE MORAIS","fatal":false,"fatalVictims":0,"seriousVictims":0,"pedestrian":1,"bicycle":0,"motorcycle":0,"automobile":1,"bus":0,"truck":0,"resourceId":"9ebe412a-da86-4d53-a19b-a008389dca6d"},"geometry":{"type":"Point","coordinates":[-45.8982118,-23.1961731]}},{"type":"Feature","id":"2682086","properties":{"period":"2025-10","date":"06/10/2025","hour":"17:46","type":"COLISAO","turn":"TARDE","roadType":"VIAS URBANAS","street":"RUA PROFESSOR ROBERVAL FROES","fatal":false,"fatalVictims":0,"seriousVictims":0,"pedestrian":0,"bicycle":0,"motorcycle":1,"automobile":1,"bus":0,"truck":0,"resourceId":"9ebe412a-da86-4d53-a19b-a008389dca6d"},"geometry":{"type":"Point","coordinates":[-45.9081841,-23.1962576]}},{"type":"Feature","id":"2694694","properties":{"period":"2025-10","date":"06/10/2025","hour":"13:30","type":"COLISAO","turn":"TARDE","roadType":"VIAS URBANAS","street":"AVENIDA ANDROMEDA","fatal":false,"fatalVictims":0,"seriousVictims":0,"pedestrian":0,"bicycle":0,"motorcycle":1,"automobile":0,"bus":0,"truck":0,"resourceId":"9ebe412a-da86-4d53-a19b-a008389dca6d"},"geometry":{"type":"Point","coordinates":[-45.8953236,-23.2160601]}},{"type":"Feature","id":"2679814","properties":{"period":"2025-10","date":"08/10/2025","hour":"18:55","type":"ATROPELAMENTO","turn":"NOITE","roadType":"VIAS URBANAS","street":"AVENIDA DOS EVANGELICOS","fatal":false,"fatalVictims":0,"seriousVictims":0,"pedestrian":1,"bicycle":0,"motorcycle":0,"automobile":0,"bus":0,"truck":0,"resourceId":"9ebe412a-da86-4d53-a19b-a008389dca6d"},"geometry":{"type":"Point","coordinates":[-45.8909086,-23.2666379]}},{"type":"Feature","id":"2686018","properties":{"period":"2025-10","date":"09/10/2025","hour":"06:33","type":"COLISAO","turn":"MANHA","roadType":"VIAS URBANAS","street":"RUA MANOEL BOSCO RIBEIRO","fatal":false,"fatalVictims":0,"seriousVictims":0,"pedestrian":0,"bicycle":0,"motorcycle":1,"automobile":1,"bus":0,"truck":0,"resourceId":"9ebe412a-da86-4d53-a19b-a008389dca6d"},"geometry":{"type":"Point","coordinates":[-45.9261539,-23.2300893]}},{"type":"Feature","id":"2694320","properties":{"period":"2025-10","date":"09/10/2025","hour":"14:34","type":"COLISAO","turn":"TARDE","roadType":"VIAS URBANAS","street":"AV BENEDITO BENTO","fatal":false,"fatalVictims":0,"seriousVictims":0,"pedestrian":0,"bicycle":0,"motorcycle":1,"automobile":1,"bus":0,"truck":0,"resourceId":"9ebe412a-da86-4d53-a19b-a008389dca6d"},"geometry":{"type":"Point","coordinates":[-45.906944,-23.250167]}},{"type":"Feature","id":"2686710","properties":{"period":"2025-10","date":"11/10/2025","hour":"21:27","type":"COLISAO","turn":"NOITE","roadType":"VIAS URBANAS","street":"AVENIDA JOAO BATISTA DE SOUZA SOARES","fatal":false,"fatalVictims":0,"seriousVictims":0,"pedestrian":0,"bicycle":0,"motorcycle":1,"automobile":1,"bus":0,"truck":0,"resourceId":"9ebe412a-da86-4d53-a19b-a008389dca6d"},"geometry":{"type":"Point","coordinates":[-45.9066653,-23.2444514]}},{"type":"Feature","id":"2688541","properties":{"period":"2025-10","date":"11/10/2025","hour":"21:56","type":"COLISAO","turn":"NOITE","roadType":"VIAS URBANAS","street":"RUA SARGENTO ANTONIO CELSO DE SOUZA","fatal":false,"fatalVictims":0,"seriousVictims":0,"pedestrian":0,"bicycle":0,"motorcycle":1,"automobile":1,"bus":0,"truck":0,"resourceId":"9ebe412a-da86-4d53-a19b-a008389dca6d"},"geometry":{"type":"Point","coordinates":[-45.8286634,-23.239456]}},{"type":"Feature","id":"2746370","properties":{"period":"2025-10","date":"05/10/2025","hour":"19:00","type":"COLISAO","turn":"NOITE","roadType":"ESTRADAS E RODOVIAS","street":"BR 116","fatal":false,"fatalVictims":0,"seriousVictims":0,"pedestrian":0,"bicycle":0,"motorcycle":1,"automobile":1,"bus":0,"truck":0,"resourceId":"9ebe412a-da86-4d53-a19b-a008389dca6d"},"geometry":{"type":"Point","coordinates":[-45.8382825713,-23.1788413621]}},{"type":"Feature","id":"2692583","properties":{"period":"2025-10","date":"06/10/2025","hour":"13:37","type":"COLISAO","turn":"TARDE","roadType":"VIAS URBANAS","street":"RUA TERESA ANTONIO","fatal":false,"fatalVictims":0,"seriousVictims":0,"pedestrian":0,"bicycle":0,"motorcycle":0,"automobile":0,"bus":0,"truck":0,"resourceId":"9ebe412a-da86-4d53-a19b-a008389dca6d"},"geometry":{"type":"Point","coordinates":[-45.8312601,-23.240697]}},{"type":"Feature","id":"2744915","properties":{"period":"2025-10","date":"10/10/2025","hour":"07:15","type":"OUTROS","turn":"MANHA","roadType":"ESTRADAS E RODOVIAS","street":"BR 116","fatal":false,"fatalVictims":0,"seriousVictims":0,"pedestrian":0,"bicycle":0,"motorcycle":0,"automobile":3,"bus":0,"truck":0,"resourceId":"9ebe412a-da86-4d53-a19b-a008389dca6d"},"geometry":{"type":"Point","coordinates":[-45.8693179094,-23.1938292852]}},{"type":"Feature","id":"2678845","properties":{"period":"2025-10","date":"05/10/2025","hour":"20:15","type":"COLISAO","turn":"NOITE","roadType":"ESTRADAS E RODOVIAS","street":"BR 116","fatal":true,"fatalVictims":1,"seriousVictims":0,"pedestrian":0,"bicycle":0,"motorcycle":1,"automobile":1,"bus":0,"truck":0,"resourceId":"9ebe412a-da86-4d53-a19b-a008389dca6d"},"geometry":{"type":"Point","coordinates":[-45.9274189147,-23.2449722376]}},{"type":"Feature","id":"2683187","properties":{"period":"2025-10","date":"05/10/2025","hour":"11:57","type":"COLISAO","turn":"MANHA","roadType":"VIAS URBANAS","street":"VIA CAMBUI","fatal":false,"fatalVictims":0,"seriousVictims":0,"pedestrian":0,"bicycle":0,"motorcycle":0,"automobile":2,"bus":0,"truck":0,"resourceId":"9ebe412a-da86-4d53-a19b-a008389dca6d"},"geometry":{"type":"Point","coordinates":[-45.8442309,-23.2090137]}},{"type":"Feature","id":"2681717","properties":{"period":"2025-10","date":"08/10/2025","hour":"21:01","type":"COLISAO","turn":"NOITE","roadType":"VIAS URBANAS","street":"RUA OITO","fatal":false,"fatalVictims":0,"seriousVictims":0,"pedestrian":0,"bicycle":0,"motorcycle":1,"automobile":1,"bus":0,"truck":0,"resourceId":"9ebe412a-da86-4d53-a19b-a008389dca6d"},"geometry":{"type":"Point","coordinates":[-45.8160878,-23.2323008]}},{"type":"Feature","id":"2687903","properties":{"period":"2025-10","date":"09/10/2025","hour":"07:49","type":"OUTROS","turn":"MANHA","roadType":"VIAS URBANAS","street":"ESTRADA JOEL DE PAULA","fatal":false,"fatalVictims":0,"seriousVictims":0,"pedestrian":0,"bicycle":0,"motorcycle":1,"automobile":0,"bus":0,"truck":0,"resourceId":"9ebe412a-da86-4d53-a19b-a008389dca6d"},"geometry":{"type":"Point","coordinates":[-45.7857127,-23.157451]}},{"type":"Feature","id":"2693511","properties":{"period":"2025-10","date":"09/10/2025","hour":"13:04","type":"ATROPELAMENTO","turn":"TARDE","roadType":"VIAS URBANAS","street":"RUA JOAO RODOLFO CASTELLI","fatal":false,"fatalVictims":0,"seriousVictims":0,"pedestrian":2,"bicycle":0,"motorcycle":0,"automobile":0,"bus":0,"truck":0,"resourceId":"9ebe412a-da86-4d53-a19b-a008389dca6d"},"geometry":{"type":"Point","coordinates":[-45.8114999,-23.1818935]}},{"type":"Feature","id":"2687514","properties":{"period":"2025-10","date":"07/10/2025","hour":"07:05","type":"COLISAO","turn":"MANHA","roadType":"ESTRADAS E RODOVIAS","street":"SP 070","fatal":false,"fatalVictims":0,"seriousVictims":0,"pedestrian":0,"bicycle":0,"motorcycle":0,"automobile":2,"bus":0,"truck":0,"resourceId":"9ebe412a-da86-4d53-a19b-a008389dca6d"},"geometry":{"type":"Point","coordinates":[-45.801199505,-23.2570023836]}},{"type":"Feature","id":"2746461","properties":{"period":"2025-10","date":"07/10/2025","hour":"15:00","type":"OUTROS","turn":"TARDE","roadType":"ESTRADAS E RODOVIAS","street":"BR 116","fatal":false,"fatalVictims":0,"seriousVictims":0,"pedestrian":0,"bicycle":0,"motorcycle":0,"automobile":0,"bus":0,"truck":1,"resourceId":"9ebe412a-da86-4d53-a19b-a008389dca6d"},"geometry":{"type":"Point","coordinates":[-45.7767632305,-23.1477512991]}},{"type":"Feature","id":"2679314","properties":{"period":"2025-10","date":"09/10/2025","hour":"17:37","type":"COLISAO","turn":"TARDE","roadType":"VIAS URBANAS","street":"RUA PORTO RICO","fatal":false,"fatalVictims":0,"seriousVictims":1,"pedestrian":0,"bicycle":0,"motorcycle":1,"automobile":0,"bus":0,"truck":0,"resourceId":"9ebe412a-da86-4d53-a19b-a008389dca6d"},"geometry":{"type":"Point","coordinates":[-45.8378458,-23.1795284]}},{"type":"Feature","id":"2746297","properties":{"period":"2025-10","date":"10/10/2025","hour":"08:50","type":"OUTROS","turn":"MANHA","roadType":"ESTRADAS E RODOVIAS","street":"BR 116","fatal":false,"fatalVictims":0,"seriousVictims":0,"pedestrian":0,"bicycle":0,"motorcycle":1,"automobile":0,"bus":0,"truck":0,"resourceId":"9ebe412a-da86-4d53-a19b-a008389dca6d"},"geometry":{"type":"Point","coordinates":[-45.7953084671,-23.1569030265]}},{"type":"Feature","id":"2746520","properties":{"period":"2025-10","date":"10/10/2025","hour":"21:53","type":"COLISAO","turn":"NOITE","roadType":"ESTRADAS E RODOVIAS","street":"BR 116","fatal":false,"fatalVictims":0,"seriousVictims":0,"pedestrian":0,"bicycle":0,"motorcycle":0,"automobile":1,"bus":0,"truck":1,"resourceId":"9ebe412a-da86-4d53-a19b-a008389dca6d"},"geometry":{"type":"Point","coordinates":[-45.7688280881,-23.1438137088]}},{"type":"Feature","id":"2744959","properties":{"period":"2025-10","date":"13/10/2025","hour":"08:00","type":"COLISAO","turn":"MANHA","roadType":"ESTRADAS E RODOVIAS","street":"BR 116","fatal":false,"fatalVictims":0,"seriousVictims":1,"pedestrian":0,"bicycle":0,"motorcycle":1,"automobile":1,"bus":0,"truck":0,"resourceId":"9ebe412a-da86-4d53-a19b-a008389dca6d"},"geometry":{"type":"Point","coordinates":[-45.7688280881,-23.1438137088]}},{"type":"Feature","id":"2688745","properties":{"period":"2025-10","date":"05/10/2025","hour":"22:59","type":"NAO DISPONIVEL","turn":"NOITE","roadType":"ESTRADAS E RODOVIAS","street":"BR 116","fatal":false,"fatalVictims":0,"seriousVictims":0,"pedestrian":0,"bicycle":0,"motorcycle":0,"automobile":0,"bus":0,"truck":0,"resourceId":"9ebe412a-da86-4d53-a19b-a008389dca6d"},"geometry":{"type":"Point","coordinates":[-45.9357737511,-23.2503122305]}},{"type":"Feature","id":"2688378","properties":{"period":"2025-10","date":"05/10/2025","hour":"21:19","type":"OUTROS","turn":"NOITE","roadType":"VIAS URBANAS","street":"ESTRADA DOUTOR BEZERRA DE MENEZES","fatal":false,"fatalVictims":0,"seriousVictims":0,"pedestrian":0,"bicycle":0,"motorcycle":0,"automobile":1,"bus":0,"truck":0,"resourceId":"9ebe412a-da86-4d53-a19b-a008389dca6d"},"geometry":{"type":"Point","coordinates":[-45.861709,-23.247779]}},{"type":"Feature","id":"2687418","properties":{"period":"2025-10","date":"09/10/2025","hour":"07:52","type":"COLISAO","turn":"MANHA","roadType":"VIAS URBANAS","street":"AVENIDA OURO FINO","fatal":false,"fatalVictims":0,"seriousVictims":0,"pedestrian":0,"bicycle":0,"motorcycle":1,"automobile":1,"bus":0,"truck":0,"resourceId":"9ebe412a-da86-4d53-a19b-a008389dca6d"},"geometry":{"type":"Point","coordinates":[-45.8885351,-23.2430372]}},{"type":"Feature","id":"2744914","properties":{"period":"2025-10","date":"09/10/2025","hour":"13:15","type":"COLISAO","turn":"TARDE","roadType":"ESTRADAS E RODOVIAS","street":"BR 116","fatal":false,"fatalVictims":0,"seriousVictims":0,"pedestrian":0,"bicycle":0,"motorcycle":0,"automobile":1,"bus":0,"truck":1,"resourceId":"9ebe412a-da86-4d53-a19b-a008389dca6d"},"geometry":{"type":"Point","coordinates":[-45.8481077544,-23.1834056725]}},{"type":"Feature","id":"2680630","properties":{"period":"2025-10","date":"10/10/2025","hour":"16:44","type":"ATROPELAMENTO","turn":"TARDE","roadType":"VIAS URBANAS","street":"AVENIDA JOAQUIM MOREIRA AVILA","fatal":false,"fatalVictims":0,"seriousVictims":0,"pedestrian":1,"bicycle":0,"motorcycle":0,"automobile":0,"bus":0,"truck":0,"resourceId":"9ebe412a-da86-4d53-a19b-a008389dca6d"},"geometry":{"type":"Point","coordinates":[-45.9115683,-23.1536017]}},{"type":"Feature","id":"2694005","properties":{"period":"2025-10","date":"12/10/2025","hour":"03:19","type":"COLISAO","turn":"MADRUGADA","roadType":"VIAS URBANAS","street":"PRESIDENTE DUTRA","fatal":false,"fatalVictims":0,"seriousVictims":0,"pedestrian":0,"bicycle":0,"motorcycle":0,"automobile":2,"bus":0,"truck":0,"resourceId":"9ebe412a-da86-4d53-a19b-a008389dca6d"},"geometry":{"type":"Point","coordinates":[-45.8523225,-23.1857079]}},{"type":"Feature","id":"2691936","properties":{"period":"2025-10","date":"13/10/2025","hour":"09:00","type":"OUTROS","turn":"MANHA","roadType":"ESTRADAS E RODOVIAS","street":"SP 070","fatal":false,"fatalVictims":0,"seriousVictims":0,"pedestrian":0,"bicycle":0,"motorcycle":0,"automobile":1,"bus":0,"truck":0,"resourceId":"9ebe412a-da86-4d53-a19b-a008389dca6d"},"geometry":{"type":"Point","coordinates":[-45.8626357901,-23.2850410386]}},{"type":"Feature","id":"2693119","properties":{"period":"2025-10","date":"13/10/2025","hour":"12:20","type":"COLISAO","turn":"TARDE","roadType":"VIAS URBANAS","street":"RUA MANOEL SALDANHA","fatal":false,"fatalVictims":0,"seriousVictims":0,"pedestrian":0,"bicycle":0,"motorcycle":1,"automobile":1,"bus":0,"truck":0,"resourceId":"9ebe412a-da86-4d53-a19b-a008389dca6d"},"geometry":{"type":"Point","coordinates":[-45.91333456,-23.19844782]}},{"type":"Feature","id":"2688400","properties":{"period":"2025-10","date":"17/10/2025","hour":"07:12","type":"COLISAO","turn":"MANHA","roadType":"VIAS URBANAS","street":"MIRANTE DO ANEL VIARIO VILA ZELFA","fatal":false,"fatalVictims":0,"seriousVictims":0,"pedestrian":0,"bicycle":0,"motorcycle":1,"automobile":1,"bus":0,"truck":0,"resourceId":"9ebe412a-da86-4d53-a19b-a008389dca6d"},"geometry":{"type":"Point","coordinates":[-45.8946444,-23.2088412]}},{"type":"Feature","id":"2744934","properties":{"period":"2025-10","date":"17/10/2025","hour":"10:40","type":"COLISAO","turn":"MANHA","roadType":"ESTRADAS E RODOVIAS","street":"BR 116","fatal":false,"fatalVictims":0,"seriousVictims":0,"pedestrian":0,"bicycle":0,"motorcycle":0,"automobile":5,"bus":0,"truck":0,"resourceId":"9ebe412a-da86-4d53-a19b-a008389dca6d"},"geometry":{"type":"Point","coordinates":[-45.7767632305,-23.1477512991]}},{"type":"Feature","id":"2683809","properties":{"period":"2025-10","date":"23/10/2025","hour":"19:19","type":"COLISAO","turn":"NOITE","roadType":"VIAS URBANAS","street":"AVENIDA JOAO BATISTA DE SOUZA SOARES","fatal":false,"fatalVictims":0,"seriousVictims":0,"pedestrian":0,"bicycle":0,"motorcycle":1,"automobile":1,"bus":0,"truck":0,"resourceId":"9ebe412a-da86-4d53-a19b-a008389dca6d"},"geometry":{"type":"Point","coordinates":[-45.9086869,-23.2518879]}},{"type":"Feature","id":"2698504","properties":{"period":"2025-10","date":"14/10/2025","hour":"16:09","type":"COLISAO","turn":"TARDE","roadType":"VIAS URBANAS","street":"RUA MARTINS FONTES","fatal":false,"fatalVictims":0,"seriousVictims":1,"pedestrian":0,"bicycle":0,"motorcycle":1,"automobile":1,"bus":0,"truck":0,"resourceId":"9ebe412a-da86-4d53-a19b-a008389dca6d"},"geometry":{"type":"Point","coordinates":[-45.8746214,-23.1808275]}},{"type":"Feature","id":"2699001","properties":{"period":"2025-10","date":"16/10/2025","hour":"22:43","type":"OUTROS","turn":"NOITE","roadType":"VIAS URBANAS","street":"SP 099","fatal":false,"fatalVictims":0,"seriousVictims":0,"pedestrian":0,"bicycle":0,"motorcycle":0,"automobile":1,"bus":0,"truck":1,"resourceId":"9ebe412a-da86-4d53-a19b-a008389dca6d"},"geometry":{"type":"Point","coordinates":[-45.881662,-23.2150861673]}},{"type":"Feature","id":"2683988","properties":{"period":"2025-10","date":"16/10/2025","hour":"18:36","type":"COLISAO","turn":"NOITE","roadType":"VIAS URBANAS","street":"AVENIDA OURO FINO","fatal":false,"fatalVictims":0,"seriousVictims":0,"pedestrian":0,"bicycle":0,"motorcycle":1,"automobile":1,"bus":0,"truck":0,"resourceId":"9ebe412a-da86-4d53-a19b-a008389dca6d"},"geometry":{"type":"Point","coordinates":[-45.889746,-23.2642112]}},{"type":"Feature","id":"2747086","properties":{"period":"2025-10","date":"17/10/2025","hour":"07:30","type":"COLISAO","turn":"MANHA","roadType":"ESTRADAS E RODOVIAS","street":"BR 116","fatal":false,"fatalVictims":0,"seriousVictims":0,"pedestrian":0,"bicycle":0,"motorcycle":1,"automobile":1,"bus":0,"truck":0,"resourceId":"9ebe412a-da86-4d53-a19b-a008389dca6d"},"geometry":{"type":"Point","coordinates":[-45.8294314394,-23.1745271021]}},{"type":"Feature","id":"2698555","properties":{"period":"2025-10","date":"14/10/2025","hour":"17:14","type":"COLISAO","turn":"TARDE","roadType":"VIAS URBANAS","street":"RUA PEDRO RACHID","fatal":false,"fatalVictims":0,"seriousVictims":0,"pedestrian":0,"bicycle":0,"motorcycle":2,"automobile":0,"bus":0,"truck":0,"resourceId":"9ebe412a-da86-4d53-a19b-a008389dca6d"},"geometry":{"type":"Point","coordinates":[-45.9020754,-23.1644929]}},{"type":"Feature","id":"2699401","properties":{"period":"2025-10","date":"14/10/2025","hour":"15:31","type":"ATROPELAMENTO","turn":"TARDE","roadType":"VIAS URBANAS","street":"AVENIDA ANDROMEDA","fatal":false,"fatalVictims":0,"seriousVictims":0,"pedestrian":1,"bicycle":0,"motorcycle":0,"automobile":1,"bus":0,"truck":0,"resourceId":"9ebe412a-da86-4d53-a19b-a008389dca6d"},"geometry":{"type":"Point","coordinates":[-45.8861095,-23.2243729]}},{"type":"Feature","id":"2678987","properties":{"period":"2025-10","date":"16/10/2025","hour":"12:25","type":"ATROPELAMENTO","turn":"TARDE","roadType":"VIAS URBANAS","street":"AVENIDA MARILISE MARTINS DOS SANTOS","fatal":true,"fatalVictims":1,"seriousVictims":0,"pedestrian":1,"bicycle":0,"motorcycle":0,"automobile":0,"bus":0,"truck":1,"resourceId":"9ebe412a-da86-4d53-a19b-a008389dca6d"},"geometry":{"type":"Point","coordinates":[-45.8047369621,-23.1573644407]}},{"type":"Feature","id":"2683671","properties":{"period":"2025-10","date":"16/10/2025","hour":"19:16","type":"COLISAO","turn":"NOITE","roadType":"VIAS URBANAS","street":"RUA ANTONIO JOSE MATOS LIMA","fatal":false,"fatalVictims":0,"seriousVictims":0,"pedestrian":0,"bicycle":0,"motorcycle":0,"automobile":1,"bus":0,"truck":0,"resourceId":"9ebe412a-da86-4d53-a19b-a008389dca6d"},"geometry":{"type":"Point","coordinates":[-45.9052244,-23.2695857]}},{"type":"Feature","id":"2695353","properties":{"period":"2025-10","date":"18/10/2025","hour":"12:27","type":"COLISAO","turn":"TARDE","roadType":"VIAS URBANAS","street":"AVENIDA PROFESSOR SEBASTIAO PAULO DE TOLEDO PONTES","fatal":false,"fatalVictims":0,"seriousVictims":0,"pedestrian":0,"bicycle":1,"motorcycle":0,"automobile":1,"bus":0,"truck":0,"resourceId":"9ebe412a-da86-4d53-a19b-a008389dca6d"},"geometry":{"type":"Point","coordinates":[-45.85648522,-23.17603406]}},{"type":"Feature","id":"2688308","properties":{"period":"2025-10","date":"21/10/2025","hour":"07:01","type":"COLISAO","turn":"MANHA","roadType":"VIAS URBANAS","street":"PRACA YAMAGATA","fatal":false,"fatalVictims":0,"seriousVictims":0,"pedestrian":0,"bicycle":0,"motorcycle":1,"automobile":0,"bus":0,"truck":0,"resourceId":"9ebe412a-da86-4d53-a19b-a008389dca6d"},"geometry":{"type":"Point","coordinates":[-45.8978508,-23.2427963]}},{"type":"Feature","id":"2746276","properties":{"period":"2025-10","date":"22/10/2025","hour":"18:40","type":"COLISAO","turn":"NOITE","roadType":"ESTRADAS E RODOVIAS","street":"BR 116","fatal":false,"fatalVictims":0,"seriousVictims":0,"pedestrian":0,"bicycle":0,"motorcycle":1,"automobile":1,"bus":0,"truck":0,"resourceId":"9ebe412a-da86-4d53-a19b-a008389dca6d"},"geometry":{"type":"Point","coordinates":[-45.8241813896,-23.1718148835]}},{"type":"Feature","id":"2682533","properties":{"period":"2025-10","date":"14/10/2025","hour":"18:45","type":"COLISAO","turn":"NOITE","roadType":"VIAS URBANAS","street":"MONTEIRO LOBATO","fatal":false,"fatalVictims":0,"seriousVictims":1,"pedestrian":0,"bicycle":0,"motorcycle":1,"automobile":0,"bus":0,"truck":0,"resourceId":"9ebe412a-da86-4d53-a19b-a008389dca6d"},"geometry":{"type":"Point","coordinates":[-45.9078506,-23.1368693]}},{"type":"Feature","id":"2746163","properties":{"period":"2025-10","date":"17/10/2025","hour":"19:30","type":"OUTROS","turn":"NOITE","roadType":"ESTRADAS E RODOVIAS","street":"BR 116","fatal":false,"fatalVictims":0,"seriousVictims":0,"pedestrian":0,"bicycle":0,"motorcycle":0,"automobile":4,"bus":0,"truck":0,"resourceId":"9ebe412a-da86-4d53-a19b-a008389dca6d"},"geometry":{"type":"Point","coordinates":[-45.9185331921,-23.2370657713]}},{"type":"Feature","id":"2746169","properties":{"period":"2025-10","date":"22/10/2025","hour":"17:40","type":"COLISAO","turn":"TARDE","roadType":"ESTRADAS E RODOVIAS","street":"BR 116","fatal":false,"fatalVictims":0,"seriousVictims":0,"pedestrian":0,"bicycle":0,"motorcycle":1,"automobile":1,"bus":0,"truck":0,"resourceId":"9ebe412a-da86-4d53-a19b-a008389dca6d"},"geometry":{"type":"Point","coordinates":[-45.9027567617,-23.2220202208]}},{"type":"Feature","id":"2693024","properties":{"period":"2025-10","date":"20/10/2025","hour":"10:31","type":"COLISAO","turn":"MANHA","roadType":"VIAS URBANAS","street":"AVENIDA JOAO BATISTA DE SOUZA SOARES","fatal":false,"fatalVictims":0,"seriousVictims":0,"pedestrian":0,"bicycle":0,"motorcycle":1,"automobile":1,"bus":0,"truck":1,"resourceId":"9ebe412a-da86-4d53-a19b-a008389dca6d"},"geometry":{"type":"Point","coordinates":[-45.9100613,-23.2569308]}},{"type":"Feature","id":"2683425","properties":{"period":"2025-10","date":"15/10/2025","hour":"18:11","type":"COLISAO","turn":"NOITE","roadType":"VIAS URBANAS","street":"RUA RESPLENDOR","fatal":false,"fatalVictims":0,"seriousVictims":0,"pedestrian":0,"bicycle":0,"motorcycle":0,"automobile":2,"bus":0,"truck":0,"resourceId":"9ebe412a-da86-4d53-a19b-a008389dca6d"},"geometry":{"type":"Point","coordinates":[-45.9103529,-23.1399992]}},{"type":"Feature","id":"2693204","properties":{"period":"2025-10","date":"15/10/2025","hour":"13:14","type":"COLISAO","turn":"TARDE","roadType":"VIAS URBANAS","street":"RUA JAGUARIUNA","fatal":false,"fatalVictims":0,"seriousVictims":0,"pedestrian":0,"bicycle":0,"motorcycle":1,"automobile":0,"bus":0,"truck":0,"resourceId":"9ebe412a-da86-4d53-a19b-a008389dca6d"},"geometry":{"type":"Point","coordinates":[-45.9337593,-23.16847]}},{"type":"Feature","id":"2683121","properties":{"period":"2025-10","date":"18/10/2025","hour":"17:01","type":"CHOQUE","turn":"TARDE","roadType":"VIAS URBANAS","street":"AVENIDA POSSIDONIO JOSE DE FREITAS","fatal":false,"fatalVictims":0,"seriousVictims":0,"pedestrian":0,"bicycle":0,"motorcycle":0,"automobile":1,"bus":0,"truck":0,"resourceId":"9ebe412a-da86-4d53-a19b-a008389dca6d"},"geometry":{"type":"Point","coordinates":[-45.9319669,-23.1904214]}},{"type":"Feature","id":"2746274","properties":{"period":"2025-10","date":"20/10/2025","hour":"17:00","type":"CHOQUE","turn":"TARDE","roadType":"ESTRADAS E RODOVIAS","street":"BR 116","fatal":false,"fatalVictims":0,"seriousVictims":0,"pedestrian":0,"bicycle":0,"motorcycle":1,"automobile":0,"bus":0,"truck":0,"resourceId":"9ebe412a-da86-4d53-a19b-a008389dca6d"},"geometry":{"type":"Point","coordinates":[-45.8303064477,-23.1749791386]}},{"type":"Feature","id":"2691857","properties":{"period":"2025-10","date":"21/10/2025","hour":"12:20","type":"OUTROS","turn":"TARDE","roadType":"VIAS URBANAS","street":"AVENIDA PRESIDENTE TANCREDO NEVES","fatal":false,"fatalVictims":0,"seriousVictims":0,"pedestrian":0,"bicycle":0,"motorcycle":1,"automobile":0,"bus":0,"truck":0,"resourceId":"9ebe412a-da86-4d53-a19b-a008389dca6d"},"geometry":{"type":"Point","coordinates":[-45.8070661,-23.1831896]}},{"type":"Feature","id":"2693863","properties":{"period":"2025-10","date":"21/10/2025","hour":"14:59","type":"CHOQUE","turn":"TARDE","roadType":"ESTRADAS E RODOVIAS","street":"SP 070","fatal":false,"fatalVictims":0,"seriousVictims":0,"pedestrian":0,"bicycle":0,"motorcycle":0,"automobile":1,"bus":0,"truck":0,"resourceId":"9ebe412a-da86-4d53-a19b-a008389dca6d"},"geometry":{"type":"Point","coordinates":[-45.8351852875,-23.274068876]}},{"type":"Feature","id":"2693291","properties":{"period":"2025-10","date":"22/10/2025","hour":"11:54","type":"COLISAO","turn":"MANHA","roadType":"VIAS URBANAS","street":"AVENIDA JOAO CANDIDO LOPES NETO","fatal":false,"fatalVictims":0,"seriousVictims":0,"pedestrian":0,"bicycle":0,"motorcycle":1,"automobile":1,"bus":0,"truck":0,"resourceId":"9ebe412a-da86-4d53-a19b-a008389dca6d"},"geometry":{"type":"Point","coordinates":[-45.9045115,-23.2457472]}},{"type":"Feature","id":"2683398","properties":{"period":"2025-10","date":"23/10/2025","hour":"19:31","type":"COLISAO","turn":"NOITE","roadType":"VIAS URBANAS","street":"AV LEONOR DE ALMEIDA RIBEIRO SOUTO","fatal":false,"fatalVictims":0,"seriousVictims":0,"pedestrian":0,"bicycle":0,"motorcycle":1,"automobile":1,"bus":0,"truck":0,"resourceId":"9ebe412a-da86-4d53-a19b-a008389dca6d"},"geometry":{"type":"Point","coordinates":[-45.910028,-23.265972]}},{"type":"Feature","id":"2680875","properties":{"period":"2025-10","date":"15/10/2025","hour":"14:59","type":"COLISAO","turn":"TARDE","roadType":"VIAS URBANAS","street":"AVENIDA PRESIDENTE JUSCELINO KUBITSCHEK","fatal":false,"fatalVictims":0,"seriousVictims":0,"pedestrian":0,"bicycle":0,"motorcycle":1,"automobile":1,"bus":0,"truck":0,"resourceId":"9ebe412a-da86-4d53-a19b-a008389dca6d"},"geometry":{"type":"Point","coordinates":[-45.8713184,-23.1859789]}},{"type":"Feature","id":"2699317","properties":{"period":"2025-10","date":"18/10/2025","hour":"23:57","type":"COLISAO","turn":"NOITE","roadType":"VIAS URBANAS","street":"RUA JOAO MIACCI","fatal":false,"fatalVictims":0,"seriousVictims":0,"pedestrian":0,"bicycle":0,"motorcycle":0,"automobile":0,"bus":0,"truck":0,"resourceId":"9ebe412a-da86-4d53-a19b-a008389dca6d"},"geometry":{"type":"Point","coordinates":[-45.8687369,-23.2742363]}},{"type":"Feature","id":"2681709","properties":{"period":"2025-10","date":"19/10/2025","hour":"13:08","type":"COLISAO","turn":"TARDE","roadType":"VIAS URBANAS","street":"AVENIDA MARIA DE LOURDES MEDEIROS DE ASSIS","fatal":false,"fatalVictims":0,"seriousVictims":0,"pedestrian":0,"bicycle":0,"motorcycle":1,"automobile":1,"bus":0,"truck":0,"resourceId":"9ebe412a-da86-4d53-a19b-a008389dca6d"},"geometry":{"type":"Point","coordinates":[-45.8900249,-23.2725105]}},{"type":"Feature","id":"2689937","properties":{"period":"2025-10","date":"21/10/2025","hour":"08:04","type":"COLISAO","turn":"MANHA","roadType":"VIAS URBANAS","street":"RUA CARAVELAS","fatal":false,"fatalVictims":0,"seriousVictims":0,"pedestrian":0,"bicycle":0,"motorcycle":1,"automobile":1,"bus":0,"truck":0,"resourceId":"9ebe412a-da86-4d53-a19b-a008389dca6d"},"geometry":{"type":"Point","coordinates":[-45.9169499,-23.2563812]}},{"type":"Feature","id":"2682572","properties":{"period":"2025-10","date":"22/10/2025","hour":"19:37","type":"COLISAO","turn":"NOITE","roadType":"VIAS URBANAS","street":"RUA DIAS GOMES","fatal":false,"fatalVictims":0,"seriousVictims":0,"pedestrian":0,"bicycle":0,"motorcycle":0,"automobile":1,"bus":0,"truck":0,"resourceId":"9ebe412a-da86-4d53-a19b-a008389dca6d"},"geometry":{"type":"Point","coordinates":[-45.8650714,-23.2739107]}},{"type":"Feature","id":"2679771","properties":{"period":"2025-10","date":"19/10/2025","hour":"10:52","type":"ATROPELAMENTO","turn":"MANHA","roadType":"VIAS URBANAS","street":"AVENIDA ORLANDO FERREIRA REBOUCAS","fatal":false,"fatalVictims":0,"seriousVictims":0,"pedestrian":1,"bicycle":0,"motorcycle":0,"automobile":1,"bus":0,"truck":0,"resourceId":"9ebe412a-da86-4d53-a19b-a008389dca6d"},"geometry":{"type":"Point","coordinates":[-45.8913755,-23.2850472]}},{"type":"Feature","id":"2680505","properties":{"period":"2025-10","date":"20/10/2025","hour":"16:07","type":"NAO DISPONIVEL","turn":"TARDE","roadType":"VIAS URBANAS","street":"RUA RUBIAO JUNIOR","fatal":false,"fatalVictims":0,"seriousVictims":0,"pedestrian":0,"bicycle":0,"motorcycle":0,"automobile":0,"bus":0,"truck":0,"resourceId":"9ebe412a-da86-4d53-a19b-a008389dca6d"},"geometry":{"type":"Point","coordinates":[-45.8877959,-23.1842086]}},{"type":"Feature","id":"2746248","properties":{"period":"2025-10","date":"21/10/2025","hour":"20:40","type":"OUTROS","turn":"NOITE","roadType":"ESTRADAS E RODOVIAS","street":"BR 116","fatal":false,"fatalVictims":0,"seriousVictims":0,"pedestrian":0,"bicycle":0,"motorcycle":0,"automobile":4,"bus":0,"truck":0,"resourceId":"9ebe412a-da86-4d53-a19b-a008389dca6d"},"geometry":{"type":"Point","coordinates":[-45.8391757632,-23.1792563135]}},{"type":"Feature","id":"2746161","properties":{"period":"2025-10","date":"15/10/2025","hour":"22:53","type":"CHOQUE","turn":"NOITE","roadType":"ESTRADAS E RODOVIAS","street":"BR 116","fatal":false,"fatalVictims":0,"seriousVictims":0,"pedestrian":0,"bicycle":0,"motorcycle":1,"automobile":0,"bus":0,"truck":0,"resourceId":"9ebe412a-da86-4d53-a19b-a008389dca6d"},"geometry":{"type":"Point","coordinates":[-45.8701952436,-23.1942767906]}},{"type":"Feature","id":"2694202","properties":{"period":"2025-10","date":"22/10/2025","hour":"15:24","type":"COLISAO","turn":"TARDE","roadType":"VIAS URBANAS","street":"RUA JOAO PEREIRA COSTA","fatal":false,"fatalVictims":0,"seriousVictims":0,"pedestrian":0,"bicycle":0,"motorcycle":1,"automobile":1,"bus":0,"truck":0,"resourceId":"9ebe412a-da86-4d53-a19b-a008389dca6d"},"geometry":{"type":"Point","coordinates":[-45.9090448,-23.1337081]}},{"type":"Feature","id":"2684248","properties":{"period":"2025-10","date":"22/10/2025","hour":"20:57","type":"OUTROS","turn":"NOITE","roadType":"VIAS URBANAS","street":"AVENIDA JOAO RODOLFO CASTELLI","fatal":false,"fatalVictims":0,"seriousVictims":0,"pedestrian":0,"bicycle":0,"motorcycle":0,"automobile":0,"bus":0,"truck":0,"resourceId":"9ebe412a-da86-4d53-a19b-a008389dca6d"},"geometry":{"type":"Point","coordinates":[-45.81472,-23.2556259]}},{"type":"Feature","id":"2683154","properties":{"period":"2025-10","date":"24/10/2025","hour":"18:17","type":"COLISAO","turn":"NOITE","roadType":"VIAS URBANAS","street":"ESTRADA JUCA CARVALHO","fatal":false,"fatalVictims":0,"seriousVictims":0,"pedestrian":0,"bicycle":0,"motorcycle":1,"automobile":1,"bus":0,"truck":0,"resourceId":"9ebe412a-da86-4d53-a19b-a008389dca6d"},"geometry":{"type":"Point","coordinates":[-45.9458836,-23.1417933]}},{"type":"Feature","id":"2683214","properties":{"period":"2025-10","date":"31/10/2025","hour":"19:11","type":"COLISAO","turn":"NOITE","roadType":"VIAS URBANAS","street":"AVENIDA PICO DAS AGULHAS NEGRAS","fatal":false,"fatalVictims":0,"seriousVictims":0,"pedestrian":0,"bicycle":0,"motorcycle":0,"automobile":3,"bus":0,"truck":0,"resourceId":"9ebe412a-da86-4d53-a19b-a008389dca6d"},"geometry":{"type":"Point","coordinates":[-45.9096864,-23.1649017]}},{"type":"Feature","id":"2699021","properties":{"period":"2025-10","date":"31/10/2025","hour":"23:24","type":"COLISAO","turn":"NOITE","roadType":"VIAS URBANAS","street":"AVENIDA PRESIDENTE JUSCELINO KUBITSCHEK","fatal":false,"fatalVictims":0,"seriousVictims":0,"pedestrian":0,"bicycle":0,"motorcycle":1,"automobile":1,"bus":0,"truck":0,"resourceId":"9ebe412a-da86-4d53-a19b-a008389dca6d"},"geometry":{"type":"Point","coordinates":[-45.8541202,-23.1813546]}},{"type":"Feature","id":"2746331","properties":{"period":"2025-10","date":"23/10/2025","hour":"10:20","type":"COLISAO","turn":"MANHA","roadType":"ESTRADAS E RODOVIAS","street":"BR 116","fatal":false,"fatalVictims":0,"seriousVictims":0,"pedestrian":0,"bicycle":0,"motorcycle":0,"automobile":0,"bus":0,"truck":2,"resourceId":"9ebe412a-da86-4d53-a19b-a008389dca6d"},"geometry":{"type":"Point","coordinates":[-45.8675632746,-23.1929342082]}},{"type":"Feature","id":"2746565","properties":{"period":"2025-10","date":"24/10/2025","hour":"15:30","type":"CHOQUE","turn":"TARDE","roadType":"ESTRADAS E RODOVIAS","street":"BR 116","fatal":false,"fatalVictims":0,"seriousVictims":0,"pedestrian":0,"bicycle":0,"motorcycle":0,"automobile":0,"bus":0,"truck":1,"resourceId":"9ebe412a-da86-4d53-a19b-a008389dca6d"},"geometry":{"type":"Point","coordinates":[-45.8481077544,-23.1834056725]}},{"type":"Feature","id":"2699158","properties":{"period":"2025-10","date":"26/10/2025","hour":"18:57","type":"COLISAO","turn":"NOITE","roadType":"VIAS URBANAS","street":"RUA PRIMAVERA","fatal":false,"fatalVictims":0,"seriousVictims":0,"pedestrian":0,"bicycle":0,"motorcycle":0,"automobile":2,"bus":0,"truck":0,"resourceId":"9ebe412a-da86-4d53-a19b-a008389dca6d"},"geometry":{"type":"Point","coordinates":[-45.9139736,-23.1508306]}},{"type":"Feature","id":"2695388","properties":{"period":"2025-10","date":"29/10/2025","hour":"15:13","type":"ATROPELAMENTO","turn":"TARDE","roadType":"VIAS URBANAS","street":"AVENIDA DOUTOR NUMA DE OLIVEIRA","fatal":false,"fatalVictims":0,"seriousVictims":0,"pedestrian":1,"bicycle":0,"motorcycle":1,"automobile":0,"bus":0,"truck":0,"resourceId":"9ebe412a-da86-4d53-a19b-a008389dca6d"},"geometry":{"type":"Point","coordinates":[-45.9084543,-23.1607607]}},{"type":"Feature","id":"2744994","properties":{"period":"2025-10","date":"30/10/2025","hour":"18:45","type":"COLISAO","turn":"NOITE","roadType":"ESTRADAS E RODOVIAS","street":"BR 116","fatal":false,"fatalVictims":0,"seriousVictims":0,"pedestrian":0,"bicycle":0,"motorcycle":1,"automobile":1,"bus":0,"truck":0,"resourceId":"9ebe412a-da86-4d53-a19b-a008389dca6d"},"geometry":{"type":"Point","coordinates":[-45.8744528945,-23.1967197687]}},{"type":"Feature","id":"2693067","properties":{"period":"2025-10","date":"28/10/2025","hour":"14:14","type":"COLISAO","turn":"TARDE","roadType":"VIAS URBANAS","street":"ACESSO AVENIDA MARIO COVAS","fatal":false,"fatalVictims":0,"seriousVictims":1,"pedestrian":0,"bicycle":0,"motorcycle":1,"automobile":1,"bus":0,"truck":0,"resourceId":"9ebe412a-da86-4d53-a19b-a008389dca6d"},"geometry":{"type":"Point","coordinates":[-45.88779706,-23.21533026]}},{"type":"Feature","id":"2747102","properties":{"period":"2025-10","date":"24/10/2025","hour":"07:30","type":"COLISAO","turn":"MANHA","roadType":"ESTRADAS E RODOVIAS","street":"BR 116","fatal":false,"fatalVictims":0,"seriousVictims":0,"pedestrian":0,"bicycle":0,"motorcycle":1,"automobile":1,"bus":0,"truck":0,"resourceId":"9ebe412a-da86-4d53-a19b-a008389dca6d"},"geometry":{"type":"Point","coordinates":[-45.8303064477,-23.1749791386]}},{"type":"Feature","id":"2746530","properties":{"period":"2025-10","date":"25/10/2025","hour":"14:00","type":"COLISAO","turn":"TARDE","roadType":"ESTRADAS E RODOVIAS","street":"BR 116","fatal":false,"fatalVictims":0,"seriousVictims":0,"pedestrian":0,"bicycle":0,"motorcycle":1,"automobile":1,"bus":0,"truck":0,"resourceId":"9ebe412a-da86-4d53-a19b-a008389dca6d"},"geometry":{"type":"Point","coordinates":[-45.7864496808,-23.1525995915]}},{"type":"Feature","id":"2680566","properties":{"period":"2025-10","date":"26/10/2025","hour":"09:27","type":"COLISAO","turn":"MANHA","roadType":"VIAS URBANAS","street":"RUA OLINDA","fatal":false,"fatalVictims":0,"seriousVictims":0,"pedestrian":0,"bicycle":0,"motorcycle":0,"automobile":2,"bus":0,"truck":0,"resourceId":"9ebe412a-da86-4d53-a19b-a008389dca6d"},"geometry":{"type":"Point","coordinates":[-45.9130833,-23.2502277]}},{"type":"Feature","id":"2685259","properties":{"period":"2025-10","date":"27/10/2025","hour":"20:23","type":"OUTROS","turn":"NOITE","roadType":"VIAS URBANAS","street":"RUA LUIZ JACINTO","fatal":false,"fatalVictims":0,"seriousVictims":0,"pedestrian":0,"bicycle":0,"motorcycle":1,"automobile":0,"bus":0,"truck":0,"resourceId":"9ebe412a-da86-4d53-a19b-a008389dca6d"},"geometry":{"type":"Point","coordinates":[-45.8899727,-23.1903675]}},{"type":"Feature","id":"2679846","properties":{"period":"2025-10","date":"30/10/2025","hour":"17:09","type":"ATROPELAMENTO","turn":"TARDE","roadType":"VIAS URBANAS","street":"RUA SAIGIRO NAKAMURA","fatal":false,"fatalVictims":0,"seriousVictims":0,"pedestrian":1,"bicycle":0,"motorcycle":0,"automobile":0,"bus":0,"truck":0,"resourceId":"9ebe412a-da86-4d53-a19b-a008389dca6d"},"geometry":{"type":"Point","coordinates":[-45.855122,-23.1814909]}},{"type":"Feature","id":"2692327","properties":{"period":"2025-10","date":"30/10/2025","hour":"14:32","type":"ATROPELAMENTO","turn":"TARDE","roadType":"VIAS URBANAS","street":"AVENIDA PRESIDENTE JUSCELINO KUBITSCHEK","fatal":false,"fatalVictims":0,"seriousVictims":0,"pedestrian":1,"bicycle":0,"motorcycle":0,"automobile":1,"bus":0,"truck":0,"resourceId":"9ebe412a-da86-4d53-a19b-a008389dca6d"},"geometry":{"type":"Point","coordinates":[-45.8661459,-23.1801212]}},{"type":"Feature","id":"2680291","properties":{"period":"2025-10","date":"31/10/2025","hour":"16:54","type":"COLISAO","turn":"TARDE","roadType":"VIAS URBANAS","street":"AVENIDA BRASILIO DUARTE","fatal":false,"fatalVictims":0,"seriousVictims":0,"pedestrian":0,"bicycle":0,"motorcycle":0,"automobile":1,"bus":0,"truck":0,"resourceId":"9ebe412a-da86-4d53-a19b-a008389dca6d"},"geometry":{"type":"Point","coordinates":[-45.860649,-23.1773458]}},{"type":"Feature","id":"2680593","properties":{"period":"2025-10","date":"24/10/2025","hour":"16:23","type":"NAO DISPONIVEL","turn":"TARDE","roadType":"VIAS URBANAS","street":"RUA SAIGIRO NAKAMURA","fatal":false,"fatalVictims":0,"seriousVictims":0,"pedestrian":0,"bicycle":0,"motorcycle":0,"automobile":0,"bus":0,"truck":0,"resourceId":"9ebe412a-da86-4d53-a19b-a008389dca6d"},"geometry":{"type":"Point","coordinates":[-45.855122,-23.1814909]}},{"type":"Feature","id":"2687170","properties":{"period":"2025-10","date":"24/10/2025","hour":"22:58","type":"COLISAO","turn":"NOITE","roadType":"VIAS URBANAS","street":"AVENIDA NOVE DE JULHO","fatal":false,"fatalVictims":0,"seriousVictims":0,"pedestrian":0,"bicycle":0,"motorcycle":1,"automobile":1,"bus":0,"truck":0,"resourceId":"9ebe412a-da86-4d53-a19b-a008389dca6d"},"geometry":{"type":"Point","coordinates":[-45.8958831,-23.2013284]}},{"type":"Feature","id":"2746487","properties":{"period":"2025-10","date":"24/10/2025","hour":"20:44","type":"COLISAO","turn":"NOITE","roadType":"ESTRADAS E RODOVIAS","street":"BR 116","fatal":false,"fatalVictims":0,"seriousVictims":0,"pedestrian":0,"bicycle":0,"motorcycle":1,"automobile":2,"bus":0,"truck":0,"resourceId":"9ebe412a-da86-4d53-a19b-a008389dca6d"},"geometry":{"type":"Point","coordinates":[-45.8391757632,-23.1792563135]}},{"type":"Feature","id":"2695131","properties":{"period":"2025-10","date":"24/10/2025","hour":"13:43","type":"COLISAO","turn":"TARDE","roadType":"VIAS URBANAS","street":"R NHUMIRIM","fatal":false,"fatalVictims":0,"seriousVictims":0,"pedestrian":0,"bicycle":0,"motorcycle":1,"automobile":1,"bus":0,"truck":0,"resourceId":"9ebe412a-da86-4d53-a19b-a008389dca6d"},"geometry":{"type":"Point","coordinates":[-45.900083,-23.164]}},{"type":"Feature","id":"2698712","properties":{"period":"2025-10","date":"28/10/2025","hour":"21:31","type":"ATROPELAMENTO","turn":"NOITE","roadType":"VIAS URBANAS","street":"RUA ALZIRO LEBRAO","fatal":false,"fatalVictims":0,"seriousVictims":0,"pedestrian":1,"bicycle":0,"motorcycle":1,"automobile":0,"bus":0,"truck":0,"resourceId":"9ebe412a-da86-4d53-a19b-a008389dca6d"},"geometry":{"type":"Point","coordinates":[-45.9012696,-23.1535759]}},{"type":"Feature","id":"2684807","properties":{"period":"2025-10","date":"28/10/2025","hour":"22:09","type":"COLISAO","turn":"NOITE","roadType":"VIAS URBANAS","street":"AVENIDA PRESIDENTE JUSCELINO KUBITSCHEK","fatal":false,"fatalVictims":0,"seriousVictims":0,"pedestrian":0,"bicycle":0,"motorcycle":1,"automobile":0,"bus":1,"truck":0,"resourceId":"9ebe412a-da86-4d53-a19b-a008389dca6d"},"geometry":{"type":"Point","coordinates":[-45.8677247,-23.1805871]}},{"type":"Feature","id":"2694569","properties":{"period":"2025-10","date":"24/10/2025","hour":"12:23","type":"COLISAO","turn":"TARDE","roadType":"VIAS URBANAS","street":"PRACA PRESIDENTE KENNEDY","fatal":false,"fatalVictims":0,"seriousVictims":0,"pedestrian":0,"bicycle":0,"motorcycle":1,"automobile":1,"bus":0,"truck":0,"resourceId":"9ebe412a-da86-4d53-a19b-a008389dca6d"},"geometry":{"type":"Point","coordinates":[-45.8887023,-23.1912056]}},{"type":"Feature","id":"2683595","properties":{"period":"2025-10","date":"25/10/2025","hour":"15:06","type":"COLISAO","turn":"TARDE","roadType":"VIAS URBANAS","street":"RUA GERALDO AUGUSTO DOS SANTOS","fatal":false,"fatalVictims":0,"seriousVictims":1,"pedestrian":0,"bicycle":0,"motorcycle":1,"automobile":0,"bus":0,"truck":0,"resourceId":"9ebe412a-da86-4d53-a19b-a008389dca6d"},"geometry":{"type":"Point","coordinates":[-45.887613,-23.1757156]}},{"type":"Feature","id":"2744947","properties":{"period":"2025-10","date":"25/10/2025","hour":"12:05","type":"COLISAO","turn":"TARDE","roadType":"ESTRADAS E RODOVIAS","street":"BR 116","fatal":false,"fatalVictims":0,"seriousVictims":0,"pedestrian":0,"bicycle":0,"motorcycle":0,"automobile":7,"bus":0,"truck":0,"resourceId":"9ebe412a-da86-4d53-a19b-a008389dca6d"},"geometry":{"type":"Point","coordinates":[-45.7953084671,-23.1569030265]}},{"type":"Feature","id":"2744970","properties":{"period":"2025-10","date":"25/10/2025","hour":"06:40","type":"CHOQUE","turn":"MANHA","roadType":"ESTRADAS E RODOVIAS","street":"BR 116","fatal":false,"fatalVictims":0,"seriousVictims":0,"pedestrian":0,"bicycle":0,"motorcycle":0,"automobile":1,"bus":0,"truck":0,"resourceId":"9ebe412a-da86-4d53-a19b-a008389dca6d"},"geometry":{"type":"Point","coordinates":[-45.9441042215,-23.2556757394]}},{"type":"Feature","id":"2682219","properties":{"period":"2025-10","date":"26/10/2025","hour":"10:46","type":"NAO DISPONIVEL","turn":"MANHA","roadType":"VIAS URBANAS","street":"RUA SAIGIRO NAKAMURA","fatal":false,"fatalVictims":0,"seriousVictims":0,"pedestrian":0,"bicycle":0,"motorcycle":0,"automobile":0,"bus":0,"truck":0,"resourceId":"9ebe412a-da86-4d53-a19b-a008389dca6d"},"geometry":{"type":"Point","coordinates":[-45.855122,-23.1814909]}},{"type":"Feature","id":"2679500","properties":{"period":"2025-10","date":"27/10/2025","hour":"14:10","type":"OUTROS","turn":"TARDE","roadType":"VIAS URBANAS","street":"AVENIDA CIDADE JARDIM","fatal":false,"fatalVictims":0,"seriousVictims":0,"pedestrian":0,"bicycle":0,"motorcycle":1,"automobile":0,"bus":0,"truck":0,"resourceId":"9ebe412a-da86-4d53-a19b-a008389dca6d"},"geometry":{"type":"Point","coordinates":[-45.880319,-23.228247]}},{"type":"Feature","id":"2688452","properties":{"period":"2025-10","date":"28/10/2025","hour":"06:53","type":"COLISAO","turn":"MANHA","roadType":"VIAS URBANAS","street":"RUA DEZESSETE","fatal":false,"fatalVictims":0,"seriousVictims":0,"pedestrian":0,"bicycle":1,"motorcycle":0,"automobile":1,"bus":0,"truck":0,"resourceId":"9ebe412a-da86-4d53-a19b-a008389dca6d"},"geometry":{"type":"Point","coordinates":[-45.8890609,-23.2727516]}},{"type":"Feature","id":"2694292","properties":{"period":"2025-10","date":"29/10/2025","hour":"12:35","type":"COLISAO","turn":"TARDE","roadType":"VIAS URBANAS","street":"AVENIDA CENTRAL","fatal":false,"fatalVictims":0,"seriousVictims":0,"pedestrian":0,"bicycle":0,"motorcycle":0,"automobile":2,"bus":0,"truck":0,"resourceId":"9ebe412a-da86-4d53-a19b-a008389dca6d"},"geometry":{"type":"Point","coordinates":[-45.9276762,-23.2541587]}},{"type":"Feature","id":"2698720","properties":{"period":"2025-10","date":"30/10/2025","hour":"21:36","type":"COLISAO","turn":"NOITE","roadType":"VIAS URBANAS","street":"RUA ANIVALDO FERREIRA DE LIMA","fatal":false,"fatalVictims":0,"seriousVictims":0,"pedestrian":0,"bicycle":0,"motorcycle":0,"automobile":2,"bus":0,"truck":0,"resourceId":"9ebe412a-da86-4d53-a19b-a008389dca6d"},"geometry":{"type":"Point","coordinates":[-45.8935988,-23.1338429]}},{"type":"Feature","id":"2689736","properties":{"period":"2025-10","date":"24/10/2025","hour":"09:11","type":"COLISAO","turn":"MANHA","roadType":"VIAS URBANAS","street":"AVENIDA SALINAS","fatal":false,"fatalVictims":0,"seriousVictims":1,"pedestrian":0,"bicycle":0,"motorcycle":0,"automobile":3,"bus":0,"truck":0,"resourceId":"9ebe412a-da86-4d53-a19b-a008389dca6d"},"geometry":{"type":"Point","coordinates":[-45.8910936,-23.2352022]}},{"type":"Feature","id":"2747111","properties":{"period":"2025-10","date":"28/10/2025","hour":"08:40","type":"COLISAO","turn":"MANHA","roadType":"ESTRADAS E RODOVIAS","street":"BR 116","fatal":false,"fatalVictims":0,"seriousVictims":0,"pedestrian":0,"bicycle":0,"motorcycle":0,"automobile":1,"bus":1,"truck":0,"resourceId":"9ebe412a-da86-4d53-a19b-a008389dca6d"},"geometry":{"type":"Point","coordinates":[-45.8303064477,-23.1749791386]}},{"type":"Feature","id":"2682363","properties":{"period":"2025-10","date":"30/10/2025","hour":"19:22","type":"COLISAO","turn":"NOITE","roadType":"VIAS URBANAS","street":"AVENIDA LINNEU DE MOURA","fatal":false,"fatalVictims":0,"seriousVictims":0,"pedestrian":0,"bicycle":0,"motorcycle":1,"automobile":1,"bus":0,"truck":0,"resourceId":"9ebe412a-da86-4d53-a19b-a008389dca6d"},"geometry":{"type":"Point","coordinates":[-45.9194309,-23.1958974]}},{"type":"Feature","id":"2746354","properties":{"period":"2025-10","date":"31/10/2025","hour":"17:35","type":"OUTROS","turn":"TARDE","roadType":"ESTRADAS E RODOVIAS","street":"BR 116","fatal":false,"fatalVictims":0,"seriousVictims":0,"pedestrian":0,"bicycle":0,"motorcycle":1,"automobile":2,"bus":0,"truck":0,"resourceId":"9ebe412a-da86-4d53-a19b-a008389dca6d"},"geometry":{"type":"Point","coordinates":[-45.8198063481,-23.1695547012]}},{"type":"Feature","id":"2699026","properties":{"period":"2025-10","date":"31/10/2025","hour":"23:22","type":"COLISAO","turn":"NOITE","roadType":"VIAS URBANAS","street":"RUA ROSARIO","fatal":false,"fatalVictims":0,"seriousVictims":0,"pedestrian":0,"bicycle":0,"motorcycle":1,"automobile":1,"bus":0,"truck":0,"resourceId":"9ebe412a-da86-4d53-a19b-a008389dca6d"},"geometry":{"type":"Point","coordinates":[-45.8991785,-23.2343793]}},{"type":"Feature","id":"2746342","properties":{"period":"2025-10","date":"23/10/2025","hour":"10:00","type":"CHOQUE","turn":"MANHA","roadType":"ESTRADAS E RODOVIAS","street":"BR 116","fatal":false,"fatalVictims":0,"seriousVictims":0,"pedestrian":0,"bicycle":0,"motorcycle":1,"automobile":0,"bus":0,"truck":1,"resourceId":"9ebe412a-da86-4d53-a19b-a008389dca6d"},"geometry":{"type":"Point","coordinates":[-45.879942103,-23.2008907921]}},{"type":"Feature","id":"2690968","properties":{"period":"2025-10","date":"24/10/2025","hour":"11:15","type":"COLISAO","turn":"MANHA","roadType":"VIAS URBANAS","street":"AV SAO JOAO","fatal":false,"fatalVictims":0,"seriousVictims":0,"pedestrian":0,"bicycle":0,"motorcycle":1,"automobile":0,"bus":0,"truck":0,"resourceId":"9ebe412a-da86-4d53-a19b-a008389dca6d"},"geometry":{"type":"Point","coordinates":[-45.90675,-23.206111]}},{"type":"Feature","id":"2678852","properties":{"period":"2025-10","date":"25/10/2025","hour":"","type":"ATROPELAMENTO","turn":"NAO DISPONIVEL","roadType":"VIAS URBANAS","street":"AVENIDA BENEDITO FRIGGI","fatal":true,"fatalVictims":1,"seriousVictims":0,"pedestrian":1,"bicycle":0,"motorcycle":0,"automobile":1,"bus":0,"truck":0,"resourceId":"9ebe412a-da86-4d53-a19b-a008389dca6d"},"geometry":{"type":"Point","coordinates":[-45.8101806138,-23.1697190087]}},{"type":"Feature","id":"2690508","properties":{"period":"2025-10","date":"28/10/2025","hour":"08:11","type":"COLISAO","turn":"MANHA","roadType":"VIAS URBANAS","street":"RUA MARIA GOULART DA SILVA","fatal":false,"fatalVictims":0,"seriousVictims":1,"pedestrian":0,"bicycle":0,"motorcycle":0,"automobile":1,"bus":0,"truck":0,"resourceId":"9ebe412a-da86-4d53-a19b-a008389dca6d"},"geometry":{"type":"Point","coordinates":[-45.8028187,-23.2250299]}},{"type":"Feature","id":"2683672","properties":{"period":"2025-10","date":"30/10/2025","hour":"20:27","type":"OUTROS","turn":"NOITE","roadType":"VIAS URBANAS","street":"RUA LUIZ GONZAGA AZEVEDO","fatal":false,"fatalVictims":0,"seriousVictims":0,"pedestrian":0,"bicycle":0,"motorcycle":0,"automobile":1,"bus":1,"truck":0,"resourceId":"9ebe412a-da86-4d53-a19b-a008389dca6d"},"geometry":{"type":"Point","coordinates":[-45.9031465,-23.2781124]}},{"type":"Feature","id":"2744991","properties":{"period":"2025-10","date":"30/10/2025","hour":"08:40","type":"OUTROS","turn":"MANHA","roadType":"ESTRADAS E RODOVIAS","street":"BR 116","fatal":false,"fatalVictims":0,"seriousVictims":0,"pedestrian":0,"bicycle":0,"motorcycle":0,"automobile":3,"bus":0,"truck":0,"resourceId":"9ebe412a-da86-4d53-a19b-a008389dca6d"},"geometry":{"type":"Point","coordinates":[-45.8171961597,-23.168170346]}},{"type":"Feature","id":"2705224","properties":{"period":"2025-11","date":"01/11/2025","hour":"21:47","type":"COLISAO","turn":"NOITE","roadType":"VIAS URBANAS","street":"RUA DURVALINA SILVA AGUIAR","fatal":false,"fatalVictims":0,"seriousVictims":0,"pedestrian":0,"bicycle":0,"motorcycle":1,"automobile":1,"bus":0,"truck":0,"resourceId":"034ff02b-f6ed-4668-a5e7-352385ff9e5f"},"geometry":{"type":"Point","coordinates":[-45.7949084,-23.1701575]}},{"type":"Feature","id":"2691649","properties":{"period":"2025-11","date":"01/11/2025","hour":"04:10","type":"COLISAO","turn":"MADRUGADA","roadType":"VIAS URBANAS","street":"AVENIDA MANUEL VIEIRA","fatal":false,"fatalVictims":0,"seriousVictims":0,"pedestrian":0,"bicycle":0,"motorcycle":0,"automobile":1,"bus":0,"truck":0,"resourceId":"034ff02b-f6ed-4668-a5e7-352385ff9e5f"},"geometry":{"type":"Point","coordinates":[-45.9114436,-23.2625045]}},{"type":"Feature","id":"2693320","properties":{"period":"2025-11","date":"02/11/2025","hour":"07:50","type":"COLISAO","turn":"MANHA","roadType":"VIAS URBANAS","street":"ESTRADA DOM JOSE ANTONIO DO COUTO","fatal":false,"fatalVictims":0,"seriousVictims":1,"pedestrian":0,"bicycle":0,"motorcycle":0,"automobile":2,"bus":0,"truck":0,"resourceId":"034ff02b-f6ed-4668-a5e7-352385ff9e5f"},"geometry":{"type":"Point","coordinates":[-45.805849,-23.209753]}},{"type":"Feature","id":"2699596","properties":{"period":"2025-11","date":"01/11/2025","hour":"05:51","type":"CHOQUE","turn":"MADRUGADA","roadType":"VIAS URBANAS","street":"AVENIDA PRESIDENTE JUSCELINO KUBITSCHEK","fatal":true,"fatalVictims":1,"seriousVictims":0,"pedestrian":0,"bicycle":0,"motorcycle":1,"automobile":0,"bus":0,"truck":0,"resourceId":"034ff02b-f6ed-4668-a5e7-352385ff9e5f"},"geometry":{"type":"Point","coordinates":[-45.8538004915,-23.180916165]}},{"type":"Feature","id":"2686739","properties":{"period":"2025-11","date":"01/11/2025","hour":"19:29","type":"COLISAO","turn":"NOITE","roadType":"VIAS URBANAS","street":"AVENIDA IGUAPE","fatal":false,"fatalVictims":0,"seriousVictims":0,"pedestrian":0,"bicycle":0,"motorcycle":1,"automobile":1,"bus":0,"truck":0,"resourceId":"034ff02b-f6ed-4668-a5e7-352385ff9e5f"},"geometry":{"type":"Point","coordinates":[-45.8907139,-23.2350134]}},{"type":"Feature","id":"2694439","properties":{"period":"2025-11","date":"01/11/2025","hour":"08:29","type":"COLISAO","turn":"MANHA","roadType":"VIAS URBANAS","street":"AVENIDA ANDROMEDA","fatal":false,"fatalVictims":0,"seriousVictims":0,"pedestrian":0,"bicycle":0,"motorcycle":1,"automobile":0,"bus":0,"truck":0,"resourceId":"034ff02b-f6ed-4668-a5e7-352385ff9e5f"},"geometry":{"type":"Point","coordinates":[-45.8916555,-23.2198494]}},{"type":"Feature","id":"2691037","properties":{"period":"2025-11","date":"01/11/2025","hour":"05:51","type":"OUTROS","turn":"MADRUGADA","roadType":"VIAS URBANAS","street":"RUA SAIGIRO NAKAMURA","fatal":false,"fatalVictims":0,"seriousVictims":0,"pedestrian":0,"bicycle":0,"motorcycle":0,"automobile":0,"bus":0,"truck":0,"resourceId":"034ff02b-f6ed-4668-a5e7-352385ff9e5f"},"geometry":{"type":"Point","coordinates":[-45.855122,-23.1814909]}},{"type":"Feature","id":"2694775","properties":{"period":"2025-11","date":"01/11/2025","hour":"09:47","type":"COLISAO","turn":"MANHA","roadType":"VIAS URBANAS","street":"AVENIDA JOAO MARSON","fatal":false,"fatalVictims":0,"seriousVictims":0,"pedestrian":0,"bicycle":0,"motorcycle":0,"automobile":1,"bus":0,"truck":0,"resourceId":"034ff02b-f6ed-4668-a5e7-352385ff9e5f"},"geometry":{"type":"Point","coordinates":[-45.8691474,-23.1798472]}},{"type":"Feature","id":"2699447","properties":{"period":"2025-11","date":"02/11/2025","hour":"00:50","type":"OUTROS","turn":"MADRUGADA","roadType":"ESTRADAS E RODOVIAS","street":"SP 066","fatal":true,"fatalVictims":1,"seriousVictims":0,"pedestrian":0,"bicycle":0,"motorcycle":0,"automobile":3,"bus":0,"truck":0,"resourceId":"034ff02b-f6ed-4668-a5e7-352385ff9e5f"},"geometry":{"type":"Point","coordinates":[-45.9045987928,-23.2378855218]}},{"type":"Feature","id":"2701148","properties":{"period":"2025-11","date":"05/11/2025","hour":"15:35","type":"COLISAO","turn":"TARDE","roadType":"VIAS URBANAS","street":"AVENIDA HEITOR VILLA LOBOS","fatal":false,"fatalVictims":0,"seriousVictims":0,"pedestrian":0,"bicycle":0,"motorcycle":1,"automobile":1,"bus":0,"truck":0,"resourceId":"034ff02b-f6ed-4668-a5e7-352385ff9e5f"},"geometry":{"type":"Point","coordinates":[-45.899819,-23.2057369]}},{"type":"Feature","id":"2695526","properties":{"period":"2025-11","date":"06/11/2025","hour":"15:59","type":"COLISAO","turn":"TARDE","roadType":"VIAS URBANAS","street":"RUA CARAVELAS","fatal":false,"fatalVictims":0,"seriousVictims":0,"pedestrian":0,"bicycle":0,"motorcycle":0,"automobile":2,"bus":0,"truck":0,"resourceId":"034ff02b-f6ed-4668-a5e7-352385ff9e5f"},"geometry":{"type":"Point","coordinates":[-45.9154558,-23.2583868]}},{"type":"Feature","id":"2697062","properties":{"period":"2025-11","date":"07/11/2025","hour":"09:38","type":"NAO DISPONIVEL","turn":"MANHA","roadType":"VIAS URBANAS","street":"RUA SAIGIRO NAKAMURA","fatal":false,"fatalVictims":0,"seriousVictims":0,"pedestrian":0,"bicycle":0,"motorcycle":0,"automobile":0,"bus":0,"truck":0,"resourceId":"034ff02b-f6ed-4668-a5e7-352385ff9e5f"},"geometry":{"type":"Point","coordinates":[-45.855122,-23.1814909]}},{"type":"Feature","id":"2745060","properties":{"period":"2025-11","date":"07/11/2025","hour":"15:45","type":"COLISAO","turn":"TARDE","roadType":"ESTRADAS E RODOVIAS","street":"BR 116","fatal":false,"fatalVictims":0,"seriousVictims":0,"pedestrian":0,"bicycle":0,"motorcycle":1,"automobile":1,"bus":0,"truck":0,"resourceId":"034ff02b-f6ed-4668-a5e7-352385ff9e5f"},"geometry":{"type":"Point","coordinates":[-45.8744528945,-23.1967197687]}},{"type":"Feature","id":"2698232","properties":{"period":"2025-11","date":"10/11/2025","hour":"07:52","type":"COLISAO","turn":"MANHA","roadType":"VIAS URBANAS","street":"AVENIDA JORGE ZARUR","fatal":false,"fatalVictims":0,"seriousVictims":0,"pedestrian":0,"bicycle":0,"motorcycle":1,"automobile":1,"bus":0,"truck":0,"resourceId":"034ff02b-f6ed-4668-a5e7-352385ff9e5f"},"geometry":{"type":"Point","coordinates":[-45.9064579,-23.207241]}},{"type":"Feature","id":"2702349","properties":{"period":"2025-11","date":"11/11/2025","hour":"19:57","type":"COLISAO","turn":"NOITE","roadType":"VIAS URBANAS","street":"RUA PROCOPIO FERREIRA","fatal":false,"fatalVictims":0,"seriousVictims":0,"pedestrian":0,"bicycle":0,"motorcycle":0,"automobile":1,"bus":0,"truck":0,"resourceId":"034ff02b-f6ed-4668-a5e7-352385ff9e5f"},"geometry":{"type":"Point","coordinates":[-45.8121097,-23.1683117]}},{"type":"Feature","id":"2696257","properties":{"period":"2025-11","date":"03/11/2025","hour":"23:05","type":"OUTROS","turn":"NOITE","roadType":"VIAS URBANAS","street":"AVENIDA PRESIDENTE JUSCELINO KUBITSCHEK","fatal":false,"fatalVictims":0,"seriousVictims":0,"pedestrian":0,"bicycle":0,"motorcycle":0,"automobile":0,"bus":0,"truck":0,"resourceId":"034ff02b-f6ed-4668-a5e7-352385ff9e5f"},"geometry":{"type":"Point","coordinates":[-45.8541202,-23.1813546]}},{"type":"Feature","id":"2696133","properties":{"period":"2025-11","date":"03/11/2025","hour":"21:24","type":"COLISAO","turn":"NOITE","roadType":"VIAS URBANAS","street":"R SEBASTIAO FELICIO","fatal":false,"fatalVictims":0,"seriousVictims":0,"pedestrian":0,"bicycle":0,"motorcycle":0,"automobile":2,"bus":0,"truck":0,"resourceId":"034ff02b-f6ed-4668-a5e7-352385ff9e5f"},"geometry":{"type":"Point","coordinates":[-45.888389,-23.175333]}},{"type":"Feature","id":"2710132","properties":{"period":"2025-11","date":"05/11/2025","hour":"10:58","type":"COLISAO","turn":"MANHA","roadType":"VIAS URBANAS","street":"AVENIDA ANDROMEDA","fatal":false,"fatalVictims":0,"seriousVictims":0,"pedestrian":0,"bicycle":0,"motorcycle":1,"automobile":1,"bus":0,"truck":0,"resourceId":"034ff02b-f6ed-4668-a5e7-352385ff9e5f"},"geometry":{"type":"Point","coordinates":[-45.8845132,-23.2287213]}},{"type":"Feature","id":"2707393","properties":{"period":"2025-11","date":"11/11/2025","hour":"08:00","type":"COLISAO","turn":"MANHA","roadType":"VIAS URBANAS","street":"AVENIDA CASSIANO RICARDO","fatal":false,"fatalVictims":0,"seriousVictims":0,"pedestrian":0,"bicycle":0,"motorcycle":0,"automobile":0,"bus":0,"truck":0,"resourceId":"034ff02b-f6ed-4668-a5e7-352385ff9e5f"},"geometry":{"type":"Point","coordinates":[-45.9096683,-23.2153573]}},{"type":"Feature","id":"2691762","properties":{"period":"2025-11","date":"02/11/2025","hour":"03:28","type":"COLISAO","turn":"MADRUGADA","roadType":"VIAS URBANAS","street":"AVENIDA CIDADE JARDIM","fatal":false,"fatalVictims":0,"seriousVictims":0,"pedestrian":0,"bicycle":0,"motorcycle":0,"automobile":1,"bus":0,"truck":0,"resourceId":"034ff02b-f6ed-4668-a5e7-352385ff9e5f"},"geometry":{"type":"Point","coordinates":[-45.878726,-23.244242]}},{"type":"Feature","id":"2694628","properties":{"period":"2025-11","date":"02/11/2025","hour":"04:13","type":"OUTROS","turn":"MADRUGADA","roadType":"VIAS URBANAS","street":"RUA MAURICIO CARDOSO","fatal":false,"fatalVictims":0,"seriousVictims":0,"pedestrian":0,"bicycle":0,"motorcycle":1,"automobile":0,"bus":0,"truck":0,"resourceId":"034ff02b-f6ed-4668-a5e7-352385ff9e5f"},"geometry":{"type":"Point","coordinates":[-45.8948063,-23.2502145]}},{"type":"Feature","id":"2695515","properties":{"period":"2025-11","date":"06/11/2025","hour":"16:04","type":"COLISAO","turn":"TARDE","roadType":"VIAS URBANAS","street":"RUA PEDRO RACHID","fatal":false,"fatalVictims":0,"seriousVictims":1,"pedestrian":0,"bicycle":0,"motorcycle":1,"automobile":1,"bus":0,"truck":0,"resourceId":"034ff02b-f6ed-4668-a5e7-352385ff9e5f"},"geometry":{"type":"Point","coordinates":[-45.901665,-23.1639642]}},{"type":"Feature","id":"2696900","properties":{"period":"2025-11","date":"06/11/2025","hour":"08:41","type":"COLISAO","turn":"MANHA","roadType":"VIAS URBANAS","street":"ESTRADA DOUTOR BEZERRA DE MENEZES","fatal":false,"fatalVictims":0,"seriousVictims":0,"pedestrian":0,"bicycle":0,"motorcycle":2,"automobile":1,"bus":0,"truck":0,"resourceId":"034ff02b-f6ed-4668-a5e7-352385ff9e5f"},"geometry":{"type":"Point","coordinates":[-45.859295,-23.267958]}},{"type":"Feature","id":"2698348","properties":{"period":"2025-11","date":"09/11/2025","hour":"05:33","type":"CHOQUE","turn":"MADRUGADA","roadType":"VIAS URBANAS","street":"AVENIDA SENADOR TEOTONIO VILELA","fatal":false,"fatalVictims":0,"seriousVictims":0,"pedestrian":0,"bicycle":0,"motorcycle":0,"automobile":1,"bus":0,"truck":0,"resourceId":"034ff02b-f6ed-4668-a5e7-352385ff9e5f"},"geometry":{"type":"Point","coordinates":[-45.8833069,-23.1914059]}},{"type":"Feature","id":"2707553","properties":{"period":"2025-11","date":"11/11/2025","hour":"08:12","type":"COLISAO","turn":"MANHA","roadType":"VIAS URBANAS","street":"AVENIDA DOS ASTRONAUTAS","fatal":false,"fatalVictims":0,"seriousVictims":0,"pedestrian":0,"bicycle":0,"motorcycle":1,"automobile":1,"bus":0,"truck":0,"resourceId":"034ff02b-f6ed-4668-a5e7-352385ff9e5f"},"geometry":{"type":"Point","coordinates":[-45.8611576,-23.2037169]}},{"type":"Feature","id":"2692470","properties":{"period":"2025-11","date":"02/11/2025","hour":"04:17","type":"COLISAO","turn":"MADRUGADA","roadType":"VIAS URBANAS","street":"AVENIDA MARECHAL HENRIQUE TEIXEIRA LOTT","fatal":false,"fatalVictims":0,"seriousVictims":1,"pedestrian":0,"bicycle":0,"motorcycle":0,"automobile":1,"bus":0,"truck":0,"resourceId":"034ff02b-f6ed-4668-a5e7-352385ff9e5f"},"geometry":{"type":"Point","coordinates":[-45.88113551,-23.2025422]}},{"type":"Feature","id":"2710167","properties":{"period":"2025-11","date":"04/11/2025","hour":"12:18","type":"OUTROS","turn":"TARDE","roadType":"VIAS URBANAS","street":"RUA ARAGUAIA","fatal":false,"fatalVictims":0,"seriousVictims":0,"pedestrian":0,"bicycle":0,"motorcycle":1,"automobile":1,"bus":0,"truck":0,"resourceId":"034ff02b-f6ed-4668-a5e7-352385ff9e5f"},"geometry":{"type":"Point","coordinates":[-45.8777014,-23.2213228]}},{"type":"Feature","id":"2696776","properties":{"period":"2025-11","date":"08/11/2025","hour":"02:25","type":"NAO DISPONIVEL","turn":"MADRUGADA","roadType":"VIAS URBANAS","street":"AVENIDA DOUTOR SEBASTIAO HENRIQUE DA CUNHA PONTES","fatal":false,"fatalVictims":0,"seriousVictims":0,"pedestrian":0,"bicycle":0,"motorcycle":1,"automobile":0,"bus":0,"truck":0,"resourceId":"034ff02b-f6ed-4668-a5e7-352385ff9e5f"},"geometry":{"type":"Point","coordinates":[-45.940869,-23.2545577]}},{"type":"Feature","id":"2745153","properties":{"period":"2025-11","date":"03/11/2025","hour":"12:00","type":"COLISAO","turn":"TARDE","roadType":"ESTRADAS E RODOVIAS","street":"BR 116","fatal":false,"fatalVictims":0,"seriousVictims":0,"pedestrian":0,"bicycle":0,"motorcycle":0,"automobile":1,"bus":0,"truck":0,"resourceId":"034ff02b-f6ed-4668-a5e7-352385ff9e5f"},"geometry":{"type":"Point","coordinates":[-45.7599494227,-23.139557848]}},{"type":"Feature","id":"2746319","properties":{"period":"2025-11","date":"07/11/2025","hour":"22:08","type":"CHOQUE","turn":"NOITE","roadType":"ESTRADAS E RODOVIAS","street":"BR 116","fatal":false,"fatalVictims":0,"seriousVictims":0,"pedestrian":0,"bicycle":0,"motorcycle":0,"automobile":1,"bus":0,"truck":0,"resourceId":"034ff02b-f6ed-4668-a5e7-352385ff9e5f"},"geometry":{"type":"Point","coordinates":[-45.9258948307,-23.243704993]}},{"type":"Feature","id":"2698140","properties":{"period":"2025-11","date":"09/11/2025","hour":"01:34","type":"OUTROS","turn":"MADRUGADA","roadType":"VIAS URBANAS","street":"ANEL VIARIO","fatal":false,"fatalVictims":0,"seriousVictims":0,"pedestrian":0,"bicycle":0,"motorcycle":0,"automobile":1,"bus":0,"truck":0,"resourceId":"034ff02b-f6ed-4668-a5e7-352385ff9e5f"},"geometry":{"type":"Point","coordinates":[-45.96966604,-23.15307654]}},{"type":"Feature","id":"2710645","properties":{"period":"2025-11","date":"04/11/2025","hour":"12:52","type":"COLISAO","turn":"TARDE","roadType":"VIAS URBANAS","street":"RUA ITABAIANA","fatal":false,"fatalVictims":0,"seriousVictims":0,"pedestrian":0,"bicycle":0,"motorcycle":1,"automobile":0,"bus":1,"truck":0,"resourceId":"034ff02b-f6ed-4668-a5e7-352385ff9e5f"},"geometry":{"type":"Point","coordinates":[-45.9167287,-23.242374]}},{"type":"Feature","id":"2746543","properties":{"period":"2025-11","date":"07/11/2025","hour":"06:40","type":"OUTROS","turn":"MANHA","roadType":"ESTRADAS E RODOVIAS","street":"BR 116","fatal":false,"fatalVictims":0,"seriousVictims":0,"pedestrian":0,"bicycle":0,"motorcycle":1,"automobile":0,"bus":0,"truck":0,"resourceId":"034ff02b-f6ed-4668-a5e7-352385ff9e5f"},"geometry":{"type":"Point","coordinates":[-45.9178171405,-23.2363796027]}},{"type":"Feature","id":"2746648","properties":{"period":"2025-11","date":"08/11/2025","hour":"16:20","type":"OUTROS","turn":"TARDE","roadType":"ESTRADAS E RODOVIAS","street":"BR 116","fatal":false,"fatalVictims":0,"seriousVictims":0,"pedestrian":0,"bicycle":0,"motorcycle":0,"automobile":2,"bus":0,"truck":0,"resourceId":"034ff02b-f6ed-4668-a5e7-352385ff9e5f"},"geometry":{"type":"Point","coordinates":[-45.9111575492,-23.2299973927]}},{"type":"Feature","id":"2696929","properties":{"period":"2025-11","date":"03/11/2025","hour":"08:55","type":"ATROPELAMENTO","turn":"MANHA","roadType":"VIAS URBANAS","street":"RUA SAIGIRO NAKAMURA","fatal":false,"fatalVictims":0,"seriousVictims":0,"pedestrian":1,"bicycle":1,"motorcycle":0,"automobile":1,"bus":0,"truck":0,"resourceId":"034ff02b-f6ed-4668-a5e7-352385ff9e5f"},"geometry":{"type":"Point","coordinates":[-45.855122,-23.1814909]}},{"type":"Feature","id":"2710947","properties":{"period":"2025-11","date":"04/11/2025","hour":"01:27","type":"CHOQUE","turn":"MADRUGADA","roadType":"VIAS URBANAS","street":"SP 070","fatal":false,"fatalVictims":0,"seriousVictims":0,"pedestrian":0,"bicycle":0,"motorcycle":0,"automobile":1,"bus":0,"truck":0,"resourceId":"034ff02b-f6ed-4668-a5e7-352385ff9e5f"},"geometry":{"type":"Point","coordinates":[-45.88742706,-23.18058185]}},{"type":"Feature","id":"2696646","properties":{"period":"2025-11","date":"06/11/2025","hour":"07:08","type":"COLISAO","turn":"MANHA","roadType":"VIAS URBANAS","street":"VIA NORTE","fatal":false,"fatalVictims":0,"seriousVictims":0,"pedestrian":0,"bicycle":0,"motorcycle":1,"automobile":1,"bus":0,"truck":0,"resourceId":"034ff02b-f6ed-4668-a5e7-352385ff9e5f"},"geometry":{"type":"Point","coordinates":[-45.91423136,-23.16234093]}},{"type":"Feature","id":"2697704","properties":{"period":"2025-11","date":"10/11/2025","hour":"17:53","type":"OUTROS","turn":"TARDE","roadType":"VIAS URBANAS","street":"AVENIDA DOUTOR SEBASTIAO HENRIQUE DA CUNHA PONTES","fatal":false,"fatalVictims":0,"seriousVictims":0,"pedestrian":0,"bicycle":0,"motorcycle":0,"automobile":0,"bus":0,"truck":0,"resourceId":"034ff02b-f6ed-4668-a5e7-352385ff9e5f"},"geometry":{"type":"Point","coordinates":[-45.9147025,-23.2341939]}},{"type":"Feature","id":"2704499","properties":{"period":"2025-11","date":"11/11/2025","hour":"23:14","type":"COLISAO","turn":"NOITE","roadType":"VIAS URBANAS","street":"AVENIDA RODRIGO REIS TUY","fatal":false,"fatalVictims":0,"seriousVictims":0,"pedestrian":0,"bicycle":0,"motorcycle":0,"automobile":1,"bus":0,"truck":0,"resourceId":"034ff02b-f6ed-4668-a5e7-352385ff9e5f"},"geometry":{"type":"Point","coordinates":[-45.9002877,-23.2117267]}},{"type":"Feature","id":"2746948","properties":{"period":"2025-11","date":"05/11/2025","hour":"19:15","type":"OUTROS","turn":"NOITE","roadType":"ESTRADAS E RODOVIAS","street":"BR 116","fatal":false,"fatalVictims":0,"seriousVictims":0,"pedestrian":0,"bicycle":0,"motorcycle":1,"automobile":0,"bus":0,"truck":0,"resourceId":"034ff02b-f6ed-4668-a5e7-352385ff9e5f"},"geometry":{"type":"Point","coordinates":[-45.9111575492,-23.2299973927]}},{"type":"Feature","id":"2696330","properties":{"period":"2025-11","date":"08/11/2025","hour":"17:11","type":"COLISAO","turn":"TARDE","roadType":"VIAS URBANAS","street":"AV VIA CAMBUI","fatal":false,"fatalVictims":0,"seriousVictims":0,"pedestrian":0,"bicycle":0,"motorcycle":0,"automobile":2,"bus":0,"truck":0,"resourceId":"034ff02b-f6ed-4668-a5e7-352385ff9e5f"},"geometry":{"type":"Point","coordinates":[-45.840911,-23.2239579]}},{"type":"Feature","id":"2696998","properties":{"period":"2025-11","date":"08/11/2025","hour":"04:35","type":"CHOQUE","turn":"MADRUGADA","roadType":"ESTRADAS E RODOVIAS","street":"SP 050","fatal":false,"fatalVictims":0,"seriousVictims":0,"pedestrian":0,"bicycle":0,"motorcycle":0,"automobile":0,"bus":1,"truck":0,"resourceId":"034ff02b-f6ed-4668-a5e7-352385ff9e5f"},"geometry":{"type":"Point","coordinates":[-45.90896191,-23.13367104]}},{"type":"Feature","id":"2745006","properties":{"period":"2025-11","date":"09/11/2025","hour":"06:40","type":"COLISAO","turn":"MANHA","roadType":"ESTRADAS E RODOVIAS","street":"BR 116","fatal":false,"fatalVictims":0,"seriousVictims":0,"pedestrian":0,"bicycle":0,"motorcycle":0,"automobile":2,"bus":0,"truck":1,"resourceId":"034ff02b-f6ed-4668-a5e7-352385ff9e5f"},"geometry":{"type":"Point","coordinates":[-45.8427485308,-23.1809161193]}},{"type":"Feature","id":"2705875","properties":{"period":"2025-11","date":"09/11/2025","hour":"22:15","type":"CHOQUE","turn":"NOITE","roadType":"VIAS URBANAS","street":"RUA JOAO ADAO","fatal":false,"fatalVictims":0,"seriousVictims":0,"pedestrian":0,"bicycle":0,"motorcycle":0,"automobile":1,"bus":0,"truck":0,"resourceId":"034ff02b-f6ed-4668-a5e7-352385ff9e5f"},"geometry":{"type":"Point","coordinates":[-45.8961847,-23.2663111]}},{"type":"Feature","id":"2707551","properties":{"period":"2025-11","date":"09/11/2025","hour":"21:43","type":"COLISAO","turn":"NOITE","roadType":"VIAS URBANAS","street":"AVENIDA RIO BUQUIRA","fatal":false,"fatalVictims":0,"seriousVictims":0,"pedestrian":0,"bicycle":0,"motorcycle":1,"automobile":0,"bus":0,"truck":0,"resourceId":"034ff02b-f6ed-4668-a5e7-352385ff9e5f"},"geometry":{"type":"Point","coordinates":[-45.9167546,-23.1432741]}},{"type":"Feature","id":"2704922","properties":{"period":"2025-11","date":"11/11/2025","hour":"07:52","type":"COLISAO","turn":"MANHA","roadType":"VIAS URBANAS","street":"RUA CARAVELAS","fatal":false,"fatalVictims":0,"seriousVictims":0,"pedestrian":0,"bicycle":0,"motorcycle":1,"automobile":1,"bus":0,"truck":0,"resourceId":"034ff02b-f6ed-4668-a5e7-352385ff9e5f"},"geometry":{"type":"Point","coordinates":[-45.91188246,-23.26223571]}},{"type":"Feature","id":"2708943","properties":{"period":"2025-11","date":"05/11/2025","hour":"09:31","type":"COLISAO","turn":"MANHA","roadType":"VIAS URBANAS","street":"AVENIDA DEPUTADO BENEDITO MATARAZZO","fatal":false,"fatalVictims":0,"seriousVictims":0,"pedestrian":0,"bicycle":0,"motorcycle":0,"automobile":0,"bus":0,"truck":0,"resourceId":"034ff02b-f6ed-4668-a5e7-352385ff9e5f"},"geometry":{"type":"Point","coordinates":[-45.8813349,-23.1995944]}},{"type":"Feature","id":"2746359","properties":{"period":"2025-11","date":"06/11/2025","hour":"18:30","type":"COLISAO","turn":"NOITE","roadType":"ESTRADAS E RODOVIAS","street":"BR 116","fatal":false,"fatalVictims":0,"seriousVictims":1,"pedestrian":0,"bicycle":0,"motorcycle":1,"automobile":1,"bus":0,"truck":0,"resourceId":"034ff02b-f6ed-4668-a5e7-352385ff9e5f"},"geometry":{"type":"Point","coordinates":[-45.8472144903,-23.1829908765]}},{"type":"Feature","id":"2704224","properties":{"period":"2025-11","date":"07/11/2025","hour":"22:53","type":"COLISAO","turn":"NOITE","roadType":"VIAS URBANAS","street":"AVENIDA CIDADE JARDIM","fatal":false,"fatalVictims":0,"seriousVictims":0,"pedestrian":0,"bicycle":0,"motorcycle":1,"automobile":1,"bus":0,"truck":0,"resourceId":"034ff02b-f6ed-4668-a5e7-352385ff9e5f"},"geometry":{"type":"Point","coordinates":[-45.8860893,-23.2199473]}},{"type":"Feature","id":"2747091","properties":{"period":"2025-11","date":"10/11/2025","hour":"17:50","type":"COLISAO","turn":"TARDE","roadType":"ESTRADAS E RODOVIAS","street":"BR 116","fatal":false,"fatalVictims":0,"seriousVictims":0,"pedestrian":0,"bicycle":0,"motorcycle":1,"automobile":1,"bus":0,"truck":0,"resourceId":"034ff02b-f6ed-4668-a5e7-352385ff9e5f"},"geometry":{"type":"Point","coordinates":[-45.8579127836,-23.1880112847]}},{"type":"Feature","id":"2746265","properties":{"period":"2025-11","date":"02/11/2025","hour":"17:15","type":"COLISAO","turn":"TARDE","roadType":"ESTRADAS E RODOVIAS","street":"BR 116","fatal":false,"fatalVictims":0,"seriousVictims":0,"pedestrian":0,"bicycle":0,"motorcycle":0,"automobile":1,"bus":1,"truck":0,"resourceId":"034ff02b-f6ed-4668-a5e7-352385ff9e5f"},"geometry":{"type":"Point","coordinates":[-45.8445349146,-23.1817460222]}},{"type":"Feature","id":"2705683","properties":{"period":"2025-11","date":"04/11/2025","hour":"09:06","type":"OUTROS","turn":"MANHA","roadType":"VIAS URBANAS","street":"AVENIDA ANDROMEDA","fatal":false,"fatalVictims":0,"seriousVictims":0,"pedestrian":0,"bicycle":0,"motorcycle":0,"automobile":3,"bus":0,"truck":0,"resourceId":"034ff02b-f6ed-4668-a5e7-352385ff9e5f"},"geometry":{"type":"Point","coordinates":[-45.8924506,-23.2194938]}},{"type":"Feature","id":"2710434","properties":{"period":"2025-11","date":"05/11/2025","hour":"11:47","type":"COLISAO","turn":"MANHA","roadType":"VIAS URBANAS","street":"AVENIDA JOSE HONORATO SOBRINHO","fatal":false,"fatalVictims":0,"seriousVictims":0,"pedestrian":0,"bicycle":0,"motorcycle":0,"automobile":2,"bus":0,"truck":1,"resourceId":"034ff02b-f6ed-4668-a5e7-352385ff9e5f"},"geometry":{"type":"Point","coordinates":[-45.8967195,-23.2523436]}},{"type":"Feature","id":"2746510","properties":{"period":"2025-11","date":"06/11/2025","hour":"07:30","type":"COLISAO","turn":"MANHA","roadType":"ESTRADAS E RODOVIAS","street":"BR 116","fatal":false,"fatalVictims":0,"seriousVictims":0,"pedestrian":0,"bicycle":0,"motorcycle":1,"automobile":1,"bus":0,"truck":0,"resourceId":"034ff02b-f6ed-4668-a5e7-352385ff9e5f"},"geometry":{"type":"Point","coordinates":[-45.8373893794,-23.1784264106]}},{"type":"Feature","id":"2697432","properties":{"period":"2025-11","date":"08/11/2025","hour":"09:40","type":"COLISAO","turn":"MANHA","roadType":"VIAS URBANAS","street":"PRACA PARIS","fatal":false,"fatalVictims":0,"seriousVictims":0,"pedestrian":0,"bicycle":0,"motorcycle":1,"automobile":1,"bus":0,"truck":0,"resourceId":"034ff02b-f6ed-4668-a5e7-352385ff9e5f"},"geometry":{"type":"Point","coordinates":[-45.8775407,-23.1975973]}},{"type":"Feature","id":"2698443","properties":{"period":"2025-11","date":"10/11/2025","hour":"13:19","type":"NAO DISPONIVEL","turn":"TARDE","roadType":"VIAS URBANAS","street":"AVENIDA PEDRO FRIGGI","fatal":false,"fatalVictims":0,"seriousVictims":0,"pedestrian":0,"bicycle":0,"motorcycle":0,"automobile":0,"bus":0,"truck":0,"resourceId":"034ff02b-f6ed-4668-a5e7-352385ff9e5f"},"geometry":{"type":"Point","coordinates":[-45.8284183,-23.1756503]}},{"type":"Feature","id":"2698178","properties":{"period":"2025-11","date":"10/11/2025","hour":"07:18","type":"CHOQUE","turn":"MANHA","roadType":"VIAS URBANAS","street":"AVENIDA PAPA JOAO PAULO I","fatal":false,"fatalVictims":0,"seriousVictims":0,"pedestrian":0,"bicycle":0,"motorcycle":0,"automobile":1,"bus":0,"truck":0,"resourceId":"034ff02b-f6ed-4668-a5e7-352385ff9e5f"},"geometry":{"type":"Point","coordinates":[-45.8792275,-23.2282268]}},{"type":"Feature","id":"2705269","properties":{"period":"2025-11","date":"14/11/2025","hour":"07:53","type":"COLISAO","turn":"MANHA","roadType":"VIAS URBANAS","street":"VIA OESTE","fatal":false,"fatalVictims":0,"seriousVictims":0,"pedestrian":0,"bicycle":0,"motorcycle":1,"automobile":1,"bus":0,"truck":0,"resourceId":"034ff02b-f6ed-4668-a5e7-352385ff9e5f"},"geometry":{"type":"Point","coordinates":[-45.9138063,-23.1997155]}},{"type":"Feature","id":"2702319","properties":{"period":"2025-11","date":"16/11/2025","hour":"13:02","type":"ATROPELAMENTO","turn":"TARDE","roadType":"VIAS URBANAS","street":"AVENIDA SAO JOSE","fatal":false,"fatalVictims":0,"seriousVictims":1,"pedestrian":1,"bicycle":0,"motorcycle":1,"automobile":0,"bus":0,"truck":0,"resourceId":"034ff02b-f6ed-4668-a5e7-352385ff9e5f"},"geometry":{"type":"Point","coordinates":[-45.8909159,-23.1759937]}},{"type":"Feature","id":"2747147","properties":{"period":"2025-11","date":"17/11/2025","hour":"01:20","type":"CHOQUE","turn":"MADRUGADA","roadType":"ESTRADAS E RODOVIAS","street":"BR 116","fatal":false,"fatalVictims":0,"seriousVictims":0,"pedestrian":0,"bicycle":0,"motorcycle":0,"automobile":1,"bus":0,"truck":0,"resourceId":"034ff02b-f6ed-4668-a5e7-352385ff9e5f"},"geometry":{"type":"Point","coordinates":[-45.8901426273,-23.2100680558]}},{"type":"Feature","id":"2709044","properties":{"period":"2025-11","date":"19/11/2025","hour":"11:10","type":"COLISAO","turn":"MANHA","roadType":"VIAS URBANAS","street":"RUA VALPARAISO","fatal":false,"fatalVictims":0,"seriousVictims":0,"pedestrian":0,"bicycle":0,"motorcycle":1,"automobile":0,"bus":0,"truck":0,"resourceId":"034ff02b-f6ed-4668-a5e7-352385ff9e5f"},"geometry":{"type":"Point","coordinates":[-45.9020151,-23.2330524]}},{"type":"Feature","id":"2707097","properties":{"period":"2025-11","date":"20/11/2025","hour":"23:32","type":"CHOQUE","turn":"NOITE","roadType":"VIAS URBANAS","street":"RUA CARVALHO DE ARAUJO","fatal":false,"fatalVictims":0,"seriousVictims":0,"pedestrian":0,"bicycle":0,"motorcycle":0,"automobile":1,"bus":0,"truck":0,"resourceId":"034ff02b-f6ed-4668-a5e7-352385ff9e5f"},"geometry":{"type":"Point","coordinates":[-45.8842788,-23.1777507]}},{"type":"Feature","id":"2701337","properties":{"period":"2025-11","date":"20/11/2025","hour":"15:29","type":"COLISAO","turn":"TARDE","roadType":"VIAS URBANAS","street":"AVENIDA PAULISTA","fatal":false,"fatalVictims":0,"seriousVictims":0,"pedestrian":0,"bicycle":0,"motorcycle":1,"automobile":1,"bus":0,"truck":0,"resourceId":"034ff02b-f6ed-4668-a5e7-352385ff9e5f"},"geometry":{"type":"Point","coordinates":[-45.910625,-23.1976664]}},{"type":"Feature","id":"2711155","properties":{"period":"2025-11","date":"12/11/2025","hour":"14:59","type":"COLISAO","turn":"TARDE","roadType":"VIAS URBANAS","street":"AVENIDA UBERABA","fatal":false,"fatalVictims":0,"seriousVictims":0,"pedestrian":0,"bicycle":0,"motorcycle":1,"automobile":1,"bus":0,"truck":0,"resourceId":"034ff02b-f6ed-4668-a5e7-352385ff9e5f"},"geometry":{"type":"Point","coordinates":[-45.8506489,-23.174269]}},{"type":"Feature","id":"2707185","properties":{"period":"2025-11","date":"12/11/2025","hour":"09:36","type":"NAO DISPONIVEL","turn":"MANHA","roadType":"VIAS URBANAS","street":"RUA SAIGIRO NAKAMURA","fatal":false,"fatalVictims":0,"seriousVictims":0,"pedestrian":0,"bicycle":0,"motorcycle":0,"automobile":0,"bus":0,"truck":0,"resourceId":"034ff02b-f6ed-4668-a5e7-352385ff9e5f"},"geometry":{"type":"Point","coordinates":[-45.855122,-23.1814909]}},{"type":"Feature","id":"2705272","properties":{"period":"2025-11","date":"13/11/2025","hour":"08:03","type":"ATROPELAMENTO","turn":"MANHA","roadType":"VIAS URBANAS","street":"AVENIDA SAO JOSE","fatal":false,"fatalVictims":0,"seriousVictims":0,"pedestrian":1,"bicycle":1,"motorcycle":0,"automobile":1,"bus":0,"truck":0,"resourceId":"034ff02b-f6ed-4668-a5e7-352385ff9e5f"},"geometry":{"type":"Point","coordinates":[-45.8908332,-23.176646]}},{"type":"Feature","id":"2709880","properties":{"period":"2025-11","date":"16/11/2025","hour":"03:34","type":"COLISAO","turn":"MADRUGADA","roadType":"VIAS URBANAS","street":"RUA PRESIDENTE ALVES","fatal":false,"fatalVictims":0,"seriousVictims":0,"pedestrian":0,"bicycle":0,"motorcycle":0,"automobile":2,"bus":0,"truck":0,"resourceId":"034ff02b-f6ed-4668-a5e7-352385ff9e5f"},"geometry":{"type":"Point","coordinates":[-45.9197058,-23.2237523]}},{"type":"Feature","id":"2746442","properties":{"period":"2025-11","date":"17/11/2025","hour":"18:00","type":"OUTROS","turn":"NOITE","roadType":"ESTRADAS E RODOVIAS","street":"BR 116","fatal":false,"fatalVictims":0,"seriousVictims":0,"pedestrian":0,"bicycle":0,"motorcycle":1,"automobile":3,"bus":0,"truck":0,"resourceId":"034ff02b-f6ed-4668-a5e7-352385ff9e5f"},"geometry":{"type":"Point","coordinates":[-45.8303064477,-23.1749791386]}},{"type":"Feature","id":"2708445","properties":{"period":"2025-11","date":"19/11/2025","hour":"09:20","type":"COLISAO","turn":"MANHA","roadType":"VIAS URBANAS","street":"AVENIDA CIDADE JARDIM","fatal":false,"fatalVictims":0,"seriousVictims":0,"pedestrian":0,"bicycle":0,"motorcycle":0,"automobile":1,"bus":0,"truck":0,"resourceId":"034ff02b-f6ed-4668-a5e7-352385ff9e5f"},"geometry":{"type":"Point","coordinates":[-45.8807605,-23.2364235]}},{"type":"Feature","id":"2703124","properties":{"period":"2025-11","date":"13/11/2025","hour":"19:05","type":"CHOQUE","turn":"NOITE","roadType":"VIAS URBANAS","street":"R JOSE DE CAMPOS","fatal":false,"fatalVictims":0,"seriousVictims":0,"pedestrian":0,"bicycle":0,"motorcycle":0,"automobile":1,"bus":0,"truck":0,"resourceId":"034ff02b-f6ed-4668-a5e7-352385ff9e5f"},"geometry":{"type":"Point","coordinates":[-45.900361,-23.260389]}},{"type":"Feature","id":"2708500","properties":{"period":"2025-11","date":"13/11/2025","hour":"08:42","type":"COLISAO","turn":"MANHA","roadType":"VIAS URBANAS","street":"AVENIDA SAO JOAO","fatal":false,"fatalVictims":0,"seriousVictims":0,"pedestrian":0,"bicycle":0,"motorcycle":1,"automobile":0,"bus":0,"truck":0,"resourceId":"034ff02b-f6ed-4668-a5e7-352385ff9e5f"},"geometry":{"type":"Point","coordinates":[-45.8936252,-23.1927217]}},{"type":"Feature","id":"2702500","properties":{"period":"2025-11","date":"14/11/2025","hour":"19:00","type":"CHOQUE","turn":"NOITE","roadType":"VIAS URBANAS","street":"AVENIDA MARIO COVAS","fatal":false,"fatalVictims":0,"seriousVictims":0,"pedestrian":0,"bicycle":0,"motorcycle":0,"automobile":3,"bus":0,"truck":0,"resourceId":"034ff02b-f6ed-4668-a5e7-352385ff9e5f"},"geometry":{"type":"Point","coordinates":[-45.8771608,-23.2296745]}},{"type":"Feature","id":"2746960","properties":{"period":"2025-11","date":"15/11/2025","hour":"13:15","type":"OUTROS","turn":"TARDE","roadType":"ESTRADAS E RODOVIAS","street":"BR 116","fatal":false,"fatalVictims":0,"seriousVictims":0,"pedestrian":0,"bicycle":0,"motorcycle":1,"automobile":0,"bus":0,"truck":0,"resourceId":"034ff02b-f6ed-4668-a5e7-352385ff9e5f"},"geometry":{"type":"Point","coordinates":[-45.8391757632,-23.1792563135]}},{"type":"Feature","id":"2745029","properties":{"period":"2025-11","date":"16/11/2025","hour":"17:25","type":"COLISAO","turn":"TARDE","roadType":"ESTRADAS E RODOVIAS","street":"BR 116","fatal":false,"fatalVictims":0,"seriousVictims":0,"pedestrian":0,"bicycle":0,"motorcycle":1,"automobile":1,"bus":0,"truck":0,"resourceId":"034ff02b-f6ed-4668-a5e7-352385ff9e5f"},"geometry":{"type":"Point","coordinates":[-45.7820206972,-23.1504470312]}},{"type":"Feature","id":"2704750","properties":{"period":"2025-11","date":"12/11/2025","hour":"07:14","type":"COLISAO","turn":"MANHA","roadType":"VIAS URBANAS","street":"AVENIDA ENGENHEIRO SEBASTIAO GUALBERTO","fatal":false,"fatalVictims":0,"seriousVictims":0,"pedestrian":0,"bicycle":0,"motorcycle":1,"automobile":1,"bus":0,"truck":0,"resourceId":"034ff02b-f6ed-4668-a5e7-352385ff9e5f"},"geometry":{"type":"Point","coordinates":[-45.8842562,-23.1746861]}},{"type":"Feature","id":"2701875","properties":{"period":"2025-11","date":"12/11/2025","hour":"17:13","type":"COLISAO","turn":"TARDE","roadType":"VIAS URBANAS","street":"PRACA YAMAGATA","fatal":false,"fatalVictims":0,"seriousVictims":0,"pedestrian":0,"bicycle":0,"motorcycle":1,"automobile":1,"bus":0,"truck":0,"resourceId":"034ff02b-f6ed-4668-a5e7-352385ff9e5f"},"geometry":{"type":"Point","coordinates":[-45.8978864,-23.2434346]}},{"type":"Feature","id":"2706899","properties":{"period":"2025-11","date":"15/11/2025","hour":"00:08","type":"COLISAO","turn":"MADRUGADA","roadType":"VIAS URBANAS","street":"RUA VALPARAISO","fatal":false,"fatalVictims":0,"seriousVictims":0,"pedestrian":0,"bicycle":0,"motorcycle":1,"automobile":1,"bus":0,"truck":0,"resourceId":"034ff02b-f6ed-4668-a5e7-352385ff9e5f"},"geometry":{"type":"Point","coordinates":[-45.901945,-23.233129]}},{"type":"Feature","id":"2746863","properties":{"period":"2025-11","date":"20/11/2025","hour":"20:10","type":"OUTROS","turn":"NOITE","roadType":"ESTRADAS E RODOVIAS","street":"BR 116","fatal":false,"fatalVictims":0,"seriousVictims":0,"pedestrian":0,"bicycle":0,"motorcycle":0,"automobile":2,"bus":0,"truck":0,"resourceId":"034ff02b-f6ed-4668-a5e7-352385ff9e5f"},"geometry":{"type":"Point","coordinates":[-45.8596674183,-23.1889063617]}},{"type":"Feature","id":"2702440","properties":{"period":"2025-11","date":"12/11/2025","hour":"18:42","type":"ATROPELAMENTO","turn":"NOITE","roadType":"VIAS URBANAS","street":"AVENIDA ENGENHEIRO SEBASTIAO GUALBERTO","fatal":false,"fatalVictims":0,"seriousVictims":0,"pedestrian":1,"bicycle":0,"motorcycle":1,"automobile":0,"bus":0,"truck":0,"resourceId":"034ff02b-f6ed-4668-a5e7-352385ff9e5f"},"geometry":{"type":"Point","coordinates":[-45.8889381,-23.1744771]}},{"type":"Feature","id":"2709723","properties":{"period":"2025-11","date":"18/11/2025","hour":"17:40","type":"COLISAO","turn":"TARDE","roadType":"VIAS URBANAS","street":"RUA CECI","fatal":false,"fatalVictims":0,"seriousVictims":0,"pedestrian":0,"bicycle":0,"motorcycle":1,"automobile":0,"bus":1,"truck":0,"resourceId":"034ff02b-f6ed-4668-a5e7-352385ff9e5f"},"geometry":{"type":"Point","coordinates":[-45.8720606,-23.1901515]}},{"type":"Feature","id":"2711104","properties":{"period":"2025-11","date":"19/11/2025","hour":"17:13","type":"COLISAO","turn":"TARDE","roadType":"VIAS URBANAS","street":"RUA MAURICIO CARDOSO","fatal":false,"fatalVictims":0,"seriousVictims":0,"pedestrian":0,"bicycle":0,"motorcycle":1,"automobile":1,"bus":0,"truck":0,"resourceId":"034ff02b-f6ed-4668-a5e7-352385ff9e5f"},"geometry":{"type":"Point","coordinates":[-45.8954746,-23.249981]}},{"type":"Feature","id":"2745017","properties":{"period":"2025-11","date":"12/11/2025","hour":"10:25","type":"COLISAO","turn":"MANHA","roadType":"ESTRADAS E RODOVIAS","street":"BR 116","fatal":false,"fatalVictims":0,"seriousVictims":0,"pedestrian":0,"bicycle":0,"motorcycle":0,"automobile":1,"bus":0,"truck":1,"resourceId":"034ff02b-f6ed-4668-a5e7-352385ff9e5f"},"geometry":{"type":"Point","coordinates":[-45.9357737511,-23.2503122305]}},{"type":"Feature","id":"2701260","properties":{"period":"2025-11","date":"14/11/2025","hour":"17:45","type":"COLISAO","turn":"TARDE","roadType":"VIAS URBANAS","street":"R MIGUEL ERAS","fatal":false,"fatalVictims":0,"seriousVictims":0,"pedestrian":0,"bicycle":0,"motorcycle":1,"automobile":1,"bus":0,"truck":0,"resourceId":"034ff02b-f6ed-4668-a5e7-352385ff9e5f"},"geometry":{"type":"Point","coordinates":[-45.894389,-23.167]}},{"type":"Feature","id":"2745065","properties":{"period":"2025-11","date":"12/11/2025","hour":"08:00","type":"COLISAO","turn":"MANHA","roadType":"ESTRADAS E RODOVIAS","street":"BR 116","fatal":false,"fatalVictims":0,"seriousVictims":0,"pedestrian":0,"bicycle":0,"motorcycle":0,"automobile":2,"bus":0,"truck":0,"resourceId":"034ff02b-f6ed-4668-a5e7-352385ff9e5f"},"geometry":{"type":"Point","coordinates":[-45.8391757632,-23.1792563135]}},{"type":"Feature","id":"2700562","properties":{"period":"2025-11","date":"14/11/2025","hour":"16:36","type":"COLISAO","turn":"TARDE","roadType":"VIAS URBANAS","street":"ESTRADA MUNICIPAL MARTINS GUIMARAES","fatal":false,"fatalVictims":0,"seriousVictims":0,"pedestrian":0,"bicycle":0,"motorcycle":0,"automobile":1,"bus":0,"truck":0,"resourceId":"034ff02b-f6ed-4668-a5e7-352385ff9e5f"},"geometry":{"type":"Point","coordinates":[-45.8384601,-23.1717312]}},{"type":"Feature","id":"2710258","properties":{"period":"2025-11","date":"14/11/2025","hour":"13:32","type":"COLISAO","turn":"TARDE","roadType":"VIAS URBANAS","street":"RUA YOSHIKATSU IIDA","fatal":false,"fatalVictims":0,"seriousVictims":0,"pedestrian":0,"bicycle":0,"motorcycle":1,"automobile":1,"bus":0,"truck":0,"resourceId":"034ff02b-f6ed-4668-a5e7-352385ff9e5f"},"geometry":{"type":"Point","coordinates":[-45.891992,-23.245053]}},{"type":"Feature","id":"2745063","properties":{"period":"2025-11","date":"17/11/2025","hour":"19:20","type":"CHOQUE","turn":"NOITE","roadType":"ESTRADAS E RODOVIAS","street":"BR 116","fatal":false,"fatalVictims":0,"seriousVictims":0,"pedestrian":0,"bicycle":0,"motorcycle":0,"automobile":1,"bus":0,"truck":0,"resourceId":"034ff02b-f6ed-4668-a5e7-352385ff9e5f"},"geometry":{"type":"Point","coordinates":[-45.8901426273,-23.2100680558]}},{"type":"Feature","id":"2710714","properties":{"period":"2025-11","date":"18/11/2025","hour":"15:30","type":"CHOQUE","turn":"TARDE","roadType":"VIAS URBANAS","street":"SP 070","fatal":false,"fatalVictims":0,"seriousVictims":1,"pedestrian":0,"bicycle":0,"motorcycle":0,"automobile":5,"bus":1,"truck":7,"resourceId":"034ff02b-f6ed-4668-a5e7-352385ff9e5f"},"geometry":{"type":"Point","coordinates":[-45.7896198,-23.2434977]}},{"type":"Feature","id":"2745042","properties":{"period":"2025-11","date":"19/11/2025","hour":"07:40","type":"OUTROS","turn":"MANHA","roadType":"ESTRADAS E RODOVIAS","street":"BR 116","fatal":false,"fatalVictims":0,"seriousVictims":0,"pedestrian":0,"bicycle":0,"motorcycle":0,"automobile":3,"bus":0,"truck":0,"resourceId":"034ff02b-f6ed-4668-a5e7-352385ff9e5f"},"geometry":{"type":"Point","coordinates":[-45.8303064477,-23.1749791386]}},{"type":"Feature","id":"2707880","properties":{"period":"2025-11","date":"18/11/2025","hour":"08:26","type":"COLISAO","turn":"MANHA","roadType":"VIAS URBANAS","street":"AVENIDA JOSE MARTINS FERREIRA","fatal":false,"fatalVictims":0,"seriousVictims":0,"pedestrian":0,"bicycle":0,"motorcycle":1,"automobile":1,"bus":0,"truck":0,"resourceId":"034ff02b-f6ed-4668-a5e7-352385ff9e5f"},"geometry":{"type":"Point","coordinates":[-45.817857,-23.2203654]}},{"type":"Feature","id":"2705371","properties":{"period":"2025-11","date":"24/11/2025","hour":"00:01","type":"COLISAO","turn":"MADRUGADA","roadType":"VIAS URBANAS","street":"ANA MARIA NARDO","fatal":false,"fatalVictims":0,"seriousVictims":0,"pedestrian":0,"bicycle":0,"motorcycle":1,"automobile":1,"bus":0,"truck":0,"resourceId":"034ff02b-f6ed-4668-a5e7-352385ff9e5f"},"geometry":{"type":"Point","coordinates":[-45.90613204,-23.20479628]}},{"type":"Feature","id":"2701735","properties":{"period":"2025-11","date":"29/11/2025","hour":"14:06","type":"COLISAO","turn":"TARDE","roadType":"VIAS URBANAS","street":"AVENIDA DEPUTADO BENEDITO MATARAZZO","fatal":false,"fatalVictims":0,"seriousVictims":0,"pedestrian":0,"bicycle":0,"motorcycle":1,"automobile":1,"bus":0,"truck":0,"resourceId":"034ff02b-f6ed-4668-a5e7-352385ff9e5f"},"geometry":{"type":"Point","coordinates":[-45.8864792,-23.2064923]}},{"type":"Feature","id":"2745064","properties":{"period":"2025-11","date":"22/11/2025","hour":"06:15","type":"CHOQUE","turn":"MANHA","roadType":"ESTRADAS E RODOVIAS","street":"BR 116","fatal":false,"fatalVictims":0,"seriousVictims":1,"pedestrian":0,"bicycle":0,"motorcycle":1,"automobile":0,"bus":0,"truck":0,"resourceId":"034ff02b-f6ed-4668-a5e7-352385ff9e5f"},"geometry":{"type":"Point","coordinates":[-45.8285564311,-23.1740750657]}},{"type":"Feature","id":"2709041","properties":{"period":"2025-11","date":"23/11/2025","hour":"05:52","type":"COLISAO","turn":"MADRUGADA","roadType":"VIAS URBANAS","street":"RUA GENESIA BERARDINELLI TARANTINO","fatal":false,"fatalVictims":0,"seriousVictims":0,"pedestrian":0,"bicycle":0,"motorcycle":1,"automobile":1,"bus":0,"truck":0,"resourceId":"034ff02b-f6ed-4668-a5e7-352385ff9e5f"},"geometry":{"type":"Point","coordinates":[-45.87639,-23.1918858]}},{"type":"Feature","id":"2699841","properties":{"period":"2025-11","date":"27/11/2025","hour":"20:30","type":"ATROPELAMENTO","turn":"NOITE","roadType":"VIAS URBANAS","street":"ACESSO AVENIDA JOAO RODOLFO CASTELLI","fatal":false,"fatalVictims":0,"seriousVictims":0,"pedestrian":0,"bicycle":0,"motorcycle":0,"automobile":0,"bus":0,"truck":0,"resourceId":"034ff02b-f6ed-4668-a5e7-352385ff9e5f"},"geometry":{"type":"Point","coordinates":[-45.83531975,-23.24415418]}},{"type":"Feature","id":"2703098","properties":{"period":"2025-11","date":"27/11/2025","hour":"23:32","type":"ATROPELAMENTO","turn":"NOITE","roadType":"VIAS URBANAS","street":"AVENIDA PRESIDENTE TANCREDO NEVES","fatal":false,"fatalVictims":0,"seriousVictims":0,"pedestrian":0,"bicycle":0,"motorcycle":0,"automobile":0,"bus":0,"truck":0,"resourceId":"034ff02b-f6ed-4668-a5e7-352385ff9e5f"},"geometry":{"type":"Point","coordinates":[-45.8011974,-23.1843407]}},{"type":"Feature","id":"2702129","properties":{"period":"2025-11","date":"28/11/2025","hour":"19:29","type":"COLISAO","turn":"NOITE","roadType":"VIAS URBANAS","street":"AVENIDA JOAO BATISTA DE SOUZA SOARES","fatal":false,"fatalVictims":0,"seriousVictims":1,"pedestrian":0,"bicycle":0,"motorcycle":1,"automobile":1,"bus":0,"truck":0,"resourceId":"034ff02b-f6ed-4668-a5e7-352385ff9e5f"},"geometry":{"type":"Point","coordinates":[-45.9009347,-23.2301012]}},{"type":"Feature","id":"2746351","properties":{"period":"2025-11","date":"29/11/2025","hour":"08:20","type":"COLISAO","turn":"MANHA","roadType":"ESTRADAS E RODOVIAS","street":"BR 116","fatal":false,"fatalVictims":0,"seriousVictims":0,"pedestrian":0,"bicycle":0,"motorcycle":0,"automobile":1,"bus":1,"truck":0,"resourceId":"034ff02b-f6ed-4668-a5e7-352385ff9e5f"},"geometry":{"type":"Point","coordinates":[-45.8303064477,-23.1749791386]}},{"type":"Feature","id":"2702178","properties":{"period":"2025-11","date":"22/11/2025","hour":"14:58","type":"COLISAO","turn":"TARDE","roadType":"VIAS URBANAS","street":"RUA DOLZANI RICARDO","fatal":false,"fatalVictims":0,"seriousVictims":0,"pedestrian":0,"bicycle":0,"motorcycle":1,"automobile":1,"bus":0,"truck":0,"resourceId":"034ff02b-f6ed-4668-a5e7-352385ff9e5f"},"geometry":{"type":"Point","coordinates":[-45.8885658,-23.187443]}},{"type":"Feature","id":"2700481","properties":{"period":"2025-11","date":"26/11/2025","hour":"18:48","type":"COLISAO","turn":"NOITE","roadType":"VIAS URBANAS","street":"AVENIDA BENEDITO FRIGGI","fatal":false,"fatalVictims":0,"seriousVictims":0,"pedestrian":0,"bicycle":0,"motorcycle":1,"automobile":1,"bus":0,"truck":0,"resourceId":"034ff02b-f6ed-4668-a5e7-352385ff9e5f"},"geometry":{"type":"Point","coordinates":[-45.8131762,-23.1731223]}},{"type":"Feature","id":"2706838","properties":{"period":"2025-11","date":"28/11/2025","hour":"12:58","type":"COLISAO","turn":"TARDE","roadType":"VIAS URBANAS","street":"AVENIDA SENADOR TEOTONIO VILELA","fatal":false,"fatalVictims":0,"seriousVictims":0,"pedestrian":0,"bicycle":0,"motorcycle":1,"automobile":3,"bus":0,"truck":0,"resourceId":"034ff02b-f6ed-4668-a5e7-352385ff9e5f"},"geometry":{"type":"Point","coordinates":[-45.875141,-23.1777252]}},{"type":"Feature","id":"2706653","properties":{"period":"2025-11","date":"21/11/2025","hour":"23:35","type":"ATROPELAMENTO","turn":"NOITE","roadType":"VIAS URBANAS","street":"RUA DANILO EDUARDO RIOS RAMOS","fatal":false,"fatalVictims":0,"seriousVictims":0,"pedestrian":1,"bicycle":0,"motorcycle":0,"automobile":1,"bus":0,"truck":0,"resourceId":"034ff02b-f6ed-4668-a5e7-352385ff9e5f"},"geometry":{"type":"Point","coordinates":[-45.7789776,-23.1687779]}},{"type":"Feature","id":"2700581","properties":{"period":"2025-11","date":"21/11/2025","hour":"16:07","type":"COLISAO","turn":"TARDE","roadType":"VIAS URBANAS","street":"RUA GENESIA BERARDINELLI TARANTINO","fatal":false,"fatalVictims":0,"seriousVictims":0,"pedestrian":0,"bicycle":0,"motorcycle":1,"automobile":1,"bus":0,"truck":0,"resourceId":"034ff02b-f6ed-4668-a5e7-352385ff9e5f"},"geometry":{"type":"Point","coordinates":[-45.8786394,-23.1887635]}},{"type":"Feature","id":"2708659","properties":{"period":"2025-11","date":"24/11/2025","hour":"09:19","type":"COLISAO","turn":"MANHA","roadType":"VIAS URBANAS","street":"RUA ANA MARIA NARDO SILVA","fatal":false,"fatalVictims":0,"seriousVictims":0,"pedestrian":0,"bicycle":0,"motorcycle":1,"automobile":1,"bus":0,"truck":0,"resourceId":"034ff02b-f6ed-4668-a5e7-352385ff9e5f"},"geometry":{"type":"Point","coordinates":[-45.9088273,-23.1962376]}},{"type":"Feature","id":"2745084","properties":{"period":"2025-11","date":"27/11/2025","hour":"17:30","type":"COLISAO","turn":"TARDE","roadType":"ESTRADAS E RODOVIAS","street":"BR 116","fatal":false,"fatalVictims":0,"seriousVictims":0,"pedestrian":0,"bicycle":0,"motorcycle":1,"automobile":1,"bus":0,"truck":0,"resourceId":"034ff02b-f6ed-4668-a5e7-352385ff9e5f"},"geometry":{"type":"Point","coordinates":[-45.7776327422,-23.1482138203]}},{"type":"Feature","id":"2707500","properties":{"period":"2025-11","date":"22/11/2025","hour":"08:46","type":"COLISAO","turn":"MANHA","roadType":"VIAS URBANAS","street":"ESTRADA DO IMPERADOR","fatal":false,"fatalVictims":0,"seriousVictims":0,"pedestrian":0,"bicycle":0,"motorcycle":1,"automobile":1,"bus":0,"truck":0,"resourceId":"034ff02b-f6ed-4668-a5e7-352385ff9e5f"},"geometry":{"type":"Point","coordinates":[-45.9014084,-23.2752674]}},{"type":"Feature","id":"2709901","properties":{"period":"2025-11","date":"27/11/2025","hour":"12:47","type":"COLISAO","turn":"TARDE","roadType":"VIAS URBANAS","street":"AVENIDA SENADOR TEOTONIO VILELA","fatal":false,"fatalVictims":0,"seriousVictims":0,"pedestrian":0,"bicycle":0,"motorcycle":1,"automobile":1,"bus":0,"truck":0,"resourceId":"034ff02b-f6ed-4668-a5e7-352385ff9e5f"},"geometry":{"type":"Point","coordinates":[-45.8829575,-23.1915813]}},{"type":"Feature","id":"2701576","properties":{"period":"2025-11","date":"27/11/2025","hour":"20:30","type":"ATROPELAMENTO","turn":"NOITE","roadType":"VIAS URBANAS","street":"AVENIDA JOAO RODOLFO CASTELLI","fatal":false,"fatalVictims":0,"seriousVictims":0,"pedestrian":0,"bicycle":0,"motorcycle":0,"automobile":0,"bus":0,"truck":0,"resourceId":"034ff02b-f6ed-4668-a5e7-352385ff9e5f"},"geometry":{"type":"Point","coordinates":[-45.8323301,-23.2447071]}},{"type":"Feature","id":"2700332","properties":{"period":"2025-11","date":"30/11/2025","hour":"08:19","type":"NAO DISPONIVEL","turn":"MANHA","roadType":"VIAS URBANAS","street":"RUA SAIGIRO NAKAMURA","fatal":false,"fatalVictims":0,"seriousVictims":0,"pedestrian":0,"bicycle":0,"motorcycle":0,"automobile":0,"bus":0,"truck":0,"resourceId":"034ff02b-f6ed-4668-a5e7-352385ff9e5f"},"geometry":{"type":"Point","coordinates":[-45.855122,-23.1814909]}},{"type":"Feature","id":"2700939","properties":{"period":"2025-11","date":"22/11/2025","hour":"13:47","type":"OUTROS","turn":"TARDE","roadType":"VIAS URBANAS","street":"RUA SANTO AGOSTINHO","fatal":false,"fatalVictims":0,"seriousVictims":0,"pedestrian":0,"bicycle":0,"motorcycle":0,"automobile":1,"bus":0,"truck":0,"resourceId":"034ff02b-f6ed-4668-a5e7-352385ff9e5f"},"geometry":{"type":"Point","coordinates":[-45.89395991,-23.19307051]}},{"type":"Feature","id":"2706736","properties":{"period":"2025-11","date":"24/11/2025","hour":"12:29","type":"COLISAO","turn":"TARDE","roadType":"VIAS URBANAS","street":"AV DR ROMEU PESTRATI","fatal":false,"fatalVictims":0,"seriousVictims":1,"pedestrian":0,"bicycle":0,"motorcycle":2,"automobile":0,"bus":0,"truck":0,"resourceId":"034ff02b-f6ed-4668-a5e7-352385ff9e5f"},"geometry":{"type":"Point","coordinates":[-45.91323506,-23.27198586]}},{"type":"Feature","id":"2707779","properties":{"period":"2025-11","date":"26/11/2025","hour":"07:47","type":"COLISAO","turn":"MANHA","roadType":"VIAS URBANAS","street":"AVENIDA PEDRO FRIGGI","fatal":false,"fatalVictims":0,"seriousVictims":0,"pedestrian":0,"bicycle":0,"motorcycle":1,"automobile":1,"bus":0,"truck":0,"resourceId":"034ff02b-f6ed-4668-a5e7-352385ff9e5f"},"geometry":{"type":"Point","coordinates":[-45.832482,-23.180185]}},{"type":"Feature","id":"2704205","properties":{"period":"2025-11","date":"26/11/2025","hour":"05:55","type":"COLISAO","turn":"MADRUGADA","roadType":"VIAS URBANAS","street":"ESTRADA JUCA CARVALHO","fatal":false,"fatalVictims":0,"seriousVictims":0,"pedestrian":0,"bicycle":0,"motorcycle":0,"automobile":1,"bus":0,"truck":0,"resourceId":"034ff02b-f6ed-4668-a5e7-352385ff9e5f"},"geometry":{"type":"Point","coordinates":[-45.92083766,-23.14788006]}},{"type":"Feature","id":"2710520","properties":{"period":"2025-11","date":"26/11/2025","hour":"15:17","type":"COLISAO","turn":"TARDE","roadType":"VIAS URBANAS","street":"RUA SANTA CLARA","fatal":false,"fatalVictims":0,"seriousVictims":0,"pedestrian":0,"bicycle":0,"motorcycle":0,"automobile":2,"bus":0,"truck":0,"resourceId":"034ff02b-f6ed-4668-a5e7-352385ff9e5f"},"geometry":{"type":"Point","coordinates":[-45.8929421,-23.1981294]}},{"type":"Feature","id":"2706737","properties":{"period":"2025-11","date":"28/11/2025","hour":"12:46","type":"ATROPELAMENTO","turn":"TARDE","roadType":"VIAS URBANAS","street":"ESTRADA PEDRO MOACIR DE ALMEIDA","fatal":false,"fatalVictims":0,"seriousVictims":0,"pedestrian":1,"bicycle":0,"motorcycle":0,"automobile":1,"bus":0,"truck":0,"resourceId":"034ff02b-f6ed-4668-a5e7-352385ff9e5f"},"geometry":{"type":"Point","coordinates":[-45.8980465,-23.1499258]}},{"type":"Feature","id":"2709961","properties":{"period":"2025-11","date":"28/11/2025","hour":"13:23","type":"COLISAO","turn":"TARDE","roadType":"VIAS URBANAS","street":"AVENIDA PRESIDENTE JUSCELINO KUBITSCHEK","fatal":false,"fatalVictims":0,"seriousVictims":0,"pedestrian":0,"bicycle":0,"motorcycle":1,"automobile":1,"bus":0,"truck":0,"resourceId":"034ff02b-f6ed-4668-a5e7-352385ff9e5f"},"geometry":{"type":"Point","coordinates":[-45.8681826,-23.1813537]}},{"type":"Feature","id":"2699430","properties":{"period":"2025-11","date":"30/11/2025","hour":"20:48","type":"ATROPELAMENTO","turn":"NOITE","roadType":"VIAS URBANAS","street":"AVENIDA DOS ASTRONAUTAS","fatal":true,"fatalVictims":1,"seriousVictims":0,"pedestrian":1,"bicycle":0,"motorcycle":1,"automobile":0,"bus":0,"truck":0,"resourceId":"034ff02b-f6ed-4668-a5e7-352385ff9e5f"},"geometry":{"type":"Point","coordinates":[-45.8608412474,-23.2051796665]}},{"type":"Feature","id":"2700325","properties":{"period":"2025-11","date":"23/11/2025","hour":"10:01","type":"OUTROS","turn":"MANHA","roadType":"VIAS URBANAS","street":"RUA SAIGIRO NAKAMURA","fatal":false,"fatalVictims":0,"seriousVictims":0,"pedestrian":0,"bicycle":0,"motorcycle":0,"automobile":0,"bus":0,"truck":0,"resourceId":"034ff02b-f6ed-4668-a5e7-352385ff9e5f"},"geometry":{"type":"Point","coordinates":[-45.855122,-23.1814909]}},{"type":"Feature","id":"2700826","properties":{"period":"2025-11","date":"24/11/2025","hour":"19:24","type":"ATROPELAMENTO","turn":"NOITE","roadType":"VIAS URBANAS","street":"AVENIDA ELIANE MARIA BARBIERE SOARES","fatal":false,"fatalVictims":0,"seriousVictims":0,"pedestrian":0,"bicycle":0,"motorcycle":0,"automobile":1,"bus":0,"truck":0,"resourceId":"034ff02b-f6ed-4668-a5e7-352385ff9e5f"},"geometry":{"type":"Point","coordinates":[-45.9012162,-23.2486511]}},{"type":"Feature","id":"2700831","properties":{"period":"2025-11","date":"27/11/2025","hour":"18:52","type":"COLISAO","turn":"NOITE","roadType":"VIAS URBANAS","street":"ESTRADA MUNICIPAL MARTINS GUIMARAES","fatal":false,"fatalVictims":0,"seriousVictims":0,"pedestrian":0,"bicycle":0,"motorcycle":1,"automobile":1,"bus":0,"truck":0,"resourceId":"034ff02b-f6ed-4668-a5e7-352385ff9e5f"},"geometry":{"type":"Point","coordinates":[-45.8344995,-23.1702621]}},{"type":"Feature","id":"2746910","properties":{"period":"2025-11","date":"27/11/2025","hour":"23:50","type":"ATROPELAMENTO","turn":"NOITE","roadType":"VIAS URBANAS","street":"AVENIDA PRESIDENTE TANCREDO NEVES","fatal":false,"fatalVictims":0,"seriousVictims":0,"pedestrian":0,"bicycle":0,"motorcycle":0,"automobile":0,"bus":0,"truck":0,"resourceId":"034ff02b-f6ed-4668-a5e7-352385ff9e5f"},"geometry":{"type":"Point","coordinates":[-45.81144188,-23.17829758]}},{"type":"Feature","id":"2744463","properties":{"period":"2025-11","date":"30/11/2025","hour":"21:30","type":"COLISAO","turn":"NOITE","roadType":"ESTRADAS E RODOVIAS","street":"SP 070","fatal":false,"fatalVictims":0,"seriousVictims":0,"pedestrian":0,"bicycle":0,"motorcycle":1,"automobile":0,"bus":0,"truck":0,"resourceId":"034ff02b-f6ed-4668-a5e7-352385ff9e5f"},"geometry":{"type":"Point","coordinates":[-45.9053761637,-23.3164698157]}},{"type":"Feature","id":"2704189","properties":{"period":"2025-11","date":"30/11/2025","hour":"13:30","type":"OUTROS","turn":"TARDE","roadType":"VIAS URBANAS","street":"SP 070","fatal":false,"fatalVictims":0,"seriousVictims":0,"pedestrian":0,"bicycle":0,"motorcycle":0,"automobile":3,"bus":0,"truck":0,"resourceId":"034ff02b-f6ed-4668-a5e7-352385ff9e5f"},"geometry":{"type":"Point","coordinates":[-45.8086529,-23.2629792]}},{"type":"Feature","id":"2707878","properties":{"period":"2025-11","date":"22/11/2025","hour":"09:30","type":"NAO DISPONIVEL","turn":"MANHA","roadType":"VIAS URBANAS","street":"RUA SAIGIRO NAKAMURA","fatal":false,"fatalVictims":0,"seriousVictims":0,"pedestrian":0,"bicycle":0,"motorcycle":0,"automobile":0,"bus":0,"truck":0,"resourceId":"034ff02b-f6ed-4668-a5e7-352385ff9e5f"},"geometry":{"type":"Point","coordinates":[-45.855122,-23.1814909]}},{"type":"Feature","id":"2709525","properties":{"period":"2025-11","date":"26/11/2025","hour":"11:49","type":"COLISAO","turn":"MANHA","roadType":"VIAS URBANAS","street":"RUA VALTER DELLU","fatal":false,"fatalVictims":0,"seriousVictims":0,"pedestrian":0,"bicycle":0,"motorcycle":0,"automobile":3,"bus":0,"truck":0,"resourceId":"034ff02b-f6ed-4668-a5e7-352385ff9e5f"},"geometry":{"type":"Point","coordinates":[-45.8972909,-23.2679698]}},{"type":"Feature","id":"2708879","properties":{"period":"2025-11","date":"29/11/2025","hour":"09:04","type":"COLISAO","turn":"MANHA","roadType":"VIAS URBANAS","street":"ESTRADA MUNICIPAL DO JAGUARI","fatal":false,"fatalVictims":0,"seriousVictims":0,"pedestrian":0,"bicycle":0,"motorcycle":1,"automobile":0,"bus":0,"truck":0,"resourceId":"034ff02b-f6ed-4668-a5e7-352385ff9e5f"},"geometry":{"type":"Point","coordinates":[-45.9094709,-23.157854]}},{"type":"Feature","id":"2710076","properties":{"period":"2025-11","date":"22/11/2025","hour":"07:23","type":"COLISAO","turn":"MANHA","roadType":"VIAS URBANAS","street":"AVENIDA TIVOLI","fatal":false,"fatalVictims":0,"seriousVictims":0,"pedestrian":0,"bicycle":0,"motorcycle":0,"automobile":3,"bus":0,"truck":0,"resourceId":"034ff02b-f6ed-4668-a5e7-352385ff9e5f"},"geometry":{"type":"Point","coordinates":[-45.8884998,-23.2059961]}},{"type":"Feature","id":"2745053","properties":{"period":"2025-11","date":"22/11/2025","hour":"00:30","type":"COLISAO","turn":"MADRUGADA","roadType":"ESTRADAS E RODOVIAS","street":"BR 116","fatal":false,"fatalVictims":0,"seriousVictims":0,"pedestrian":0,"bicycle":0,"motorcycle":1,"automobile":1,"bus":0,"truck":0,"resourceId":"034ff02b-f6ed-4668-a5e7-352385ff9e5f"},"geometry":{"type":"Point","coordinates":[-45.8023954961,-23.1603457746]}},{"type":"Feature","id":"2700996","properties":{"period":"2025-11","date":"25/11/2025","hour":"19:36","type":"ATROPELAMENTO","turn":"NOITE","roadType":"VIAS URBANAS","street":"AVENIDA PICO DAS AGULHAS NEGRAS","fatal":false,"fatalVictims":0,"seriousVictims":0,"pedestrian":1,"bicycle":0,"motorcycle":0,"automobile":1,"bus":0,"truck":0,"resourceId":"034ff02b-f6ed-4668-a5e7-352385ff9e5f"},"geometry":{"type":"Point","coordinates":[-45.9151616,-23.1607976]}},{"type":"Feature","id":"2710203","properties":{"period":"2025-11","date":"25/11/2025","hour":"15:15","type":"OUTROS","turn":"TARDE","roadType":"ESTRADAS E RODOVIAS","street":"SP 070","fatal":false,"fatalVictims":0,"seriousVictims":0,"pedestrian":0,"bicycle":0,"motorcycle":0,"automobile":0,"bus":0,"truck":0,"resourceId":"034ff02b-f6ed-4668-a5e7-352385ff9e5f"},"geometry":{"type":"Point","coordinates":[-45.801199505,-23.2570023836]}},{"type":"Feature","id":"2704498","properties":{"period":"2025-11","date":"30/11/2025","hour":"19:23","type":"ATROPELAMENTO","turn":"NOITE","roadType":"VIAS URBANAS","street":"RUA PADRE WILSON CUNHA","fatal":false,"fatalVictims":0,"seriousVictims":0,"pedestrian":1,"bicycle":0,"motorcycle":0,"automobile":0,"bus":0,"truck":0,"resourceId":"034ff02b-f6ed-4668-a5e7-352385ff9e5f"},"geometry":{"type":"Point","coordinates":[-45.8967105,-23.2725613]}},{"type":"Feature","id":"2703029","properties":{"period":"2025-11","date":"30/11/2025","hour":"13:00","type":"COLISAO","turn":"TARDE","roadType":"VIAS URBANAS","street":"MONTEIRO LOBATO","fatal":false,"fatalVictims":0,"seriousVictims":0,"pedestrian":0,"bicycle":0,"motorcycle":1,"automobile":0,"bus":0,"truck":0,"resourceId":"034ff02b-f6ed-4668-a5e7-352385ff9e5f"},"geometry":{"type":"Point","coordinates":[-45.9049468,-23.1438937]}},{"type":"Feature","id":"2710635","properties":{"period":"2025-11","date":"30/11/2025","hour":"04:43","type":"COLISAO","turn":"MADRUGADA","roadType":"VIAS URBANAS","street":"RUA JOAO ADAO","fatal":false,"fatalVictims":0,"seriousVictims":0,"pedestrian":0,"bicycle":0,"motorcycle":1,"automobile":0,"bus":0,"truck":0,"resourceId":"034ff02b-f6ed-4668-a5e7-352385ff9e5f"},"geometry":{"type":"Point","coordinates":[-45.899927,-23.2613721]}},{"type":"Feature","id":"2705026","properties":{"period":"2025-11","date":"30/11/2025","hour":"01:02","type":"COLISAO","turn":"MADRUGADA","roadType":"VIAS URBANAS","street":"AVENIDA PRINCESA ISABEL","fatal":false,"fatalVictims":0,"seriousVictims":1,"pedestrian":0,"bicycle":0,"motorcycle":0,"automobile":2,"bus":0,"truck":0,"resourceId":"034ff02b-f6ed-4668-a5e7-352385ff9e5f"},"geometry":{"type":"Point","coordinates":[-45.8933019,-23.1619685]}},{"type":"Feature","id":"2704165","properties":{"period":"2025-11","date":"30/11/2025","hour":"14:30","type":"COLISAO","turn":"TARDE","roadType":"VIAS URBANAS","street":"AVENIDA JOAO RODOLFO CASTELLI","fatal":false,"fatalVictims":0,"seriousVictims":0,"pedestrian":0,"bicycle":0,"motorcycle":0,"automobile":0,"bus":0,"truck":0,"resourceId":"034ff02b-f6ed-4668-a5e7-352385ff9e5f"},"geometry":{"type":"Point","coordinates":[-45.8347712,-23.2445506]}},{"type":"Feature","id":"2699444","properties":{"period":"2025-11","date":"30/11/2025","hour":"16:40","type":"COLISAO","turn":"TARDE","roadType":"ESTRADAS E RODOVIAS","street":"BR 116","fatal":true,"fatalVictims":1,"seriousVictims":0,"pedestrian":0,"bicycle":0,"motorcycle":3,"automobile":0,"bus":0,"truck":1,"resourceId":"034ff02b-f6ed-4668-a5e7-352385ff9e5f"},"geometry":{"type":"Point","coordinates":[-45.9408828496,-23.2533626684]}},{"type":"Feature","id":"2714469","properties":{"period":"2025-12","date":"06/12/2025","hour":"14:38","type":"COLISAO","turn":"TARDE","roadType":"VIAS URBANAS","street":"AVENIDA LINNEU DE MOURA","fatal":false,"fatalVictims":0,"seriousVictims":0,"pedestrian":0,"bicycle":0,"motorcycle":1,"automobile":1,"bus":0,"truck":0,"resourceId":"326b3d91-d07c-4d64-9ad0-07eace082b80"},"geometry":{"type":"Point","coordinates":[-45.9143628,-23.1998695]}},{"type":"Feature","id":"2725750","properties":{"period":"2025-12","date":"06/12/2025","hour":"11:24","type":"ATROPELAMENTO","turn":"MANHA","roadType":"VIAS URBANAS","street":"AVENIDA PRESIDENTE TANCREDO NEVES","fatal":false,"fatalVictims":0,"seriousVictims":0,"pedestrian":1,"bicycle":0,"motorcycle":0,"automobile":1,"bus":0,"truck":0,"resourceId":"326b3d91-d07c-4d64-9ad0-07eace082b80"},"geometry":{"type":"Point","coordinates":[-45.7925471,-23.1867507]}},{"type":"Feature","id":"2722526","properties":{"period":"2025-12","date":"02/12/2025","hour":"11:14","type":"COLISAO","turn":"MANHA","roadType":"VIAS URBANAS","street":"RUA JUAZEIRO DO NORTE","fatal":false,"fatalVictims":0,"seriousVictims":0,"pedestrian":0,"bicycle":0,"motorcycle":1,"automobile":1,"bus":0,"truck":0,"resourceId":"326b3d91-d07c-4d64-9ad0-07eace082b80"},"geometry":{"type":"Point","coordinates":[-45.9098415,-23.2503621]}},{"type":"Feature","id":"2714144","properties":{"period":"2025-12","date":"02/12/2025","hour":"20:10","type":"OUTROS","turn":"NOITE","roadType":"VIAS URBANAS","street":"RUA OSVALDO MACEDO LECQUES","fatal":false,"fatalVictims":0,"seriousVictims":0,"pedestrian":0,"bicycle":0,"motorcycle":0,"automobile":1,"bus":0,"truck":0,"resourceId":"326b3d91-d07c-4d64-9ad0-07eace082b80"},"geometry":{"type":"Point","coordinates":[-45.8769865,-23.2343276]}},{"type":"Feature","id":"2716566","properties":{"period":"2025-12","date":"03/12/2025","hour":"23:14","type":"NAO DISPONIVEL","turn":"NOITE","roadType":"VIAS URBANAS","street":"AVENIDA PRESIDENTE TANCREDO NEVES","fatal":false,"fatalVictims":0,"seriousVictims":0,"pedestrian":0,"bicycle":0,"motorcycle":0,"automobile":0,"bus":0,"truck":0,"resourceId":"326b3d91-d07c-4d64-9ad0-07eace082b80"},"geometry":{"type":"Point","coordinates":[-45.78211,-23.1944796]}},{"type":"Feature","id":"2725055","properties":{"period":"2025-12","date":"05/12/2025","hour":"17:10","type":"CHOQUE","turn":"TARDE","roadType":"ESTRADAS E RODOVIAS","street":"BR 116","fatal":false,"fatalVictims":0,"seriousVictims":0,"pedestrian":0,"bicycle":0,"motorcycle":0,"automobile":1,"bus":0,"truck":0,"resourceId":"326b3d91-d07c-4d64-9ad0-07eace082b80"},"geometry":{"type":"Point","coordinates":[-45.8822410326,-23.2027424252]}},{"type":"Feature","id":"2724687","properties":{"period":"2025-12","date":"05/12/2025","hour":"04:50","type":"OUTROS","turn":"MADRUGADA","roadType":"ESTRADAS E RODOVIAS","street":"BR 116","fatal":false,"fatalVictims":0,"seriousVictims":0,"pedestrian":0,"bicycle":0,"motorcycle":1,"automobile":0,"bus":0,"truck":0,"resourceId":"326b3d91-d07c-4d64-9ad0-07eace082b80"},"geometry":{"type":"Point","coordinates":[-45.9357737511,-23.2503122305]}},{"type":"Feature","id":"2719240","properties":{"period":"2025-12","date":"07/12/2025","hour":"21:03","type":"CHOQUE","turn":"NOITE","roadType":"VIAS URBANAS","street":"ACESSO ESTRADA DO IMPERADOR","fatal":false,"fatalVictims":0,"seriousVictims":0,"pedestrian":0,"bicycle":0,"motorcycle":0,"automobile":1,"bus":0,"truck":0,"resourceId":"326b3d91-d07c-4d64-9ad0-07eace082b80"},"geometry":{"type":"Point","coordinates":[-45.9037552,-23.27272037]}},{"type":"Feature","id":"2725081","properties":{"period":"2025-12","date":"02/12/2025","hour":"07:30","type":"OUTROS","turn":"MANHA","roadType":"ESTRADAS E RODOVIAS","street":"BR 116","fatal":false,"fatalVictims":0,"seriousVictims":0,"pedestrian":0,"bicycle":0,"motorcycle":1,"automobile":0,"bus":0,"truck":0,"resourceId":"326b3d91-d07c-4d64-9ad0-07eace082b80"},"geometry":{"type":"Point","coordinates":[-45.8822410326,-23.2027424252]}},{"type":"Feature","id":"2723095","properties":{"period":"2025-12","date":"06/12/2025","hour":"05:03","type":"COLISAO","turn":"MADRUGADA","roadType":"VIAS URBANAS","street":"RUA LUIZ GONZAGA AZEVEDO","fatal":false,"fatalVictims":0,"seriousVictims":0,"pedestrian":0,"bicycle":0,"motorcycle":0,"automobile":1,"bus":1,"truck":0,"resourceId":"326b3d91-d07c-4d64-9ad0-07eace082b80"},"geometry":{"type":"Point","coordinates":[-45.9031465,-23.2781124]}},{"type":"Feature","id":"2711286","properties":{"period":"2025-12","date":"07/12/2025","hour":"01:12","type":"CHOQUE","turn":"MADRUGADA","roadType":"VIAS URBANAS","street":"RUA DEMETRIO DIACOV","fatal":true,"fatalVictims":1,"seriousVictims":0,"pedestrian":0,"bicycle":0,"motorcycle":1,"automobile":0,"bus":0,"truck":0,"resourceId":"326b3d91-d07c-4d64-9ad0-07eace082b80"},"geometry":{"type":"Point","coordinates":[-45.8805507871,-23.1874819348]}},{"type":"Feature","id":"2726579","properties":{"period":"2025-12","date":"08/12/2025","hour":"14:37","type":"NAO DISPONIVEL","turn":"TARDE","roadType":"VIAS URBANAS","street":"RUA SAIGIRO NAKAMURA","fatal":false,"fatalVictims":0,"seriousVictims":0,"pedestrian":0,"bicycle":0,"motorcycle":0,"automobile":0,"bus":0,"truck":0,"resourceId":"326b3d91-d07c-4d64-9ad0-07eace082b80"},"geometry":{"type":"Point","coordinates":[-45.855122,-23.1814909]}},{"type":"Feature","id":"2726210","properties":{"period":"2025-12","date":"08/12/2025","hour":"13:59","type":"COLISAO","turn":"TARDE","roadType":"VIAS URBANAS","street":"AVENIDA MARECHAL HENRIQUE TEIXEIRA LOTT","fatal":false,"fatalVictims":0,"seriousVictims":0,"pedestrian":0,"bicycle":0,"motorcycle":0,"automobile":2,"bus":0,"truck":0,"resourceId":"326b3d91-d07c-4d64-9ad0-07eace082b80"},"geometry":{"type":"Point","coordinates":[-45.8866088,-23.2078663]}},{"type":"Feature","id":"2727333","properties":{"period":"2025-12","date":"01/12/2025","hour":"16:40","type":"OUTROS","turn":"TARDE","roadType":"ESTRADAS E RODOVIAS","street":"BR 116","fatal":false,"fatalVictims":0,"seriousVictims":0,"pedestrian":0,"bicycle":0,"motorcycle":1,"automobile":1,"bus":0,"truck":1,"resourceId":"326b3d91-d07c-4d64-9ad0-07eace082b80"},"geometry":{"type":"Point","coordinates":[-45.8901426273,-23.2100680558]}},{"type":"Feature","id":"2717323","properties":{"period":"2025-12","date":"07/12/2025","hour":"15:34","type":"CHOQUE","turn":"TARDE","roadType":"VIAS URBANAS","street":"AVENIDA JOSEFINA POZZI BONDESAN","fatal":false,"fatalVictims":0,"seriousVictims":0,"pedestrian":0,"bicycle":0,"motorcycle":0,"automobile":3,"bus":0,"truck":0,"resourceId":"326b3d91-d07c-4d64-9ad0-07eace082b80"},"geometry":{"type":"Point","coordinates":[-45.7962814,-23.1854028]}},{"type":"Feature","id":"2725092","properties":{"period":"2025-12","date":"02/12/2025","hour":"16:00","type":"OUTROS","turn":"TARDE","roadType":"ESTRADAS E RODOVIAS","street":"BR 116","fatal":false,"fatalVictims":0,"seriousVictims":0,"pedestrian":0,"bicycle":0,"motorcycle":1,"automobile":2,"bus":0,"truck":0,"resourceId":"326b3d91-d07c-4d64-9ad0-07eace082b80"},"geometry":{"type":"Point","coordinates":[-45.7944225885,-23.156472683]}},{"type":"Feature","id":"2714610","properties":{"period":"2025-12","date":"04/12/2025","hour":"20:25","type":"COLISAO","turn":"NOITE","roadType":"VIAS URBANAS","street":"AVENIDA SALINAS","fatal":false,"fatalVictims":0,"seriousVictims":0,"pedestrian":0,"bicycle":0,"motorcycle":1,"automobile":1,"bus":0,"truck":0,"resourceId":"326b3d91-d07c-4d64-9ad0-07eace082b80"},"geometry":{"type":"Point","coordinates":[-45.8910192,-23.2374212]}},{"type":"Feature","id":"2725099","properties":{"period":"2025-12","date":"05/12/2025","hour":"15:25","type":"CHOQUE","turn":"TARDE","roadType":"VIAS URBANAS","street":"AV SEBASTIAO GUALBERTO","fatal":false,"fatalVictims":0,"seriousVictims":0,"pedestrian":0,"bicycle":0,"motorcycle":1,"automobile":1,"bus":0,"truck":0,"resourceId":"326b3d91-d07c-4d64-9ad0-07eace082b80"},"geometry":{"type":"Point","coordinates":[-45.89260369,-23.20753221]}},{"type":"Feature","id":"2745936","properties":{"period":"2025-12","date":"01/12/2025","hour":"15:04","type":"COLISAO","turn":"TARDE","roadType":"VIAS URBANAS","street":"ACESSO RUA CANDEIAS","fatal":false,"fatalVictims":0,"seriousVictims":0,"pedestrian":0,"bicycle":0,"motorcycle":1,"automobile":1,"bus":0,"truck":0,"resourceId":"326b3d91-d07c-4d64-9ad0-07eace082b80"},"geometry":{"type":"Point","coordinates":[-45.90964493,-23.25409207]}},{"type":"Feature","id":"2713213","properties":{"period":"2025-12","date":"02/12/2025","hour":"19:25","type":"COLISAO","turn":"NOITE","roadType":"VIAS URBANAS","street":"RUA JOSE BRAS DA SILVA","fatal":false,"fatalVictims":0,"seriousVictims":0,"pedestrian":0,"bicycle":0,"motorcycle":1,"automobile":1,"bus":0,"truck":0,"resourceId":"326b3d91-d07c-4d64-9ad0-07eace082b80"},"geometry":{"type":"Point","coordinates":[-45.9075563,-23.2527966]}},{"type":"Feature","id":"2723744","properties":{"period":"2025-12","date":"04/12/2025","hour":"14:10","type":"COLISAO","turn":"TARDE","roadType":"VIAS URBANAS","street":"AVENIDA PROFESSOR SEBASTIAO PAULO DE TOLEDO PONTES","fatal":false,"fatalVictims":0,"seriousVictims":0,"pedestrian":0,"bicycle":0,"motorcycle":1,"automobile":0,"bus":0,"truck":0,"resourceId":"326b3d91-d07c-4d64-9ad0-07eace082b80"},"geometry":{"type":"Point","coordinates":[-45.8585267,-23.1768418]}},{"type":"Feature","id":"2727152","properties":{"period":"2025-12","date":"06/12/2025","hour":"07:45","type":"COLISAO","turn":"MANHA","roadType":"VIAS URBANAS","street":"RUA CARLOS NUNES DE PAULA","fatal":false,"fatalVictims":0,"seriousVictims":0,"pedestrian":0,"bicycle":0,"motorcycle":0,"automobile":2,"bus":0,"truck":0,"resourceId":"326b3d91-d07c-4d64-9ad0-07eace082b80"},"geometry":{"type":"Point","coordinates":[-45.90143,-23.2754117]}},{"type":"Feature","id":"2712126","properties":{"period":"2025-12","date":"08/12/2025","hour":"16:05","type":"COLISAO","turn":"TARDE","roadType":"VIAS URBANAS","street":"AVENIDA OSWALDO DE ANDRADE","fatal":false,"fatalVictims":0,"seriousVictims":0,"pedestrian":0,"bicycle":0,"motorcycle":1,"automobile":1,"bus":0,"truck":0,"resourceId":"326b3d91-d07c-4d64-9ad0-07eace082b80"},"geometry":{"type":"Point","coordinates":[-45.9688411,-23.1963954]}},{"type":"Feature","id":"2718685","properties":{"period":"2025-12","date":"06/12/2025","hour":"21:13","type":"COLISAO","turn":"NOITE","roadType":"VIAS URBANAS","street":"AVENIDA JULIO CEZAR VILACA","fatal":false,"fatalVictims":0,"seriousVictims":0,"pedestrian":0,"bicycle":0,"motorcycle":1,"automobile":1,"bus":0,"truck":0,"resourceId":"326b3d91-d07c-4d64-9ad0-07eace082b80"},"geometry":{"type":"Point","coordinates":[-45.8324756,-23.2370552]}},{"type":"Feature","id":"2726777","properties":{"period":"2025-12","date":"08/12/2025","hour":"10:48","type":"COLISAO","turn":"MANHA","roadType":"VIAS URBANAS","street":"AVENIDA SENADOR TEOTONIO VILELA","fatal":false,"fatalVictims":0,"seriousVictims":0,"pedestrian":0,"bicycle":0,"motorcycle":0,"automobile":1,"bus":0,"truck":1,"resourceId":"326b3d91-d07c-4d64-9ad0-07eace082b80"},"geometry":{"type":"Point","coordinates":[-45.8824674,-23.1908566]}},{"type":"Feature","id":"2713791","properties":{"period":"2025-12","date":"03/12/2025","hour":"19:01","type":"COLISAO","turn":"NOITE","roadType":"VIAS URBANAS","street":"VIADUTO SANTA INES","fatal":false,"fatalVictims":0,"seriousVictims":0,"pedestrian":0,"bicycle":0,"motorcycle":1,"automobile":0,"bus":0,"truck":0,"resourceId":"326b3d91-d07c-4d64-9ad0-07eace082b80"},"geometry":{"type":"Point","coordinates":[-45.8045336,-23.1613457]}},{"type":"Feature","id":"2724782","properties":{"period":"2025-12","date":"02/12/2025","hour":"08:30","type":"OUTROS","turn":"MANHA","roadType":"ESTRADAS E RODOVIAS","street":"BR 116","fatal":false,"fatalVictims":0,"seriousVictims":1,"pedestrian":0,"bicycle":0,"motorcycle":0,"automobile":1,"bus":0,"truck":0,"resourceId":"326b3d91-d07c-4d64-9ad0-07eace082b80"},"geometry":{"type":"Point","coordinates":[-45.8215563647,-23.1704587741]}},{"type":"Feature","id":"2723636","properties":{"period":"2025-12","date":"06/12/2025","hour":"19:45","type":"CHOQUE","turn":"NOITE","roadType":"ESTRADAS E RODOVIAS","street":"BR 116","fatal":false,"fatalVictims":0,"seriousVictims":0,"pedestrian":0,"bicycle":0,"motorcycle":0,"automobile":1,"bus":0,"truck":0,"resourceId":"326b3d91-d07c-4d64-9ad0-07eace082b80"},"geometry":{"type":"Point","coordinates":[-45.7767632305,-23.1477512991]}},{"type":"Feature","id":"2725095","properties":{"period":"2025-12","date":"07/12/2025","hour":"18:30","type":"COLISAO","turn":"NOITE","roadType":"ESTRADAS E RODOVIAS","street":"BR 116","fatal":false,"fatalVictims":0,"seriousVictims":0,"pedestrian":0,"bicycle":0,"motorcycle":1,"automobile":1,"bus":0,"truck":0,"resourceId":"326b3d91-d07c-4d64-9ad0-07eace082b80"},"geometry":{"type":"Point","coordinates":[-45.83470971,-23.177181758]}},{"type":"Feature","id":"2727357","properties":{"period":"2025-12","date":"08/12/2025","hour":"16:00","type":"COLISAO","turn":"TARDE","roadType":"ESTRADAS E RODOVIAS","street":"BR 116","fatal":false,"fatalVictims":0,"seriousVictims":0,"pedestrian":0,"bicycle":0,"motorcycle":1,"automobile":1,"bus":0,"truck":0,"resourceId":"326b3d91-d07c-4d64-9ad0-07eace082b80"},"geometry":{"type":"Point","coordinates":[-45.7953084671,-23.1569030265]}},{"type":"Feature","id":"2723745","properties":{"period":"2025-12","date":"04/12/2025","hour":"12:38","type":"COLISAO","turn":"TARDE","roadType":"VIAS URBANAS","street":"AVENIDA DOUTOR EDUARDO CURY","fatal":false,"fatalVictims":0,"seriousVictims":0,"pedestrian":0,"bicycle":0,"motorcycle":1,"automobile":0,"bus":0,"truck":0,"resourceId":"326b3d91-d07c-4d64-9ad0-07eace082b80"},"geometry":{"type":"Point","coordinates":[-45.9098019,-23.2013618]}},{"type":"Feature","id":"2727206","properties":{"period":"2025-12","date":"06/12/2025","hour":"14:17","type":"CHOQUE","turn":"TARDE","roadType":"ESTRADAS E RODOVIAS","street":"BR 116","fatal":false,"fatalVictims":0,"seriousVictims":0,"pedestrian":0,"bicycle":0,"motorcycle":0,"automobile":1,"bus":0,"truck":0,"resourceId":"326b3d91-d07c-4d64-9ad0-07eace082b80"},"geometry":{"type":"Point","coordinates":[-45.9274189147,-23.2449722376]}},{"type":"Feature","id":"2711292","properties":{"period":"2025-12","date":"08/12/2025","hour":"02:03","type":"OUTROS","turn":"MADRUGADA","roadType":"VIAS URBANAS","street":"AVENIDA NATAN SAMPAIO DE ALMEIDA","fatal":true,"fatalVictims":1,"seriousVictims":0,"pedestrian":0,"bicycle":0,"motorcycle":0,"automobile":1,"bus":0,"truck":0,"resourceId":"326b3d91-d07c-4d64-9ad0-07eace082b80"},"geometry":{"type":"Point","coordinates":[-45.9027162262,-23.2945423683]}},{"type":"Feature","id":"2721377","properties":{"period":"2025-12","date":"08/12/2025","hour":"07:21","type":"COLISAO","turn":"MANHA","roadType":"VIAS URBANAS","street":"AVENIDA PARAISO","fatal":false,"fatalVictims":0,"seriousVictims":0,"pedestrian":0,"bicycle":0,"motorcycle":2,"automobile":0,"bus":0,"truck":0,"resourceId":"326b3d91-d07c-4d64-9ad0-07eace082b80"},"geometry":{"type":"Point","coordinates":[-45.9016275,-23.2363896]}},{"type":"Feature","id":"2725086","properties":{"period":"2025-12","date":"16/12/2025","hour":"06:40","type":"OUTROS","turn":"MANHA","roadType":"ESTRADAS E RODOVIAS","street":"BR 116","fatal":false,"fatalVictims":0,"seriousVictims":0,"pedestrian":0,"bicycle":0,"motorcycle":1,"automobile":0,"bus":0,"truck":0,"resourceId":"326b3d91-d07c-4d64-9ad0-07eace082b80"},"geometry":{"type":"Point","coordinates":[-45.8873153667,-23.2074093279]}},{"type":"Feature","id":"2712751","properties":{"period":"2025-12","date":"09/12/2025","hour":"20:20","type":"COLISAO","turn":"NOITE","roadType":"VIAS URBANAS","street":"AVENIDA PRESIDENTE JUSCELINO KUBITSCHEK","fatal":false,"fatalVictims":0,"seriousVictims":0,"pedestrian":0,"bicycle":0,"motorcycle":0,"automobile":1,"bus":0,"truck":0,"resourceId":"326b3d91-d07c-4d64-9ad0-07eace082b80"},"geometry":{"type":"Point","coordinates":[-45.8679613,-23.1802443]}},{"type":"Feature","id":"2716654","properties":{"period":"2025-12","date":"15/12/2025","hour":"19:17","type":"ATROPELAMENTO","turn":"NOITE","roadType":"VIAS URBANAS","street":"AVENIDA CIDADE JARDIM","fatal":false,"fatalVictims":0,"seriousVictims":1,"pedestrian":2,"bicycle":0,"motorcycle":0,"automobile":1,"bus":0,"truck":0,"resourceId":"326b3d91-d07c-4d64-9ad0-07eace082b80"},"geometry":{"type":"Point","coordinates":[-45.880446,-23.242836]}},{"type":"Feature","id":"2722061","properties":{"period":"2025-12","date":"16/12/2025","hour":"00:15","type":"COLISAO","turn":"MADRUGADA","roadType":"VIAS URBANAS","street":"AVENIDA SAMUEL WAINER","fatal":false,"fatalVictims":0,"seriousVictims":0,"pedestrian":0,"bicycle":0,"motorcycle":1,"automobile":1,"bus":0,"truck":0,"resourceId":"326b3d91-d07c-4d64-9ad0-07eace082b80"},"geometry":{"type":"Point","coordinates":[-45.876452,-23.196036]}},{"type":"Feature","id":"2720318","properties":{"period":"2025-12","date":"16/12/2025","hour":"07:50","type":"COLISAO","turn":"MANHA","roadType":"VIAS URBANAS","street":"RUA PIRAQUARA CLUB","fatal":false,"fatalVictims":0,"seriousVictims":0,"pedestrian":0,"bicycle":0,"motorcycle":1,"automobile":1,"bus":0,"truck":0,"resourceId":"326b3d91-d07c-4d64-9ad0-07eace082b80"},"geometry":{"type":"Point","coordinates":[-45.9048196,-23.1597308]}},{"type":"Feature","id":"2723684","properties":{"period":"2025-12","date":"18/12/2025","hour":"15:53","type":"COLISAO","turn":"TARDE","roadType":"ESTRADAS E RODOVIAS","street":"BR 116","fatal":false,"fatalVictims":0,"seriousVictims":0,"pedestrian":0,"bicycle":0,"motorcycle":2,"automobile":0,"bus":0,"truck":0,"resourceId":"326b3d91-d07c-4d64-9ad0-07eace082b80"},"geometry":{"type":"Point","coordinates":[-45.8303064477,-23.1749791386]}},{"type":"Feature","id":"2723439","properties":{"period":"2025-12","date":"10/12/2025","hour":"12:50","type":"NAO DISPONIVEL","turn":"TARDE","roadType":"VIAS URBANAS","street":"MONTEIRO LOBATO","fatal":false,"fatalVictims":0,"seriousVictims":0,"pedestrian":0,"bicycle":0,"motorcycle":0,"automobile":0,"bus":0,"truck":0,"resourceId":"326b3d91-d07c-4d64-9ad0-07eace082b80"},"geometry":{"type":"Point","coordinates":[-45.9200904431,-23.0981359274]}},{"type":"Feature","id":"2717687","properties":{"period":"2025-12","date":"12/12/2025","hour":"21:01","type":"COLISAO","turn":"NOITE","roadType":"VIAS URBANAS","street":"AVENIDA OURO FINO","fatal":false,"fatalVictims":0,"seriousVictims":0,"pedestrian":0,"bicycle":0,"motorcycle":1,"automobile":1,"bus":0,"truck":0,"resourceId":"326b3d91-d07c-4d64-9ad0-07eace082b80"},"geometry":{"type":"Point","coordinates":[-45.8881791,-23.2411295]}},{"type":"Feature","id":"2717689","properties":{"period":"2025-12","date":"13/12/2025","hour":"20:31","type":"COLISAO","turn":"NOITE","roadType":"VIAS URBANAS","street":"RUA PEDRA DO SOL","fatal":false,"fatalVictims":0,"seriousVictims":0,"pedestrian":0,"bicycle":0,"motorcycle":0,"automobile":1,"bus":0,"truck":0,"resourceId":"326b3d91-d07c-4d64-9ad0-07eace082b80"},"geometry":{"type":"Point","coordinates":[-45.7818849,-23.2129091]}},{"type":"Feature","id":"2711267","properties":{"period":"2025-12","date":"14/12/2025","hour":"09:29","type":"COLISAO","turn":"MANHA","roadType":"ESTRADAS E RODOVIAS","street":"SP 070","fatal":true,"fatalVictims":2,"seriousVictims":0,"pedestrian":0,"bicycle":0,"motorcycle":0,"automobile":4,"bus":0,"truck":0,"resourceId":"326b3d91-d07c-4d64-9ad0-07eace082b80"},"geometry":{"type":"Point","coordinates":[-45.7836479537,-23.2355551118]}},{"type":"Feature","id":"2720608","properties":{"period":"2025-12","date":"11/12/2025","hour":"04:44","type":"CHOQUE","turn":"MADRUGADA","roadType":"VIAS URBANAS","street":"RUA ICATU","fatal":false,"fatalVictims":0,"seriousVictims":0,"pedestrian":0,"bicycle":0,"motorcycle":0,"automobile":1,"bus":0,"truck":0,"resourceId":"326b3d91-d07c-4d64-9ad0-07eace082b80"},"geometry":{"type":"Point","coordinates":[-45.9134512,-23.2489213]}},{"type":"Feature","id":"2724471","properties":{"period":"2025-12","date":"14/12/2025","hour":"13:24","type":"COLISAO","turn":"TARDE","roadType":"ESTRADAS E RODOVIAS","street":"BR 116","fatal":false,"fatalVictims":0,"seriousVictims":0,"pedestrian":0,"bicycle":0,"motorcycle":1,"automobile":1,"bus":0,"truck":0,"resourceId":"326b3d91-d07c-4d64-9ad0-07eace082b80"},"geometry":{"type":"Point","coordinates":[-45.7811349286,-23.1500164613]}},{"type":"Feature","id":"2727512","properties":{"period":"2025-12","date":"09/12/2025","hour":"16:11","type":"COLISAO","turn":"TARDE","roadType":"VIAS URBANAS","street":"RUA HONDO","fatal":false,"fatalVictims":0,"seriousVictims":0,"pedestrian":0,"bicycle":0,"motorcycle":0,"automobile":2,"bus":0,"truck":0,"resourceId":"326b3d91-d07c-4d64-9ad0-07eace082b80"},"geometry":{"type":"Point","coordinates":[-45.8946317,-23.2419704]}},{"type":"Feature","id":"2715164","properties":{"period":"2025-12","date":"11/12/2025","hour":"18:37","type":"NAO DISPONIVEL","turn":"NOITE","roadType":"VIAS URBANAS","street":"MONTEIRO LOBATO","fatal":false,"fatalVictims":0,"seriousVictims":0,"pedestrian":0,"bicycle":0,"motorcycle":0,"automobile":0,"bus":0,"truck":0,"resourceId":"326b3d91-d07c-4d64-9ad0-07eace082b80"},"geometry":{"type":"Point","coordinates":[-45.9152489241,-23.1132555466]}},{"type":"Feature","id":"2723669","properties":{"period":"2025-12","date":"15/12/2025","hour":"01:30","type":"OUTROS","turn":"MADRUGADA","roadType":"ESTRADAS E RODOVIAS","street":"BR 116","fatal":false,"fatalVictims":0,"seriousVictims":0,"pedestrian":0,"bicycle":0,"motorcycle":1,"automobile":0,"bus":0,"truck":0,"resourceId":"326b3d91-d07c-4d64-9ad0-07eace082b80"},"geometry":{"type":"Point","coordinates":[-45.8985520502,-23.2180361658]}},{"type":"Feature","id":"2712482","properties":{"period":"2025-12","date":"17/12/2025","hour":"18:10","type":"COLISAO","turn":"NOITE","roadType":"VIAS URBANAS","street":"RUA AMBROSIO MOLINA","fatal":false,"fatalVictims":0,"seriousVictims":0,"pedestrian":0,"bicycle":0,"motorcycle":0,"automobile":1,"bus":0,"truck":0,"resourceId":"326b3d91-d07c-4d64-9ad0-07eace082b80"},"geometry":{"type":"Point","coordinates":[-45.7859526,-23.139876]}},{"type":"Feature","id":"2723031","properties":{"period":"2025-12","date":"09/12/2025","hour":"12:32","type":"NAO DISPONIVEL","turn":"TARDE","roadType":"VIAS URBANAS","street":"RUA ANTONIO ALEIXO DA SILVA","fatal":false,"fatalVictims":0,"seriousVictims":1,"pedestrian":0,"bicycle":0,"motorcycle":1,"automobile":0,"bus":0,"truck":0,"resourceId":"326b3d91-d07c-4d64-9ad0-07eace082b80"},"geometry":{"type":"Point","coordinates":[-45.8861126,-23.2183502]}},{"type":"Feature","id":"2723489","properties":{"period":"2025-12","date":"12/12/2025","hour":"12:17","type":"COLISAO","turn":"TARDE","roadType":"VIAS URBANAS","street":"RUA HEITOR DE ANDRADE","fatal":false,"fatalVictims":0,"seriousVictims":0,"pedestrian":0,"bicycle":0,"motorcycle":1,"automobile":1,"bus":0,"truck":0,"resourceId":"326b3d91-d07c-4d64-9ad0-07eace082b80"},"geometry":{"type":"Point","coordinates":[-45.9249261,-23.2269197]}},{"type":"Feature","id":"2717780","properties":{"period":"2025-12","date":"13/12/2025","hour":"20:34","type":"COLISAO","turn":"NOITE","roadType":"VIAS URBANAS","street":"AVENIDA GENERAL MOTORS","fatal":false,"fatalVictims":0,"seriousVictims":0,"pedestrian":0,"bicycle":0,"motorcycle":0,"automobile":1,"bus":0,"truck":0,"resourceId":"326b3d91-d07c-4d64-9ad0-07eace082b80"},"geometry":{"type":"Point","coordinates":[-45.8105379,-23.1641932]}},{"type":"Feature","id":"2723671","properties":{"period":"2025-12","date":"15/12/2025","hour":"09:00","type":"COLISAO","turn":"MANHA","roadType":"ESTRADAS E RODOVIAS","street":"BR 116","fatal":false,"fatalVictims":0,"seriousVictims":0,"pedestrian":0,"bicycle":0,"motorcycle":1,"automobile":1,"bus":0,"truck":0,"resourceId":"326b3d91-d07c-4d64-9ad0-07eace082b80"},"geometry":{"type":"Point","coordinates":[-45.7688280881,-23.1438137088]}},{"type":"Feature","id":"2716166","properties":{"period":"2025-12","date":"16/12/2025","hour":"22:02","type":"COLISAO","turn":"NOITE","roadType":"VIAS URBANAS","street":"AV JK","fatal":false,"fatalVictims":0,"seriousVictims":0,"pedestrian":0,"bicycle":0,"motorcycle":1,"automobile":0,"bus":1,"truck":0,"resourceId":"326b3d91-d07c-4d64-9ad0-07eace082b80"},"geometry":{"type":"Point","coordinates":[-45.88693584,-23.27094505]}},{"type":"Feature","id":"2722700","properties":{"period":"2025-12","date":"09/12/2025","hour":"13:45","type":"COLISAO","turn":"TARDE","roadType":"VIAS URBANAS","street":"AVENIDA BENEDITO FRIGGI","fatal":false,"fatalVictims":0,"seriousVictims":0,"pedestrian":0,"bicycle":0,"motorcycle":1,"automobile":0,"bus":0,"truck":0,"resourceId":"326b3d91-d07c-4d64-9ad0-07eace082b80"},"geometry":{"type":"Point","coordinates":[-45.8053186,-23.1638486]}},{"type":"Feature","id":"2715926","properties":{"period":"2025-12","date":"12/12/2025","hour":"20:08","type":"COLISAO","turn":"NOITE","roadType":"VIAS URBANAS","street":"RUA MARTINS FONTES","fatal":false,"fatalVictims":0,"seriousVictims":0,"pedestrian":0,"bicycle":0,"motorcycle":1,"automobile":1,"bus":0,"truck":0,"resourceId":"326b3d91-d07c-4d64-9ad0-07eace082b80"},"geometry":{"type":"Point","coordinates":[-45.8745746,-23.1810754]}},{"type":"Feature","id":"2718439","properties":{"period":"2025-12","date":"14/12/2025","hour":"18:13","type":"COLISAO","turn":"NOITE","roadType":"VIAS URBANAS","street":"RUA AFRANIO DE PAIVA DELGADO","fatal":false,"fatalVictims":0,"seriousVictims":0,"pedestrian":0,"bicycle":0,"motorcycle":1,"automobile":0,"bus":0,"truck":0,"resourceId":"326b3d91-d07c-4d64-9ad0-07eace082b80"},"geometry":{"type":"Point","coordinates":[-45.9044443,-23.1499942]}},{"type":"Feature","id":"2721552","properties":{"period":"2025-12","date":"17/12/2025","hour":"09:03","type":"COLISAO","turn":"MANHA","roadType":"VIAS URBANAS","street":"AVENIDA DOUTOR JOAO GUILHERMINO","fatal":false,"fatalVictims":0,"seriousVictims":0,"pedestrian":0,"bicycle":0,"motorcycle":1,"automobile":0,"bus":0,"truck":0,"resourceId":"326b3d91-d07c-4d64-9ad0-07eace082b80"},"geometry":{"type":"Point","coordinates":[-45.8857065,-23.1883382]}},{"type":"Feature","id":"2714735","properties":{"period":"2025-12","date":"09/12/2025","hour":"23:10","type":"ATROPELAMENTO","turn":"NOITE","roadType":"VIAS URBANAS","street":"RUA JOAO BATISTA DO NASCIMENTO","fatal":false,"fatalVictims":0,"seriousVictims":0,"pedestrian":1,"bicycle":0,"motorcycle":0,"automobile":1,"bus":0,"truck":0,"resourceId":"326b3d91-d07c-4d64-9ad0-07eace082b80"},"geometry":{"type":"Point","coordinates":[-45.899587,-23.2727815]}},{"type":"Feature","id":"2724929","properties":{"period":"2025-12","date":"09/12/2025","hour":"00:18","type":"OUTROS","turn":"MADRUGADA","roadType":"ESTRADAS E RODOVIAS","street":"BR 116","fatal":false,"fatalVictims":0,"seriousVictims":0,"pedestrian":0,"bicycle":0,"motorcycle":0,"automobile":0,"bus":1,"truck":2,"resourceId":"326b3d91-d07c-4d64-9ad0-07eace082b80"},"geometry":{"type":"Point","coordinates":[-45.7953084671,-23.1569030265]}},{"type":"Feature","id":"2716142","properties":{"period":"2025-12","date":"11/12/2025","hour":"19:47","type":"COLISAO","turn":"NOITE","roadType":"VIAS URBANAS","street":"AVENIDA ANTONIO FERREIRA VINHAS","fatal":false,"fatalVictims":0,"seriousVictims":0,"pedestrian":0,"bicycle":0,"motorcycle":1,"automobile":2,"bus":0,"truck":0,"resourceId":"326b3d91-d07c-4d64-9ad0-07eace082b80"},"geometry":{"type":"Point","coordinates":[-45.7696968,-23.1351548]}},{"type":"Feature","id":"2720242","properties":{"period":"2025-12","date":"16/12/2025","hour":"06:34","type":"OUTROS","turn":"MANHA","roadType":"ESTRADAS E RODOVIAS","street":"BR 116","fatal":false,"fatalVictims":0,"seriousVictims":0,"pedestrian":0,"bicycle":0,"motorcycle":0,"automobile":0,"bus":0,"truck":0,"resourceId":"326b3d91-d07c-4d64-9ad0-07eace082b80"},"geometry":{"type":"Point","coordinates":[-45.9006544059,-23.2200281933]}},{"type":"Feature","id":"2712681","properties":{"period":"2025-12","date":"17/12/2025","hour":"18:22","type":"COLISAO","turn":"NOITE","roadType":"VIAS URBANAS","street":"RUA JOSE PEDRO PEROTTI","fatal":false,"fatalVictims":0,"seriousVictims":0,"pedestrian":0,"bicycle":0,"motorcycle":0,"automobile":2,"bus":0,"truck":0,"resourceId":"326b3d91-d07c-4d64-9ad0-07eace082b80"},"geometry":{"type":"Point","coordinates":[-45.8802025,-23.2308016]}},{"type":"Feature","id":"2724917","properties":{"period":"2025-12","date":"13/12/2025","hour":"12:10","type":"OUTROS","turn":"TARDE","roadType":"ESTRADAS E RODOVIAS","street":"BR 116","fatal":false,"fatalVictims":0,"seriousVictims":0,"pedestrian":0,"bicycle":0,"motorcycle":1,"automobile":2,"bus":0,"truck":0,"resourceId":"326b3d91-d07c-4d64-9ad0-07eace082b80"},"geometry":{"type":"Point","coordinates":[-45.8658086399,-23.1920391312]}},{"type":"Feature","id":"2720984","properties":{"period":"2025-12","date":"14/12/2025","hour":"20:12","type":"COLISAO","turn":"NOITE","roadType":"VIAS URBANAS","street":"RUA BAMBUI","fatal":false,"fatalVictims":0,"seriousVictims":0,"pedestrian":0,"bicycle":0,"motorcycle":0,"automobile":1,"bus":0,"truck":0,"resourceId":"326b3d91-d07c-4d64-9ad0-07eace082b80"},"geometry":{"type":"Point","coordinates":[-45.8834543,-23.2277504]}},{"type":"Feature","id":"2713232","properties":{"period":"2025-12","date":"15/12/2025","hour":"16:16","type":"COLISAO","turn":"TARDE","roadType":"VIAS URBANAS","street":"AVENIDA LEONOR DE ALMEIDA RIBEIRO SOUTO","fatal":false,"fatalVictims":0,"seriousVictims":0,"pedestrian":0,"bicycle":0,"motorcycle":1,"automobile":1,"bus":0,"truck":0,"resourceId":"326b3d91-d07c-4d64-9ad0-07eace082b80"},"geometry":{"type":"Point","coordinates":[-45.9053987,-23.2702659]}},{"type":"Feature","id":"2721785","properties":{"period":"2025-12","date":"16/12/2025","hour":"09:27","type":"COLISAO","turn":"MANHA","roadType":"VIAS URBANAS","street":"ESTRADA MUNICIAL GLAUDISTOM PEREIRA","fatal":false,"fatalVictims":0,"seriousVictims":0,"pedestrian":0,"bicycle":0,"motorcycle":1,"automobile":1,"bus":0,"truck":0,"resourceId":"326b3d91-d07c-4d64-9ad0-07eace082b80"},"geometry":{"type":"Point","coordinates":[-45.91619824,-23.14294857]}},{"type":"Feature","id":"2727414","properties":{"period":"2025-12","date":"10/12/2025","hour":"07:05","type":"COLISAO","turn":"MANHA","roadType":"ESTRADAS E RODOVIAS","street":"BR 116","fatal":false,"fatalVictims":0,"seriousVictims":0,"pedestrian":0,"bicycle":0,"motorcycle":1,"automobile":1,"bus":0,"truck":0,"resourceId":"326b3d91-d07c-4d64-9ad0-07eace082b80"},"geometry":{"type":"Point","coordinates":[-45.8454281065,-23.1821609736]}},{"type":"Feature","id":"2713413","properties":{"period":"2025-12","date":"10/12/2025","hour":"17:09","type":"COLISAO","turn":"TARDE","roadType":"VIAS URBANAS","street":"PRACA YAMAGATA","fatal":false,"fatalVictims":0,"seriousVictims":0,"pedestrian":0,"bicycle":0,"motorcycle":1,"automobile":1,"bus":0,"truck":0,"resourceId":"326b3d91-d07c-4d64-9ad0-07eace082b80"},"geometry":{"type":"Point","coordinates":[-45.8980263,-23.2422857]}},{"type":"Feature","id":"2722512","properties":{"period":"2025-12","date":"11/12/2025","hour":"09:02","type":"NAO DISPONIVEL","turn":"MANHA","roadType":"VIAS URBANAS","street":"AVENIDA DEPUTADO BENEDITO MATARAZZO","fatal":false,"fatalVictims":0,"seriousVictims":0,"pedestrian":0,"bicycle":0,"motorcycle":1,"automobile":0,"bus":0,"truck":0,"resourceId":"326b3d91-d07c-4d64-9ad0-07eace082b80"},"geometry":{"type":"Point","coordinates":[-45.9142572,-23.2323988]}},{"type":"Feature","id":"2724823","properties":{"period":"2025-12","date":"12/12/2025","hour":"13:55","type":"CHOQUE","turn":"TARDE","roadType":"ESTRADAS E RODOVIAS","street":"BR 116","fatal":false,"fatalVictims":0,"seriousVictims":0,"pedestrian":0,"bicycle":0,"motorcycle":0,"automobile":1,"bus":0,"truck":0,"resourceId":"326b3d91-d07c-4d64-9ad0-07eace082b80"},"geometry":{"type":"Point","coordinates":[-45.8233063813,-23.171362847]}},{"type":"Feature","id":"2726572","properties":{"period":"2025-12","date":"16/12/2025","hour":"12:15","type":"COLISAO","turn":"TARDE","roadType":"VIAS URBANAS","street":"RUA GUARAI","fatal":false,"fatalVictims":0,"seriousVictims":0,"pedestrian":0,"bicycle":1,"motorcycle":0,"automobile":0,"bus":1,"truck":0,"resourceId":"326b3d91-d07c-4d64-9ad0-07eace082b80"},"geometry":{"type":"Point","coordinates":[-45.8761175,-23.2241871]}},{"type":"Feature","id":"2714327","properties":{"period":"2025-12","date":"20/12/2025","hour":"13:40","type":"OUTROS","turn":"TARDE","roadType":"VIAS URBANAS","street":"ESTRADA JUCA CARVALHO","fatal":false,"fatalVictims":0,"seriousVictims":0,"pedestrian":0,"bicycle":0,"motorcycle":0,"automobile":1,"bus":0,"truck":0,"resourceId":"326b3d91-d07c-4d64-9ad0-07eace082b80"},"geometry":{"type":"Point","coordinates":[-45.9277986,-23.1459302]}},{"type":"Feature","id":"2718517","properties":{"period":"2025-12","date":"27/12/2025","hour":"18:41","type":"NAO DISPONIVEL","turn":"NOITE","roadType":"VIAS URBANAS","street":"RUA SAIGIRO NAKAMURA","fatal":false,"fatalVictims":0,"seriousVictims":0,"pedestrian":0,"bicycle":0,"motorcycle":0,"automobile":0,"bus":0,"truck":0,"resourceId":"326b3d91-d07c-4d64-9ad0-07eace082b80"},"geometry":{"type":"Point","coordinates":[-45.855122,-23.1814909]}},{"type":"Feature","id":"2715249","properties":{"period":"2025-12","date":"20/12/2025","hour":"14:43","type":"COLISAO","turn":"TARDE","roadType":"VIAS URBANAS","street":"AVENIDA PRESIDENTE TANCREDO NEVES","fatal":false,"fatalVictims":0,"seriousVictims":0,"pedestrian":0,"bicycle":0,"motorcycle":0,"automobile":1,"bus":0,"truck":0,"resourceId":"326b3d91-d07c-4d64-9ad0-07eace082b80"},"geometry":{"type":"Point","coordinates":[-45.8004489,-23.1845387]}},{"type":"Feature","id":"2714425","properties":{"period":"2025-12","date":"21/12/2025","hour":"11:09","type":"COLISAO","turn":"MANHA","roadType":"VIAS URBANAS","street":"AVENIDA BENEDITO BENTO","fatal":false,"fatalVictims":0,"seriousVictims":0,"pedestrian":0,"bicycle":0,"motorcycle":1,"automobile":1,"bus":0,"truck":0,"resourceId":"326b3d91-d07c-4d64-9ad0-07eace082b80"},"geometry":{"type":"Point","coordinates":[-45.9008211,-23.2516055]}},{"type":"Feature","id":"2720687","properties":{"period":"2025-12","date":"25/12/2025","hour":"21:03","type":"COLISAO","turn":"NOITE","roadType":"VIAS URBANAS","street":"AVENIDA CASSIOPEIA","fatal":false,"fatalVictims":0,"seriousVictims":0,"pedestrian":0,"bicycle":0,"motorcycle":1,"automobile":1,"bus":0,"truck":0,"resourceId":"326b3d91-d07c-4d64-9ad0-07eace082b80"},"geometry":{"type":"Point","coordinates":[-45.8862365,-23.2299416]}},{"type":"Feature","id":"2720030","properties":{"period":"2025-12","date":"20/12/2025","hour":"19:09","type":"COLISAO","turn":"NOITE","roadType":"VIAS URBANAS","street":"AVENIDA JOAO RODOLFO CASTELLI","fatal":false,"fatalVictims":0,"seriousVictims":0,"pedestrian":0,"bicycle":0,"motorcycle":1,"automobile":1,"bus":0,"truck":0,"resourceId":"326b3d91-d07c-4d64-9ad0-07eace082b80"},"geometry":{"type":"Point","coordinates":[-45.8277424,-23.2477105]}},{"type":"Feature","id":"2717350","properties":{"period":"2025-12","date":"22/12/2025","hour":"19:29","type":"ATROPELAMENTO","turn":"NOITE","roadType":"VIAS URBANAS","street":"AVENIDA GALDENCIO MARTINS NETO","fatal":false,"fatalVictims":0,"seriousVictims":0,"pedestrian":1,"bicycle":0,"motorcycle":0,"automobile":0,"bus":0,"truck":0,"resourceId":"326b3d91-d07c-4d64-9ad0-07eace082b80"},"geometry":{"type":"Point","coordinates":[-45.894435,-23.2770143]}},{"type":"Feature","id":"2725148","properties":{"period":"2025-12","date":"23/12/2025","hour":"19:00","type":"OUTROS","turn":"NOITE","roadType":"ESTRADAS E RODOVIAS","street":"BR 116","fatal":false,"fatalVictims":0,"seriousVictims":0,"pedestrian":0,"bicycle":0,"motorcycle":1,"automobile":0,"bus":0,"truck":0,"resourceId":"326b3d91-d07c-4d64-9ad0-07eace082b80"},"geometry":{"type":"Point","coordinates":[-45.7864496808,-23.1525995915]}},{"type":"Feature","id":"2727236","properties":{"period":"2025-12","date":"23/12/2025","hour":"14:30","type":"COLISAO","turn":"TARDE","roadType":"ESTRADAS E RODOVIAS","street":"BR 116","fatal":false,"fatalVictims":0,"seriousVictims":0,"pedestrian":0,"bicycle":0,"motorcycle":1,"automobile":1,"bus":0,"truck":0,"resourceId":"326b3d91-d07c-4d64-9ad0-07eace082b80"},"geometry":{"type":"Point","coordinates":[-45.7970802244,-23.1577637135]}},{"type":"Feature","id":"2728307","properties":{"period":"2025-12","date":"24/12/2025","hour":"15:37","type":"CHOQUE","turn":"TARDE","roadType":"VIAS URBANAS","street":"RUA ROGERIO COUTINHO","fatal":true,"fatalVictims":1,"seriousVictims":0,"pedestrian":0,"bicycle":0,"motorcycle":1,"automobile":0,"bus":0,"truck":0,"resourceId":"326b3d91-d07c-4d64-9ad0-07eace082b80"},"geometry":{"type":"Point","coordinates":[-45.8407327438,-23.2151841799]}},{"type":"Feature","id":"2720899","properties":{"period":"2025-12","date":"25/12/2025","hour":"18:41","type":"CHOQUE","turn":"NOITE","roadType":"VIAS URBANAS","street":"AVENIDA ARTUR ANTONIO DOS SANTOS","fatal":false,"fatalVictims":0,"seriousVictims":0,"pedestrian":0,"bicycle":0,"motorcycle":0,"automobile":1,"bus":0,"truck":0,"resourceId":"326b3d91-d07c-4d64-9ad0-07eace082b80"},"geometry":{"type":"Point","coordinates":[-45.9009025,-23.2473403]}},{"type":"Feature","id":"2724061","properties":{"period":"2025-12","date":"23/12/2025","hour":"07:48","type":"COLISAO","turn":"MANHA","roadType":"VIAS URBANAS","street":"AVENIDA DOUTOR EDUARDO CURY","fatal":false,"fatalVictims":0,"seriousVictims":0,"pedestrian":0,"bicycle":0,"motorcycle":0,"automobile":0,"bus":0,"truck":0,"resourceId":"326b3d91-d07c-4d64-9ad0-07eace082b80"},"geometry":{"type":"Point","coordinates":[-45.907385,-23.2031476]}},{"type":"Feature","id":"2726459","properties":{"period":"2025-12","date":"24/12/2025","hour":"10:49","type":"COLISAO","turn":"MANHA","roadType":"VIAS URBANAS","street":"AVENIDA CASSIANO RICARDO","fatal":false,"fatalVictims":0,"seriousVictims":0,"pedestrian":0,"bicycle":0,"motorcycle":1,"automobile":1,"bus":0,"truck":0,"resourceId":"326b3d91-d07c-4d64-9ad0-07eace082b80"},"geometry":{"type":"Point","coordinates":[-45.9096683,-23.2153573]}},{"type":"Feature","id":"2724853","properties":{"period":"2025-12","date":"20/12/2025","hour":"22:43","type":"CHOQUE","turn":"NOITE","roadType":"ESTRADAS E RODOVIAS","street":"BR 116","fatal":false,"fatalVictims":0,"seriousVictims":0,"pedestrian":0,"bicycle":0,"motorcycle":1,"automobile":0,"bus":0,"truck":0,"resourceId":"326b3d91-d07c-4d64-9ad0-07eace082b80"},"geometry":{"type":"Point","coordinates":[-45.8744528945,-23.1967197687]}},{"type":"Feature","id":"2720566","properties":{"period":"2025-12","date":"21/12/2025","hour":"21:55","type":"COLISAO","turn":"NOITE","roadType":"VIAS URBANAS","street":"SP 070","fatal":false,"fatalVictims":0,"seriousVictims":0,"pedestrian":0,"bicycle":0,"motorcycle":1,"automobile":1,"bus":0,"truck":0,"resourceId":"326b3d91-d07c-4d64-9ad0-07eace082b80"},"geometry":{"type":"Point","coordinates":[-45.8086529,-23.2629792]}},{"type":"Feature","id":"2721739","properties":{"period":"2025-12","date":"23/12/2025","hour":"08:05","type":"COLISAO","turn":"MANHA","roadType":"VIAS URBANAS","street":"AVENIDA CIDADE JARDIM","fatal":false,"fatalVictims":0,"seriousVictims":1,"pedestrian":0,"bicycle":0,"motorcycle":1,"automobile":1,"bus":0,"truck":0,"resourceId":"326b3d91-d07c-4d64-9ad0-07eace082b80"},"geometry":{"type":"Point","coordinates":[-45.8869573,-23.2680809]}},{"type":"Feature","id":"2726449","properties":{"period":"2025-12","date":"18/12/2025","hour":"16:01","type":"COLISAO","turn":"TARDE","roadType":"VIAS URBANAS","street":"AVENIDA GUADALUPE","fatal":false,"fatalVictims":0,"seriousVictims":0,"pedestrian":0,"bicycle":0,"motorcycle":0,"automobile":1,"bus":0,"truck":0,"resourceId":"326b3d91-d07c-4d64-9ad0-07eace082b80"},"geometry":{"type":"Point","coordinates":[-45.9007278,-23.2318886]}},{"type":"Feature","id":"2727951","properties":{"period":"2025-12","date":"18/12/2025","hour":"16:38","type":"OUTROS","turn":"TARDE","roadType":"VIAS URBANAS","street":"AVENIDA JOAO RODOLFO CASTELLI","fatal":false,"fatalVictims":0,"seriousVictims":0,"pedestrian":0,"bicycle":0,"motorcycle":1,"automobile":0,"bus":0,"truck":0,"resourceId":"326b3d91-d07c-4d64-9ad0-07eace082b80"},"geometry":{"type":"Point","coordinates":[-45.8443398,-23.2448158]}},{"type":"Feature","id":"2716522","properties":{"period":"2025-12","date":"19/12/2025","hour":"20:18","type":"COLISAO","turn":"NOITE","roadType":"VIAS URBANAS","street":"RUA DURVALINA SILVA AGUIAR","fatal":false,"fatalVictims":0,"seriousVictims":0,"pedestrian":0,"bicycle":0,"motorcycle":0,"automobile":1,"bus":0,"truck":0,"resourceId":"326b3d91-d07c-4d64-9ad0-07eace082b80"},"geometry":{"type":"Point","coordinates":[-45.794648,-23.170962]}},{"type":"Feature","id":"2724975","properties":{"period":"2025-12","date":"19/12/2025","hour":"11:10","type":"COLISAO","turn":"MANHA","roadType":"ESTRADAS E RODOVIAS","street":"BR 116","fatal":false,"fatalVictims":0,"seriousVictims":0,"pedestrian":0,"bicycle":0,"motorcycle":1,"automobile":1,"bus":0,"truck":1,"resourceId":"326b3d91-d07c-4d64-9ad0-07eace082b80"},"geometry":{"type":"Point","coordinates":[-45.7935367099,-23.1560423395]}},{"type":"Feature","id":"2725749","properties":{"period":"2025-12","date":"19/12/2025","hour":"13:40","type":"COLISAO","turn":"TARDE","roadType":"VIAS URBANAS","street":"AVENIDA ANCHIETA","fatal":false,"fatalVictims":0,"seriousVictims":0,"pedestrian":0,"bicycle":0,"motorcycle":1,"automobile":1,"bus":0,"truck":0,"resourceId":"326b3d91-d07c-4d64-9ad0-07eace082b80"},"geometry":{"type":"Point","coordinates":[-45.893936,-23.1926733]}},{"type":"Feature","id":"2716041","properties":{"period":"2025-12","date":"20/12/2025","hour":"15:18","type":"COLISAO","turn":"TARDE","roadType":"VIAS URBANAS","street":"ESTRADA DO CAJURU A","fatal":false,"fatalVictims":0,"seriousVictims":1,"pedestrian":0,"bicycle":0,"motorcycle":1,"automobile":1,"bus":0,"truck":0,"resourceId":"326b3d91-d07c-4d64-9ad0-07eace082b80"},"geometry":{"type":"Point","coordinates":[-45.83657314,-23.17848019]}},{"type":"Feature","id":"2714507","properties":{"period":"2025-12","date":"22/12/2025","hour":"15:31","type":"COLISAO","turn":"TARDE","roadType":"VIAS URBANAS","street":"RUA SERAFIM DIAS MACHADO","fatal":false,"fatalVictims":0,"seriousVictims":0,"pedestrian":0,"bicycle":0,"motorcycle":0,"automobile":3,"bus":0,"truck":0,"resourceId":"326b3d91-d07c-4d64-9ad0-07eace082b80"},"geometry":{"type":"Point","coordinates":[-45.8818527,-23.1795343]}},{"type":"Feature","id":"2725071","properties":{"period":"2025-12","date":"22/12/2025","hour":"12:20","type":"COLISAO","turn":"TARDE","roadType":"ESTRADAS E RODOVIAS","street":"BR 116","fatal":false,"fatalVictims":0,"seriousVictims":0,"pedestrian":0,"bicycle":0,"motorcycle":1,"automobile":1,"bus":0,"truck":0,"resourceId":"326b3d91-d07c-4d64-9ad0-07eace082b80"},"geometry":{"type":"Point","coordinates":[-45.7776327422,-23.1482138203]}},{"type":"Feature","id":"2712254","properties":{"period":"2025-12","date":"23/12/2025","hour":"15:54","type":"COLISAO","turn":"TARDE","roadType":"VIAS URBANAS","street":"RUA LUIS ANTONIO DE CASTRO","fatal":false,"fatalVictims":0,"seriousVictims":0,"pedestrian":0,"bicycle":0,"motorcycle":0,"automobile":0,"bus":0,"truck":1,"resourceId":"326b3d91-d07c-4d64-9ad0-07eace082b80"},"geometry":{"type":"Point","coordinates":[-45.904283,-23.2438731]}},{"type":"Feature","id":"2722562","properties":{"period":"2025-12","date":"23/12/2025","hour":"09:11","type":"COLISAO","turn":"MANHA","roadType":"VIAS URBANAS","street":"AVENIDA CENTRAL","fatal":false,"fatalVictims":0,"seriousVictims":0,"pedestrian":0,"bicycle":0,"motorcycle":0,"automobile":2,"bus":0,"truck":0,"resourceId":"326b3d91-d07c-4d64-9ad0-07eace082b80"},"geometry":{"type":"Point","coordinates":[-45.9313715,-23.2494566]}},{"type":"Feature","id":"2723711","properties":{"period":"2025-12","date":"24/12/2025","hour":"09:50","type":"COLISAO","turn":"MANHA","roadType":"ESTRADAS E RODOVIAS","street":"BR 116","fatal":false,"fatalVictims":0,"seriousVictims":1,"pedestrian":0,"bicycle":0,"motorcycle":1,"automobile":2,"bus":0,"truck":0,"resourceId":"326b3d91-d07c-4d64-9ad0-07eace082b80"},"geometry":{"type":"Point","coordinates":[-45.8206813564,-23.1700067377]}},{"type":"Feature","id":"2723721","properties":{"period":"2025-12","date":"25/12/2025","hour":"12:10","type":"OUTROS","turn":"TARDE","roadType":"ESTRADAS E RODOVIAS","street":"BR 116","fatal":false,"fatalVictims":0,"seriousVictims":0,"pedestrian":0,"bicycle":0,"motorcycle":1,"automobile":0,"bus":0,"truck":0,"resourceId":"326b3d91-d07c-4d64-9ad0-07eace082b80"},"geometry":{"type":"Point","coordinates":[-45.9441042215,-23.2556757394]}},{"type":"Feature","id":"2716134","properties":{"period":"2025-12","date":"26/12/2025","hour":"19:25","type":"ATROPELAMENTO","turn":"NOITE","roadType":"VIAS URBANAS","street":"AVENIDA SAO AFONSO MARIA","fatal":false,"fatalVictims":0,"seriousVictims":0,"pedestrian":1,"bicycle":1,"motorcycle":0,"automobile":1,"bus":0,"truck":0,"resourceId":"326b3d91-d07c-4d64-9ad0-07eace082b80"},"geometry":{"type":"Point","coordinates":[-45.8330994,-23.258545]}},{"type":"Feature","id":"2727320","properties":{"period":"2025-12","date":"18/12/2025","hour":"14:50","type":"COLISAO","turn":"TARDE","roadType":"ESTRADAS E RODOVIAS","street":"BR 116","fatal":false,"fatalVictims":0,"seriousVictims":0,"pedestrian":0,"bicycle":0,"motorcycle":0,"automobile":2,"bus":0,"truck":0,"resourceId":"326b3d91-d07c-4d64-9ad0-07eace082b80"},"geometry":{"type":"Point","coordinates":[-45.7688280881,-23.1438137088]}},{"type":"Feature","id":"2718331","properties":{"period":"2025-12","date":"19/12/2025","hour":"23:31","type":"COLISAO","turn":"NOITE","roadType":"VIAS URBANAS","street":"AVENIDA ARTUR ANTONIO DOS SANTOS","fatal":false,"fatalVictims":0,"seriousVictims":0,"pedestrian":0,"bicycle":0,"motorcycle":1,"automobile":1,"bus":0,"truck":0,"resourceId":"326b3d91-d07c-4d64-9ad0-07eace082b80"},"geometry":{"type":"Point","coordinates":[-45.900971,-23.2516886]}},{"type":"Feature","id":"2717460","properties":{"period":"2025-12","date":"20/12/2025","hour":"18:05","type":"COLISAO","turn":"NOITE","roadType":"VIAS URBANAS","street":"RUA MARIA ISABEL DA SILVA RAMOS","fatal":false,"fatalVictims":0,"seriousVictims":0,"pedestrian":0,"bicycle":0,"motorcycle":0,"automobile":0,"bus":0,"truck":0,"resourceId":"326b3d91-d07c-4d64-9ad0-07eace082b80"},"geometry":{"type":"Point","coordinates":[-45.8957354,-23.2752068]}},{"type":"Feature","id":"2718096","properties":{"period":"2025-12","date":"22/12/2025","hour":"21:03","type":"CHOQUE","turn":"NOITE","roadType":"VIAS URBANAS","street":"RUA UM","fatal":false,"fatalVictims":0,"seriousVictims":0,"pedestrian":0,"bicycle":0,"motorcycle":0,"automobile":1,"bus":0,"truck":0,"resourceId":"326b3d91-d07c-4d64-9ad0-07eace082b80"},"geometry":{"type":"Point","coordinates":[-45.821113,-23.2285899]}},{"type":"Feature","id":"2714067","properties":{"period":"2025-12","date":"19/12/2025","hour":"17:17","type":"CHOQUE","turn":"TARDE","roadType":"VIAS URBANAS","street":"RUA DOM CARMINE ROCCO","fatal":false,"fatalVictims":0,"seriousVictims":0,"pedestrian":0,"bicycle":0,"motorcycle":0,"automobile":1,"bus":0,"truck":0,"resourceId":"326b3d91-d07c-4d64-9ad0-07eace082b80"},"geometry":{"type":"Point","coordinates":[-45.8764883,-23.1933128]}},{"type":"Feature","id":"2724247","properties":{"period":"2025-12","date":"20/12/2025","hour":"06:14","type":"COLISAO","turn":"MANHA","roadType":"VIAS URBANAS","street":"RUA GOIANIA","fatal":false,"fatalVictims":0,"seriousVictims":0,"pedestrian":0,"bicycle":0,"motorcycle":0,"automobile":1,"bus":0,"truck":0,"resourceId":"326b3d91-d07c-4d64-9ad0-07eace082b80"},"geometry":{"type":"Point","coordinates":[-45.9066363,-23.2389932]}},{"type":"Feature","id":"2724682","properties":{"period":"2025-12","date":"20/12/2025","hour":"02:30","type":"CHOQUE","turn":"MADRUGADA","roadType":"ESTRADAS E RODOVIAS","street":"BR 116","fatal":false,"fatalVictims":0,"seriousVictims":0,"pedestrian":0,"bicycle":0,"motorcycle":0,"automobile":1,"bus":0,"truck":0,"resourceId":"326b3d91-d07c-4d64-9ad0-07eace082b80"},"geometry":{"type":"Point","coordinates":[-45.78024916,-23.1495858914]}},{"type":"Feature","id":"2726408","properties":{"period":"2025-12","date":"20/12/2025","hour":"09:20","type":"COLISAO","turn":"MANHA","roadType":"VIAS URBANAS","street":"PONTE MINAS GERAIS","fatal":false,"fatalVictims":0,"seriousVictims":0,"pedestrian":0,"bicycle":0,"motorcycle":0,"automobile":1,"bus":0,"truck":0,"resourceId":"326b3d91-d07c-4d64-9ad0-07eace082b80"},"geometry":{"type":"Point","coordinates":[-45.8983888,-23.1544929]}},{"type":"Feature","id":"2718725","properties":{"period":"2025-12","date":"22/12/2025","hour":"01:03","type":"COLISAO","turn":"MADRUGADA","roadType":"VIAS URBANAS","street":"AVENIDA NOVE DE JULHO","fatal":false,"fatalVictims":0,"seriousVictims":0,"pedestrian":0,"bicycle":0,"motorcycle":0,"automobile":1,"bus":0,"truck":0,"resourceId":"326b3d91-d07c-4d64-9ad0-07eace082b80"},"geometry":{"type":"Point","coordinates":[-45.8946527,-23.1983316]}},{"type":"Feature","id":"2727383","properties":{"period":"2025-12","date":"24/12/2025","hour":"10:30","type":"OUTROS","turn":"MANHA","roadType":"ESTRADAS E RODOVIAS","street":"BR 116","fatal":false,"fatalVictims":0,"seriousVictims":0,"pedestrian":0,"bicycle":0,"motorcycle":1,"automobile":0,"bus":0,"truck":0,"resourceId":"326b3d91-d07c-4d64-9ad0-07eace082b80"},"geometry":{"type":"Point","coordinates":[-45.9006544059,-23.2200281933]}},{"type":"Feature","id":"2718659","properties":{"period":"2025-12","date":"19/12/2025","hour":"21:33","type":"COLISAO","turn":"NOITE","roadType":"VIAS URBANAS","street":"AVENIDA PAULISTA","fatal":false,"fatalVictims":0,"seriousVictims":0,"pedestrian":0,"bicycle":0,"motorcycle":1,"automobile":1,"bus":0,"truck":0,"resourceId":"326b3d91-d07c-4d64-9ad0-07eace082b80"},"geometry":{"type":"Point","coordinates":[-45.910625,-23.1976664]}},{"type":"Feature","id":"2724767","properties":{"period":"2025-12","date":"21/12/2025","hour":"03:30","type":"COLISAO","turn":"MADRUGADA","roadType":"ESTRADAS E RODOVIAS","street":"BR 116","fatal":false,"fatalVictims":0,"seriousVictims":0,"pedestrian":0,"bicycle":0,"motorcycle":0,"automobile":5,"bus":0,"truck":0,"resourceId":"326b3d91-d07c-4d64-9ad0-07eace082b80"},"geometry":{"type":"Point","coordinates":[-45.7758937187,-23.147288778]}},{"type":"Feature","id":"2717977","properties":{"period":"2025-12","date":"23/12/2025","hour":"21:46","type":"COLISAO","turn":"NOITE","roadType":"VIAS URBANAS","street":"AVENIDA ELISIO GALDINO SOBRINHO","fatal":false,"fatalVictims":0,"seriousVictims":0,"pedestrian":0,"bicycle":0,"motorcycle":1,"automobile":1,"bus":0,"truck":0,"resourceId":"326b3d91-d07c-4d64-9ad0-07eace082b80"},"geometry":{"type":"Point","coordinates":[-45.9031488,-23.2513166]}},{"type":"Feature","id":"2727375","properties":{"period":"2025-12","date":"24/12/2025","hour":"01:40","type":"ATROPELAMENTO","turn":"MADRUGADA","roadType":"ESTRADAS E RODOVIAS","street":"BR 116","fatal":false,"fatalVictims":0,"seriousVictims":0,"pedestrian":1,"bicycle":0,"motorcycle":0,"automobile":0,"bus":0,"truck":0,"resourceId":"326b3d91-d07c-4d64-9ad0-07eace082b80"},"geometry":{"type":"Point","coordinates":[-45.7661265307,-23.1426173075]}},{"type":"Feature","id":"2722765","properties":{"period":"2025-12","date":"18/12/2025","hour":"12:04","type":"ATROPELAMENTO","turn":"TARDE","roadType":"VIAS URBANAS","street":"RUA BACABAL","fatal":false,"fatalVictims":0,"seriousVictims":0,"pedestrian":1,"bicycle":0,"motorcycle":0,"automobile":1,"bus":0,"truck":0,"resourceId":"326b3d91-d07c-4d64-9ad0-07eace082b80"},"geometry":{"type":"Point","coordinates":[-45.9047673,-23.2375908]}},{"type":"Feature","id":"2723685","properties":{"period":"2025-12","date":"19/12/2025","hour":"08:00","type":"OUTROS","turn":"MANHA","roadType":"ESTRADAS E RODOVIAS","street":"BR 116","fatal":false,"fatalVictims":0,"seriousVictims":0,"pedestrian":0,"bicycle":0,"motorcycle":0,"automobile":0,"bus":0,"truck":1,"resourceId":"326b3d91-d07c-4d64-9ad0-07eace082b80"},"geometry":{"type":"Point","coordinates":[-45.8128522953,-23.1658508086]}},{"type":"Feature","id":"2726766","properties":{"period":"2025-12","date":"23/12/2025","hour":"14:54","type":"COLISAO","turn":"TARDE","roadType":"VIAS URBANAS","street":"RUA DAS ACACIAS","fatal":false,"fatalVictims":0,"seriousVictims":1,"pedestrian":0,"bicycle":0,"motorcycle":1,"automobile":0,"bus":0,"truck":1,"resourceId":"326b3d91-d07c-4d64-9ad0-07eace082b80"},"geometry":{"type":"Point","coordinates":[-45.8824179,-23.2078468]}},{"type":"Feature","id":"2723226","properties":{"period":"2025-12","date":"23/12/2025","hour":"10:43","type":"COLISAO","turn":"MANHA","roadType":"VIAS URBANAS","street":"AVENIDA DEPUTADO BENEDITO MATARAZZO","fatal":false,"fatalVictims":0,"seriousVictims":0,"pedestrian":0,"bicycle":0,"motorcycle":1,"automobile":1,"bus":0,"truck":0,"resourceId":"326b3d91-d07c-4d64-9ad0-07eace082b80"},"geometry":{"type":"Point","coordinates":[-45.8987778,-23.2180488]}},{"type":"Feature","id":"2714217","properties":{"period":"2025-12","date":"30/12/2025","hour":"17:22","type":"OUTROS","turn":"TARDE","roadType":"VIAS URBANAS","street":"RUA PATATIVA","fatal":false,"fatalVictims":0,"seriousVictims":0,"pedestrian":0,"bicycle":0,"motorcycle":0,"automobile":0,"bus":0,"truck":0,"resourceId":"326b3d91-d07c-4d64-9ad0-07eace082b80"},"geometry":{"type":"Point","coordinates":[-45.8557156,-23.1852416]}},{"type":"Feature","id":"2720995","properties":{"period":"2025-12","date":"27/12/2025","hour":"21:51","type":"COLISAO","turn":"NOITE","roadType":"VIAS URBANAS","street":"RUA CORIFEU DE AZEVEDO MARQUES","fatal":false,"fatalVictims":0,"seriousVictims":0,"pedestrian":0,"bicycle":0,"motorcycle":1,"automobile":1,"bus":0,"truck":0,"resourceId":"326b3d91-d07c-4d64-9ad0-07eace082b80"},"geometry":{"type":"Point","coordinates":[-45.9340897,-23.2391814]}},{"type":"Feature","id":"2725180","properties":{"period":"2025-12","date":"27/12/2025","hour":"10:28","type":"COLISAO","turn":"MANHA","roadType":"VIAS URBANAS","street":"AVENIDA PRESIDENTE TANCREDO NEVES","fatal":false,"fatalVictims":0,"seriousVictims":0,"pedestrian":0,"bicycle":0,"motorcycle":0,"automobile":1,"bus":0,"truck":0,"resourceId":"326b3d91-d07c-4d64-9ad0-07eace082b80"},"geometry":{"type":"Point","coordinates":[-45.7968515,-23.185482]}},{"type":"Feature","id":"2716476","properties":{"period":"2025-12","date":"30/12/2025","hour":"20:15","type":"ATROPELAMENTO","turn":"NOITE","roadType":"VIAS URBANAS","street":"AVENIDA DOUTOR SEBASTIAO HENRIQUE DA CUNHA PONTES","fatal":false,"fatalVictims":0,"seriousVictims":0,"pedestrian":1,"bicycle":0,"motorcycle":0,"automobile":1,"bus":0,"truck":0,"resourceId":"326b3d91-d07c-4d64-9ad0-07eace082b80"},"geometry":{"type":"Point","coordinates":[-45.9117798,-23.2324766]}},{"type":"Feature","id":"2713655","properties":{"period":"2025-12","date":"29/12/2025","hour":"16:05","type":"COLISAO","turn":"TARDE","roadType":"VIAS URBANAS","street":"RUA MARIA FRANCISCA FROES","fatal":false,"fatalVictims":0,"seriousVictims":0,"pedestrian":0,"bicycle":0,"motorcycle":1,"automobile":1,"bus":0,"truck":0,"resourceId":"326b3d91-d07c-4d64-9ad0-07eace082b80"},"geometry":{"type":"Point","coordinates":[-45.8884484,-23.2003531]}},{"type":"Feature","id":"2712597","properties":{"period":"2025-12","date":"30/12/2025","hour":"16:19","type":"COLISAO","turn":"TARDE","roadType":"VIAS URBANAS","street":"AVENIDA ELIANE MARIA BARBIERE SOARES","fatal":false,"fatalVictims":0,"seriousVictims":0,"pedestrian":0,"bicycle":0,"motorcycle":1,"automobile":1,"bus":0,"truck":0,"resourceId":"326b3d91-d07c-4d64-9ad0-07eace082b80"},"geometry":{"type":"Point","coordinates":[-45.905557,-23.249549]}},{"type":"Feature","id":"2712675","properties":{"period":"2025-12","date":"27/12/2025","hour":"13:27","type":"COLISAO","turn":"TARDE","roadType":"VIAS URBANAS","street":"PRACA BERLIM","fatal":false,"fatalVictims":0,"seriousVictims":0,"pedestrian":0,"bicycle":0,"motorcycle":1,"automobile":1,"bus":0,"truck":0,"resourceId":"326b3d91-d07c-4d64-9ad0-07eace082b80"},"geometry":{"type":"Point","coordinates":[-45.8802097,-23.196764]}},{"type":"Feature","id":"2727358","properties":{"period":"2025-12","date":"29/12/2025","hour":"19:00","type":"COLISAO","turn":"NOITE","roadType":"ESTRADAS E RODOVIAS","street":"BR 116","fatal":false,"fatalVictims":0,"seriousVictims":0,"pedestrian":0,"bicycle":0,"motorcycle":0,"automobile":1,"bus":0,"truck":1,"resourceId":"326b3d91-d07c-4d64-9ad0-07eace082b80"},"geometry":{"type":"Point","coordinates":[-45.9111575492,-23.2299973927]}},{"type":"Feature","id":"2711274","properties":{"period":"2025-12","date":"28/12/2025","hour":"21:33","type":"COLISAO","turn":"NOITE","roadType":"VIAS URBANAS","street":"AVENIDA GENERAL MOTORS","fatal":true,"fatalVictims":1,"seriousVictims":0,"pedestrian":0,"bicycle":0,"motorcycle":1,"automobile":0,"bus":1,"truck":0,"resourceId":"326b3d91-d07c-4d64-9ad0-07eace082b80"},"geometry":{"type":"Point","coordinates":[-45.8356445572,-23.1768791018]}},{"type":"Feature","id":"2724795","properties":{"period":"2025-12","date":"29/12/2025","hour":"11:05","type":"COLISAO","turn":"MANHA","roadType":"VIAS URBANAS","street":"RUA EUCLIDES MIRAGAIA","fatal":false,"fatalVictims":0,"seriousVictims":0,"pedestrian":0,"bicycle":0,"motorcycle":1,"automobile":1,"bus":0,"truck":0,"resourceId":"326b3d91-d07c-4d64-9ad0-07eace082b80"},"geometry":{"type":"Point","coordinates":[-45.8910805,-23.1923184]}},{"type":"Feature","id":"2716053","properties":{"period":"2025-12","date":"30/12/2025","hour":"19:49","type":"COLISAO","turn":"NOITE","roadType":"VIAS URBANAS","street":"RUA DURVALINA SILVA AGUIAR","fatal":false,"fatalVictims":0,"seriousVictims":0,"pedestrian":0,"bicycle":0,"motorcycle":1,"automobile":0,"bus":0,"truck":0,"resourceId":"326b3d91-d07c-4d64-9ad0-07eace082b80"},"geometry":{"type":"Point","coordinates":[-45.7920481,-23.1759122]}},{"type":"Feature","id":"2720145","properties":{"period":"2025-12","date":"30/12/2025","hour":"06:34","type":"OUTROS","turn":"MANHA","roadType":"VIAS URBANAS","street":"RUA ESTADOS UNIDOS","fatal":false,"fatalVictims":0,"seriousVictims":0,"pedestrian":0,"bicycle":0,"motorcycle":0,"automobile":1,"bus":0,"truck":0,"resourceId":"326b3d91-d07c-4d64-9ad0-07eace082b80"},"geometry":{"type":"Point","coordinates":[-45.8354902,-23.184139]}},{"type":"Feature","id":"2727446","properties":{"period":"2025-12","date":"30/12/2025","hour":"06:00","type":"COLISAO","turn":"MANHA","roadType":"ESTRADAS E RODOVIAS","street":"BR 116","fatal":false,"fatalVictims":0,"seriousVictims":0,"pedestrian":0,"bicycle":0,"motorcycle":0,"automobile":2,"bus":0,"truck":0,"resourceId":"326b3d91-d07c-4d64-9ad0-07eace082b80"},"geometry":{"type":"Point","coordinates":[-45.7599494227,-23.139557848]}},{"type":"Feature","id":"2722099","properties":{"period":"2025-12","date":"28/12/2025","hour":"21:30","type":"ATROPELAMENTO","turn":"NOITE","roadType":"ESTRADAS E RODOVIAS","street":"SP 099","fatal":false,"fatalVictims":0,"seriousVictims":0,"pedestrian":0,"bicycle":0,"motorcycle":0,"automobile":0,"bus":0,"truck":0,"resourceId":"326b3d91-d07c-4d64-9ad0-07eace082b80"},"geometry":{"type":"Point","coordinates":[-45.881662,-23.2150861673]}},{"type":"Feature","id":"2714812","properties":{"period":"2025-12","date":"28/12/2025","hour":"14:01","type":"COLISAO","turn":"TARDE","roadType":"VIAS URBANAS","street":"AVENIDA CIDADE JARDIM","fatal":false,"fatalVictims":0,"seriousVictims":0,"pedestrian":0,"bicycle":0,"motorcycle":1,"automobile":0,"bus":1,"truck":0,"resourceId":"326b3d91-d07c-4d64-9ad0-07eace082b80"},"geometry":{"type":"Point","coordinates":[-45.8869858,-23.2677692]}},{"type":"Feature","id":"2723535","properties":{"period":"2025-12","date":"29/12/2025","hour":"09:47","type":"ATROPELAMENTO","turn":"MANHA","roadType":"VIAS URBANAS","street":"RUA AUDEMO VENEZIANI","fatal":false,"fatalVictims":0,"seriousVictims":0,"pedestrian":1,"bicycle":0,"motorcycle":0,"automobile":1,"bus":0,"truck":0,"resourceId":"326b3d91-d07c-4d64-9ad0-07eace082b80"},"geometry":{"type":"Point","coordinates":[-45.902932,-23.1515545]}},{"type":"Feature","id":"2745227","properties":{"period":"2026-01","date":"06/01/2026","hour":"13:50","type":"COLISAO","turn":"TARDE","roadType":"ESTRADAS E RODOVIAS","street":"BR 116","fatal":false,"fatalVictims":0,"seriousVictims":0,"pedestrian":0,"bicycle":0,"motorcycle":1,"automobile":1,"bus":0,"truck":0,"resourceId":"64847d9c-8aae-42d7-83bd-42550b3c97a9"},"geometry":{"type":"Point","coordinates":[-45.8119835224,-23.1653869011]}},{"type":"Feature","id":"2746662","properties":{"period":"2026-01","date":"04/01/2026","hour":"13:50","type":"COLISAO","turn":"TARDE","roadType":"ESTRADAS E RODOVIAS","street":"BR 116","fatal":false,"fatalVictims":0,"seriousVictims":0,"pedestrian":0,"bicycle":0,"motorcycle":1,"automobile":0,"bus":0,"truck":0,"resourceId":"64847d9c-8aae-42d7-83bd-42550b3c97a9"},"geometry":{"type":"Point","coordinates":[-45.8119835224,-23.1653869011]}},{"type":"Feature","id":"2732601","properties":{"period":"2026-01","date":"04/01/2026","hour":"17:58","type":"COLISAO","turn":"TARDE","roadType":"VIAS URBANAS","street":"ACESSO AVENIDA FLORESTAN FERNANDES","fatal":false,"fatalVictims":0,"seriousVictims":0,"pedestrian":0,"bicycle":0,"motorcycle":1,"automobile":1,"bus":0,"truck":0,"resourceId":"64847d9c-8aae-42d7-83bd-42550b3c97a9"},"geometry":{"type":"Point","coordinates":[-45.90931955,-23.21150201]}},{"type":"Feature","id":"2731763","properties":{"period":"2026-01","date":"06/01/2026","hour":"21:59","type":"OUTROS","turn":"NOITE","roadType":"VIAS URBANAS","street":"MIRANTE DO ANEL VIARIO VILA ZELFA","fatal":false,"fatalVictims":0,"seriousVictims":0,"pedestrian":0,"bicycle":0,"motorcycle":0,"automobile":1,"bus":0,"truck":0,"resourceId":"64847d9c-8aae-42d7-83bd-42550b3c97a9"},"geometry":{"type":"Point","coordinates":[-45.8946444,-23.2088412]}},{"type":"Feature","id":"2745175","properties":{"period":"2026-01","date":"06/01/2026","hour":"18:25","type":"COLISAO","turn":"NOITE","roadType":"ESTRADAS E RODOVIAS","street":"BR 116","fatal":false,"fatalVictims":0,"seriousVictims":0,"pedestrian":0,"bicycle":0,"motorcycle":0,"automobile":2,"bus":0,"truck":0,"resourceId":"64847d9c-8aae-42d7-83bd-42550b3c97a9"},"geometry":{"type":"Point","coordinates":[-45.8128522953,-23.1658508086]}},{"type":"Feature","id":"2737805","properties":{"period":"2026-01","date":"06/01/2026","hour":"15:17","type":"OUTROS","turn":"TARDE","roadType":"VIAS URBANAS","street":"RUA ITAPEVA","fatal":false,"fatalVictims":0,"seriousVictims":1,"pedestrian":0,"bicycle":0,"motorcycle":0,"automobile":1,"bus":0,"truck":0,"resourceId":"64847d9c-8aae-42d7-83bd-42550b3c97a9"},"geometry":{"type":"Point","coordinates":[-45.8909634,-23.2529774]}},{"type":"Feature","id":"2738545","properties":{"period":"2026-01","date":"03/01/2026","hour":"13:14","type":"CHOQUE","turn":"TARDE","roadType":"VIAS URBANAS","street":"SP 070","fatal":false,"fatalVictims":0,"seriousVictims":0,"pedestrian":0,"bicycle":0,"motorcycle":0,"automobile":0,"bus":0,"truck":0,"resourceId":"64847d9c-8aae-42d7-83bd-42550b3c97a9"},"geometry":{"type":"Point","coordinates":[-45.9537807796,-23.3412449226]}},{"type":"Feature","id":"2730325","properties":{"period":"2026-01","date":"04/01/2026","hour":"15:30","type":"COLISAO","turn":"TARDE","roadType":"VIAS URBANAS","street":"AVENIDA DOUTOR SEBASTIAO HENRIQUE DA CUNHA PONTES","fatal":false,"fatalVictims":0,"seriousVictims":0,"pedestrian":0,"bicycle":0,"motorcycle":0,"automobile":1,"bus":0,"truck":0,"resourceId":"64847d9c-8aae-42d7-83bd-42550b3c97a9"},"geometry":{"type":"Point","coordinates":[-45.9153104,-23.2345838]}},{"type":"Feature","id":"2736491","properties":{"period":"2026-01","date":"02/01/2026","hour":"00:35","type":"COLISAO","turn":"MADRUGADA","roadType":"VIAS URBANAS","street":"RUA LAZARA MENEZES DE OLIVEIRA","fatal":false,"fatalVictims":0,"seriousVictims":0,"pedestrian":0,"bicycle":0,"motorcycle":0,"automobile":2,"bus":0,"truck":0,"resourceId":"64847d9c-8aae-42d7-83bd-42550b3c97a9"},"geometry":{"type":"Point","coordinates":[-45.8846418,-23.25927]}},{"type":"Feature","id":"2728104","properties":{"period":"2026-01","date":"04/01/2026","hour":"17:48","type":"ATROPELAMENTO","turn":"TARDE","roadType":"ESTRADAS E RODOVIAS","street":"SP 062","fatal":true,"fatalVictims":1,"seriousVictims":0,"pedestrian":1,"bicycle":0,"motorcycle":0,"automobile":1,"bus":0,"truck":0,"resourceId":"64847d9c-8aae-42d7-83bd-42550b3c97a9"},"geometry":{"type":"Point","coordinates":[-45.7716673787,-23.1323448005]}},{"type":"Feature","id":"2733399","properties":{"period":"2026-01","date":"04/01/2026","hour":"00:53","type":"CHOQUE","turn":"MADRUGADA","roadType":"VIAS URBANAS","street":"AVENIDA JOAO RODOLFO CASTELLI","fatal":false,"fatalVictims":0,"seriousVictims":0,"pedestrian":0,"bicycle":0,"motorcycle":0,"automobile":1,"bus":0,"truck":0,"resourceId":"64847d9c-8aae-42d7-83bd-42550b3c97a9"},"geometry":{"type":"Point","coordinates":[-45.8440957,-23.2443312]}},{"type":"Feature","id":"2739437","properties":{"period":"2026-01","date":"07/01/2026","hour":"13:28","type":"NAO DISPONIVEL","turn":"TARDE","roadType":"VIAS URBANAS","street":"AVENIDA ANGELO BELMIRO PINTUS","fatal":false,"fatalVictims":0,"seriousVictims":0,"pedestrian":0,"bicycle":0,"motorcycle":1,"automobile":0,"bus":0,"truck":0,"resourceId":"64847d9c-8aae-42d7-83bd-42550b3c97a9"},"geometry":{"type":"Point","coordinates":[-45.8983301,-23.277497]}},{"type":"Feature","id":"2736139","properties":{"period":"2026-01","date":"01/01/2026","hour":"23:34","type":"OUTROS","turn":"NOITE","roadType":"VIAS URBANAS","street":"AVENIDA MARILISE MARTINS DOS SANTOS","fatal":false,"fatalVictims":0,"seriousVictims":0,"pedestrian":0,"bicycle":0,"motorcycle":1,"automobile":0,"bus":0,"truck":0,"resourceId":"64847d9c-8aae-42d7-83bd-42550b3c97a9"},"geometry":{"type":"Point","coordinates":[-45.7976049,-23.1492165]}},{"type":"Feature","id":"2745159","properties":{"period":"2026-01","date":"02/01/2026","hour":"07:45","type":"COLISAO","turn":"MANHA","roadType":"ESTRADAS E RODOVIAS","street":"BR 116","fatal":false,"fatalVictims":0,"seriousVictims":0,"pedestrian":0,"bicycle":0,"motorcycle":1,"automobile":1,"bus":0,"truck":0,"resourceId":"64847d9c-8aae-42d7-83bd-42550b3c97a9"},"geometry":{"type":"Point","coordinates":[-45.9111575492,-23.2299973927]}},{"type":"Feature","id":"2745344","properties":{"period":"2026-01","date":"04/01/2026","hour":"20:00","type":"COLISAO","turn":"NOITE","roadType":"ESTRADAS E RODOVIAS","street":"BR 116","fatal":false,"fatalVictims":0,"seriousVictims":0,"pedestrian":0,"bicycle":0,"motorcycle":0,"automobile":1,"bus":0,"truck":1,"resourceId":"64847d9c-8aae-42d7-83bd-42550b3c97a9"},"geometry":{"type":"Point","coordinates":[-45.8329314726,-23.1763352479]}},{"type":"Feature","id":"2745165","properties":{"period":"2026-01","date":"03/01/2026","hour":"15:30","type":"OUTROS","turn":"TARDE","roadType":"ESTRADAS E RODOVIAS","street":"BR 116","fatal":false,"fatalVictims":0,"seriousVictims":0,"pedestrian":0,"bicycle":0,"motorcycle":1,"automobile":0,"bus":0,"truck":0,"resourceId":"64847d9c-8aae-42d7-83bd-42550b3c97a9"},"geometry":{"type":"Point","coordinates":[-45.8163273868,-23.1677064386]}},{"type":"Feature","id":"2738103","properties":{"period":"2026-01","date":"02/01/2026","hour":"11:57","type":"COLISAO","turn":"MANHA","roadType":"VIAS URBANAS","street":"RUA MAR DEL PLATA","fatal":false,"fatalVictims":0,"seriousVictims":0,"pedestrian":0,"bicycle":0,"motorcycle":1,"automobile":1,"bus":0,"truck":0,"resourceId":"64847d9c-8aae-42d7-83bd-42550b3c97a9"},"geometry":{"type":"Point","coordinates":[-45.8989348,-23.2344173]}},{"type":"Feature","id":"2734027","properties":{"period":"2026-01","date":"03/01/2026","hour":"22:59","type":"OUTROS","turn":"NOITE","roadType":"VIAS URBANAS","street":"AVENIDA RUI BARBOSA","fatal":false,"fatalVictims":0,"seriousVictims":0,"pedestrian":0,"bicycle":0,"motorcycle":0,"automobile":1,"bus":0,"truck":0,"resourceId":"64847d9c-8aae-42d7-83bd-42550b3c97a9"},"geometry":{"type":"Point","coordinates":[-45.8956243,-23.1624506]}},{"type":"Feature","id":"2730123","properties":{"period":"2026-01","date":"01/01/2026","hour":"05:50","type":"COLISAO","turn":"MADRUGADA","roadType":"VIAS URBANAS","street":"RUA VILACA","fatal":false,"fatalVictims":0,"seriousVictims":0,"pedestrian":0,"bicycle":0,"motorcycle":0,"automobile":1,"bus":0,"truck":0,"resourceId":"64847d9c-8aae-42d7-83bd-42550b3c97a9"},"geometry":{"type":"Point","coordinates":[-45.8834042,-23.1859543]}},{"type":"Feature","id":"2738350","properties":{"period":"2026-01","date":"02/01/2026","hour":"15:06","type":"COLISAO","turn":"TARDE","roadType":"VIAS URBANAS","street":"AVENIDA SAO JOSE","fatal":false,"fatalVictims":0,"seriousVictims":0,"pedestrian":0,"bicycle":0,"motorcycle":0,"automobile":2,"bus":0,"truck":0,"resourceId":"64847d9c-8aae-42d7-83bd-42550b3c97a9"},"geometry":{"type":"Point","coordinates":[-45.8879101,-23.1832104]}},{"type":"Feature","id":"2737242","properties":{"period":"2026-01","date":"02/01/2026","hour":"14:19","type":"NAO DISPONIVEL","turn":"TARDE","roadType":"VIAS URBANAS","street":"AVENIDA JOAO BASSI","fatal":false,"fatalVictims":0,"seriousVictims":0,"pedestrian":0,"bicycle":0,"motorcycle":1,"automobile":1,"bus":0,"truck":0,"resourceId":"64847d9c-8aae-42d7-83bd-42550b3c97a9"},"geometry":{"type":"Point","coordinates":[-45.7910212,-23.1844383]}},{"type":"Feature","id":"2735096","properties":{"period":"2026-01","date":"05/01/2026","hour":"08:41","type":"COLISAO","turn":"MANHA","roadType":"VIAS URBANAS","street":"PRACA AFONSO PENA","fatal":false,"fatalVictims":0,"seriousVictims":0,"pedestrian":0,"bicycle":0,"motorcycle":1,"automobile":1,"bus":0,"truck":0,"resourceId":"64847d9c-8aae-42d7-83bd-42550b3c97a9"},"geometry":{"type":"Point","coordinates":[-45.8876972,-23.1858788]}},{"type":"Feature","id":"2731224","properties":{"period":"2026-01","date":"06/01/2026","hour":"21:07","type":"ATROPELAMENTO","turn":"NOITE","roadType":"ESTRADAS E RODOVIAS","street":"SP 099","fatal":false,"fatalVictims":0,"seriousVictims":0,"pedestrian":0,"bicycle":0,"motorcycle":0,"automobile":0,"bus":0,"truck":0,"resourceId":"64847d9c-8aae-42d7-83bd-42550b3c97a9"},"geometry":{"type":"Point","coordinates":[-45.8284335496,-23.2621425128]}},{"type":"Feature","id":"2728219","properties":{"period":"2026-01","date":"07/01/2026","hour":"14:40","type":"OUTROS","turn":"TARDE","roadType":"VIAS URBANAS","street":"AVENIDA SALINAS","fatal":true,"fatalVictims":1,"seriousVictims":0,"pedestrian":0,"bicycle":0,"motorcycle":0,"automobile":1,"bus":0,"truck":0,"resourceId":"64847d9c-8aae-42d7-83bd-42550b3c97a9"},"geometry":{"type":"Point","coordinates":[-45.8910690074,-23.2629229113]}},{"type":"Feature","id":"2739814","properties":{"period":"2026-01","date":"10/01/2026","hour":"10:30","type":"COLISAO","turn":"MANHA","roadType":"VIAS URBANAS","street":"AVENIDA OURO FINO","fatal":false,"fatalVictims":0,"seriousVictims":0,"pedestrian":0,"bicycle":0,"motorcycle":1,"automobile":1,"bus":0,"truck":0,"resourceId":"64847d9c-8aae-42d7-83bd-42550b3c97a9"},"geometry":{"type":"Point","coordinates":[-45.8889295,-23.25375]}},{"type":"Feature","id":"2734205","properties":{"period":"2026-01","date":"17/01/2026","hour":"22:02","type":"COLISAO","turn":"NOITE","roadType":"VIAS URBANAS","street":"AVENIDA RIO BUQUIRA","fatal":false,"fatalVictims":0,"seriousVictims":0,"pedestrian":0,"bicycle":0,"motorcycle":1,"automobile":1,"bus":0,"truck":0,"resourceId":"64847d9c-8aae-42d7-83bd-42550b3c97a9"},"geometry":{"type":"Point","coordinates":[-45.9160732,-23.1427045]}},{"type":"Feature","id":"2746679","properties":{"period":"2026-01","date":"10/01/2026","hour":"14:00","type":"COLISAO","turn":"TARDE","roadType":"ESTRADAS E RODOVIAS","street":"BR 116","fatal":false,"fatalVictims":0,"seriousVictims":1,"pedestrian":0,"bicycle":0,"motorcycle":0,"automobile":1,"bus":0,"truck":1,"resourceId":"64847d9c-8aae-42d7-83bd-42550b3c97a9"},"geometry":{"type":"Point","coordinates":[-45.8329314726,-23.1763352479]}},{"type":"Feature","id":"2746887","properties":{"period":"2026-01","date":"12/01/2026","hour":"11:50","type":"COLISAO","turn":"MANHA","roadType":"ESTRADAS E RODOVIAS","street":"BR 116","fatal":false,"fatalVictims":0,"seriousVictims":0,"pedestrian":0,"bicycle":0,"motorcycle":1,"automobile":1,"bus":0,"truck":0,"resourceId":"64847d9c-8aae-42d7-83bd-42550b3c97a9"},"geometry":{"type":"Point","coordinates":[-45.8481077544,-23.1834056725]}},{"type":"Feature","id":"2729026","properties":{"period":"2026-01","date":"12/01/2026","hour":"15:40","type":"COLISAO","turn":"TARDE","roadType":"VIAS URBANAS","street":"AVENIDA ANDROMEDA","fatal":false,"fatalVictims":0,"seriousVictims":0,"pedestrian":0,"bicycle":0,"motorcycle":0,"automobile":2,"bus":0,"truck":0,"resourceId":"64847d9c-8aae-42d7-83bd-42550b3c97a9"},"geometry":{"type":"Point","coordinates":[-45.8865491,-23.2242169]}},{"type":"Feature","id":"2734836","properties":{"period":"2026-01","date":"14/01/2026","hour":"07:12","type":"OUTROS","turn":"MANHA","roadType":"VIAS URBANAS","street":"NILO MAXIMO","fatal":false,"fatalVictims":0,"seriousVictims":0,"pedestrian":0,"bicycle":0,"motorcycle":1,"automobile":0,"bus":0,"truck":0,"resourceId":"64847d9c-8aae-42d7-83bd-42550b3c97a9"},"geometry":{"type":"Point","coordinates":[-45.9416486261,-23.3091249581]}},{"type":"Feature","id":"2739777","properties":{"period":"2026-01","date":"15/01/2026","hour":"12:26","type":"COLISAO","turn":"TARDE","roadType":"VIAS URBANAS","street":"RUA MAR DEL PLATA","fatal":false,"fatalVictims":0,"seriousVictims":0,"pedestrian":0,"bicycle":0,"motorcycle":0,"automobile":2,"bus":0,"truck":0,"resourceId":"64847d9c-8aae-42d7-83bd-42550b3c97a9"},"geometry":{"type":"Point","coordinates":[-45.8988253,-23.2295389]}},{"type":"Feature","id":"2734790","properties":{"period":"2026-01","date":"15/01/2026","hour":"07:01","type":"COLISAO","turn":"MANHA","roadType":"VIAS URBANAS","street":"RUA RIO MANSO","fatal":false,"fatalVictims":0,"seriousVictims":0,"pedestrian":0,"bicycle":0,"motorcycle":0,"automobile":0,"bus":0,"truck":0,"resourceId":"64847d9c-8aae-42d7-83bd-42550b3c97a9"},"geometry":{"type":"Point","coordinates":[-45.9112303,-23.1422366]}},{"type":"Feature","id":"2734459","properties":{"period":"2026-01","date":"16/01/2026","hour":"07:41","type":"COLISAO","turn":"MANHA","roadType":"VIAS URBANAS","street":"RUA JOAO ADAO","fatal":false,"fatalVictims":0,"seriousVictims":0,"pedestrian":0,"bicycle":1,"motorcycle":0,"automobile":1,"bus":0,"truck":0,"resourceId":"64847d9c-8aae-42d7-83bd-42550b3c97a9"},"geometry":{"type":"Point","coordinates":[-45.8961847,-23.2663111]}},{"type":"Feature","id":"2739461","properties":{"period":"2026-01","date":"17/01/2026","hour":"06:40","type":"COLISAO","turn":"MANHA","roadType":"VIAS URBANAS","street":"RUA ROSARIO","fatal":false,"fatalVictims":0,"seriousVictims":0,"pedestrian":0,"bicycle":0,"motorcycle":0,"automobile":1,"bus":0,"truck":0,"resourceId":"64847d9c-8aae-42d7-83bd-42550b3c97a9"},"geometry":{"type":"Point","coordinates":[-45.8926859,-23.2334986]}},{"type":"Feature","id":"2740580","properties":{"period":"2026-01","date":"12/01/2026","hour":"14:26","type":"ATROPELAMENTO","turn":"TARDE","roadType":"VIAS URBANAS","street":"AVENIDA ANTONIO GALVAO JUNIOR","fatal":false,"fatalVictims":0,"seriousVictims":0,"pedestrian":1,"bicycle":0,"motorcycle":1,"automobile":0,"bus":0,"truck":0,"resourceId":"64847d9c-8aae-42d7-83bd-42550b3c97a9"},"geometry":{"type":"Point","coordinates":[-45.774103,-23.1335761]}},{"type":"Feature","id":"2737516","properties":{"period":"2026-01","date":"13/01/2026","hour":"14:12","type":"OUTROS","turn":"TARDE","roadType":"VIAS URBANAS","street":"AVENIDA ANDROMEDA","fatal":false,"fatalVictims":0,"seriousVictims":0,"pedestrian":0,"bicycle":0,"motorcycle":0,"automobile":0,"bus":1,"truck":0,"resourceId":"64847d9c-8aae-42d7-83bd-42550b3c97a9"},"geometry":{"type":"Point","coordinates":[-45.8878614,-23.2235927]}},{"type":"Feature","id":"2732536","properties":{"period":"2026-01","date":"13/01/2026","hour":"04:54","type":"CHOQUE","turn":"MADRUGADA","roadType":"VIAS URBANAS","street":"ESTRADA DO IMPERADOR","fatal":false,"fatalVictims":0,"seriousVictims":0,"pedestrian":0,"bicycle":0,"motorcycle":0,"automobile":0,"bus":0,"truck":0,"resourceId":"64847d9c-8aae-42d7-83bd-42550b3c97a9"},"geometry":{"type":"Point","coordinates":[-45.9038635,-23.2727163]}},{"type":"Feature","id":"2737474","properties":{"period":"2026-01","date":"08/01/2026","hour":"13:43","type":"COLISAO","turn":"TARDE","roadType":"VIAS URBANAS","street":"AVENIDA POSSIDONIO JOSE DE FREITAS","fatal":false,"fatalVictims":0,"seriousVictims":0,"pedestrian":0,"bicycle":0,"motorcycle":1,"automobile":0,"bus":0,"truck":0,"resourceId":"64847d9c-8aae-42d7-83bd-42550b3c97a9"},"geometry":{"type":"Point","coordinates":[-45.93198949,-23.19039371]}},{"type":"Feature","id":"2732423","properties":{"period":"2026-01","date":"09/01/2026","hour":"20:14","type":"COLISAO","turn":"NOITE","roadType":"VIAS URBANAS","street":"AVENIDA PRESIDENTE TANCREDO NEVES","fatal":false,"fatalVictims":0,"seriousVictims":0,"pedestrian":0,"bicycle":0,"motorcycle":1,"automobile":1,"bus":0,"truck":0,"resourceId":"64847d9c-8aae-42d7-83bd-42550b3c97a9"},"geometry":{"type":"Point","coordinates":[-45.78211,-23.1944796]}},{"type":"Feature","id":"2739869","properties":{"period":"2026-01","date":"18/01/2026","hour":"06:12","type":"CHOQUE","turn":"MANHA","roadType":"VIAS URBANAS","street":"AVENIDA PROFESSOR SEBASTIAO PAULO DE TOLEDO PONTES","fatal":false,"fatalVictims":0,"seriousVictims":0,"pedestrian":0,"bicycle":0,"motorcycle":1,"automobile":0,"bus":0,"truck":0,"resourceId":"64847d9c-8aae-42d7-83bd-42550b3c97a9"},"geometry":{"type":"Point","coordinates":[-45.8596757,-23.1775523]}},{"type":"Feature","id":"2745348","properties":{"period":"2026-01","date":"08/01/2026","hour":"06:45","type":"COLISAO","turn":"MANHA","roadType":"ESTRADAS E RODOVIAS","street":"BR 116","fatal":false,"fatalVictims":0,"seriousVictims":0,"pedestrian":0,"bicycle":0,"motorcycle":1,"automobile":1,"bus":0,"truck":0,"resourceId":"64847d9c-8aae-42d7-83bd-42550b3c97a9"},"geometry":{"type":"Point","coordinates":[-45.8023954961,-23.1603457746]}},{"type":"Feature","id":"2747261","properties":{"period":"2026-01","date":"09/01/2026","hour":"07:20","type":"COLISAO","turn":"MANHA","roadType":"ESTRADAS E RODOVIAS","street":"BR 116","fatal":false,"fatalVictims":0,"seriousVictims":0,"pedestrian":0,"bicycle":0,"motorcycle":1,"automobile":1,"bus":0,"truck":0,"resourceId":"64847d9c-8aae-42d7-83bd-42550b3c97a9"},"geometry":{"type":"Point","coordinates":[-45.8294314394,-23.1745271021]}},{"type":"Feature","id":"2733423","properties":{"period":"2026-01","date":"17/01/2026","hour":"19:29","type":"COLISAO","turn":"NOITE","roadType":"VIAS URBANAS","street":"RUA ANTONIA MARCONDES FERREIRA","fatal":false,"fatalVictims":0,"seriousVictims":0,"pedestrian":0,"bicycle":0,"motorcycle":0,"automobile":2,"bus":0,"truck":0,"resourceId":"64847d9c-8aae-42d7-83bd-42550b3c97a9"},"geometry":{"type":"Point","coordinates":[-45.9058489,-23.1406958]}},{"type":"Feature","id":"2733412","properties":{"period":"2026-01","date":"17/01/2026","hour":"21:19","type":"COLISAO","turn":"NOITE","roadType":"VIAS URBANAS","street":"PRACA HERCULES","fatal":false,"fatalVictims":0,"seriousVictims":1,"pedestrian":0,"bicycle":0,"motorcycle":1,"automobile":1,"bus":0,"truck":0,"resourceId":"64847d9c-8aae-42d7-83bd-42550b3c97a9"},"geometry":{"type":"Point","coordinates":[-45.8605659,-23.2053558]}},{"type":"Feature","id":"2747230","properties":{"period":"2026-01","date":"12/01/2026","hour":"18:00","type":"COLISAO","turn":"NOITE","roadType":"ESTRADAS E RODOVIAS","street":"BR 116","fatal":false,"fatalVictims":0,"seriousVictims":0,"pedestrian":0,"bicycle":0,"motorcycle":1,"automobile":2,"bus":0,"truck":0,"resourceId":"64847d9c-8aae-42d7-83bd-42550b3c97a9"},"geometry":{"type":"Point","coordinates":[-45.8481077544,-23.1834056725]}},{"type":"Feature","id":"2739522","properties":{"period":"2026-01","date":"15/01/2026","hour":"15:15","type":"COLISAO","turn":"TARDE","roadType":"VIAS URBANAS","street":"AVENIDA LEONOR DE ALMEIDA RIBEIRO SOUTO","fatal":false,"fatalVictims":0,"seriousVictims":0,"pedestrian":0,"bicycle":0,"motorcycle":1,"automobile":0,"bus":1,"truck":0,"resourceId":"64847d9c-8aae-42d7-83bd-42550b3c97a9"},"geometry":{"type":"Point","coordinates":[-45.9104167,-23.2653075]}},{"type":"Feature","id":"2746757","properties":{"period":"2026-01","date":"18/01/2026","hour":"03:00","type":"CHOQUE","turn":"MADRUGADA","roadType":"ESTRADAS E RODOVIAS","street":"BR 116","fatal":false,"fatalVictims":0,"seriousVictims":0,"pedestrian":0,"bicycle":0,"motorcycle":0,"automobile":1,"bus":0,"truck":0,"resourceId":"64847d9c-8aae-42d7-83bd-42550b3c97a9"},"geometry":{"type":"Point","coordinates":[-45.9745678587,-23.2750369629]}},{"type":"Feature","id":"2730783","properties":{"period":"2026-01","date":"11/01/2026","hour":"12:53","type":"COLISAO","turn":"TARDE","roadType":"VIAS URBANAS","street":"RUA SUMATRA","fatal":false,"fatalVictims":0,"seriousVictims":0,"pedestrian":0,"bicycle":0,"motorcycle":1,"automobile":1,"bus":0,"truck":0,"resourceId":"64847d9c-8aae-42d7-83bd-42550b3c97a9"},"geometry":{"type":"Point","coordinates":[-45.9010166,-23.2376392]}},{"type":"Feature","id":"2736025","properties":{"period":"2026-01","date":"13/01/2026","hour":"09:50","type":"COLISAO","turn":"MANHA","roadType":"VIAS URBANAS","street":"RUA DOS JASMINS","fatal":false,"fatalVictims":0,"seriousVictims":1,"pedestrian":0,"bicycle":0,"motorcycle":1,"automobile":2,"bus":0,"truck":0,"resourceId":"64847d9c-8aae-42d7-83bd-42550b3c97a9"},"geometry":{"type":"Point","coordinates":[-45.8188555,-23.1709409]}},{"type":"Feature","id":"2736888","properties":{"period":"2026-01","date":"16/01/2026","hour":"01:14","type":"OUTROS","turn":"MADRUGADA","roadType":"VIAS URBANAS","street":"RUA DAS ANDORINHAS","fatal":false,"fatalVictims":0,"seriousVictims":0,"pedestrian":0,"bicycle":0,"motorcycle":0,"automobile":1,"bus":0,"truck":0,"resourceId":"64847d9c-8aae-42d7-83bd-42550b3c97a9"},"geometry":{"type":"Point","coordinates":[-45.8568042,-23.1836416]}},{"type":"Feature","id":"2745184","properties":{"period":"2026-01","date":"08/01/2026","hour":"18:00","type":"COLISAO","turn":"NOITE","roadType":"ESTRADAS E RODOVIAS","street":"BR 116","fatal":false,"fatalVictims":0,"seriousVictims":0,"pedestrian":0,"bicycle":0,"motorcycle":1,"automobile":1,"bus":0,"truck":0,"resourceId":"64847d9c-8aae-42d7-83bd-42550b3c97a9"},"geometry":{"type":"Point","coordinates":[-45.9142940421,-23.2330033164]}},{"type":"Feature","id":"2740506","properties":{"period":"2026-01","date":"13/01/2026","hour":"15:51","type":"COLISAO","turn":"TARDE","roadType":"VIAS URBANAS","street":"TRAVESSA LINEU DE MOURA","fatal":false,"fatalVictims":0,"seriousVictims":0,"pedestrian":0,"bicycle":0,"motorcycle":1,"automobile":1,"bus":0,"truck":0,"resourceId":"64847d9c-8aae-42d7-83bd-42550b3c97a9"},"geometry":{"type":"Point","coordinates":[-45.9160261,-23.1885688]}},{"type":"Feature","id":"2734251","properties":{"period":"2026-01","date":"14/01/2026","hour":"07:33","type":"COLISAO","turn":"MANHA","roadType":"VIAS URBANAS","street":"RUA CARAVELAS","fatal":false,"fatalVictims":0,"seriousVictims":0,"pedestrian":0,"bicycle":0,"motorcycle":1,"automobile":1,"bus":0,"truck":0,"resourceId":"64847d9c-8aae-42d7-83bd-42550b3c97a9"},"geometry":{"type":"Point","coordinates":[-45.9153062,-23.2589146]}},{"type":"Feature","id":"2739443","properties":{"period":"2026-01","date":"16/01/2026","hour":"13:17","type":"COLISAO","turn":"TARDE","roadType":"VIAS URBANAS","street":"AVENIDA TENENTE NEVIO BARACHO","fatal":false,"fatalVictims":0,"seriousVictims":0,"pedestrian":0,"bicycle":0,"motorcycle":1,"automobile":1,"bus":0,"truck":0,"resourceId":"64847d9c-8aae-42d7-83bd-42550b3c97a9"},"geometry":{"type":"Point","coordinates":[-45.8877599,-23.1786212]}},{"type":"Feature","id":"2738666","properties":{"period":"2026-01","date":"16/01/2026","hour":"14:29","type":"COLISAO","turn":"TARDE","roadType":"VIAS URBANAS","street":"AVENIDA DOS ASTRONAUTAS","fatal":false,"fatalVictims":0,"seriousVictims":0,"pedestrian":0,"bicycle":0,"motorcycle":1,"automobile":1,"bus":0,"truck":0,"resourceId":"64847d9c-8aae-42d7-83bd-42550b3c97a9"},"geometry":{"type":"Point","coordinates":[-45.8608541,-23.2043345]}},{"type":"Feature","id":"2730656","properties":{"period":"2026-01","date":"09/01/2026","hour":"18:29","type":"COLISAO","turn":"NOITE","roadType":"VIAS URBANAS","street":"AVENIDA ALFREDO ASDENTE","fatal":false,"fatalVictims":0,"seriousVictims":0,"pedestrian":0,"bicycle":0,"motorcycle":1,"automobile":1,"bus":0,"truck":0,"resourceId":"64847d9c-8aae-42d7-83bd-42550b3c97a9"},"geometry":{"type":"Point","coordinates":[-45.9258829,-23.2253281]}},{"type":"Feature","id":"2731598","properties":{"period":"2026-01","date":"09/01/2026","hour":"19:49","type":"COLISAO","turn":"NOITE","roadType":"VIAS URBANAS","street":"RUA DANILO EDUARDO RIOS RAMOS","fatal":false,"fatalVictims":0,"seriousVictims":0,"pedestrian":0,"bicycle":1,"motorcycle":0,"automobile":1,"bus":0,"truck":0,"resourceId":"64847d9c-8aae-42d7-83bd-42550b3c97a9"},"geometry":{"type":"Point","coordinates":[-45.7898691,-23.1764843]}},{"type":"Feature","id":"2735694","properties":{"period":"2026-01","date":"10/01/2026","hour":"20:22","type":"COLISAO","turn":"NOITE","roadType":"VIAS URBANAS","street":"RUA RECIFE","fatal":false,"fatalVictims":0,"seriousVictims":1,"pedestrian":0,"bicycle":0,"motorcycle":0,"automobile":0,"bus":0,"truck":1,"resourceId":"64847d9c-8aae-42d7-83bd-42550b3c97a9"},"geometry":{"type":"Point","coordinates":[-45.8799442,-23.173016]}},{"type":"Feature","id":"2739693","properties":{"period":"2026-01","date":"11/01/2026","hour":"07:19","type":"COLISAO","turn":"MANHA","roadType":"VIAS URBANAS","street":"RUA PEDRO RACHID","fatal":false,"fatalVictims":0,"seriousVictims":0,"pedestrian":0,"bicycle":0,"motorcycle":0,"automobile":1,"bus":0,"truck":0,"resourceId":"64847d9c-8aae-42d7-83bd-42550b3c97a9"},"geometry":{"type":"Point","coordinates":[-45.9004317,-23.1639215]}},{"type":"Feature","id":"2746433","properties":{"period":"2026-01","date":"17/01/2026","hour":"11:10","type":"OUTROS","turn":"MANHA","roadType":"ESTRADAS E RODOVIAS","street":"BR 116","fatal":false,"fatalVictims":0,"seriousVictims":0,"pedestrian":0,"bicycle":0,"motorcycle":0,"automobile":2,"bus":0,"truck":0,"resourceId":"64847d9c-8aae-42d7-83bd-42550b3c97a9"},"geometry":{"type":"Point","coordinates":[-45.8268064145,-23.1731709928]}},{"type":"Feature","id":"2735911","properties":{"period":"2026-01","date":"12/01/2026","hour":"09:46","type":"CHOQUE","turn":"MANHA","roadType":"VIAS URBANAS","street":"AVENIDA MADRE TERESA","fatal":false,"fatalVictims":0,"seriousVictims":0,"pedestrian":0,"bicycle":0,"motorcycle":0,"automobile":2,"bus":0,"truck":0,"resourceId":"64847d9c-8aae-42d7-83bd-42550b3c97a9"},"geometry":{"type":"Point","coordinates":[-45.8878957,-23.1865911]}},{"type":"Feature","id":"2737968","properties":{"period":"2026-01","date":"12/01/2026","hour":"12:52","type":"COLISAO","turn":"TARDE","roadType":"VIAS URBANAS","street":"AVENIDA PRESIDENTE JUSCELINO KUBITSCHEK","fatal":false,"fatalVictims":0,"seriousVictims":0,"pedestrian":0,"bicycle":0,"motorcycle":1,"automobile":2,"bus":0,"truck":0,"resourceId":"64847d9c-8aae-42d7-83bd-42550b3c97a9"},"geometry":{"type":"Point","coordinates":[-45.8531834,-23.1806005]}},{"type":"Feature","id":"2730158","properties":{"period":"2026-01","date":"13/01/2026","hour":"19:03","type":"COLISAO","turn":"NOITE","roadType":"VIAS URBANAS","street":"MONTEIRO LOBATO","fatal":false,"fatalVictims":0,"seriousVictims":0,"pedestrian":0,"bicycle":0,"motorcycle":0,"automobile":0,"bus":1,"truck":1,"resourceId":"64847d9c-8aae-42d7-83bd-42550b3c97a9"},"geometry":{"type":"Point","coordinates":[-45.9094056893,-23.1279664314]}},{"type":"Feature","id":"2731896","properties":{"period":"2026-01","date":"22/01/2026","hour":"19:00","type":"COLISAO","turn":"NOITE","roadType":"VIAS URBANAS","street":"RUA BRASILINO DE PAULA FERREIRA","fatal":false,"fatalVictims":0,"seriousVictims":1,"pedestrian":0,"bicycle":0,"motorcycle":1,"automobile":1,"bus":0,"truck":0,"resourceId":"64847d9c-8aae-42d7-83bd-42550b3c97a9"},"geometry":{"type":"Point","coordinates":[-45.9064107,-23.1406901]}},{"type":"Feature","id":"2737441","properties":{"period":"2026-01","date":"22/01/2026","hour":"07:31","type":"COLISAO","turn":"MANHA","roadType":"VIAS URBANAS","street":"RUA MADRE PAULA DE SAO JOSE","fatal":false,"fatalVictims":0,"seriousVictims":0,"pedestrian":0,"bicycle":0,"motorcycle":1,"automobile":1,"bus":0,"truck":0,"resourceId":"64847d9c-8aae-42d7-83bd-42550b3c97a9"},"geometry":{"type":"Point","coordinates":[-45.8994163,-23.2030103]}},{"type":"Feature","id":"2736633","properties":{"period":"2026-01","date":"22/01/2026","hour":"08:15","type":"CHOQUE","turn":"MANHA","roadType":"VIAS URBANAS","street":"RUA PARAIBUNA","fatal":false,"fatalVictims":0,"seriousVictims":0,"pedestrian":0,"bicycle":0,"motorcycle":1,"automobile":1,"bus":0,"truck":0,"resourceId":"64847d9c-8aae-42d7-83bd-42550b3c97a9"},"geometry":{"type":"Point","coordinates":[-45.8882247,-23.1940331]}},{"type":"Feature","id":"2747793","properties":{"period":"2026-01","date":"23/01/2026","hour":"22:44","type":"COLISAO","turn":"NOITE","roadType":"VIAS URBANAS","street":"AVENIDA DOM JOSE ANTONIO DO COUTO","fatal":true,"fatalVictims":1,"seriousVictims":0,"pedestrian":0,"bicycle":0,"motorcycle":1,"automobile":0,"bus":0,"truck":0,"resourceId":"64847d9c-8aae-42d7-83bd-42550b3c97a9"},"geometry":{"type":"Point","coordinates":[-45.7936039377,-23.2232146335]}},{"type":"Feature","id":"2731287","properties":{"period":"2026-01","date":"24/01/2026","hour":"14:13","type":"COLISAO","turn":"TARDE","roadType":"VIAS URBANAS","street":"AVENIDA BARBACENA","fatal":false,"fatalVictims":0,"seriousVictims":0,"pedestrian":0,"bicycle":0,"motorcycle":0,"automobile":1,"bus":0,"truck":0,"resourceId":"64847d9c-8aae-42d7-83bd-42550b3c97a9"},"geometry":{"type":"Point","coordinates":[-45.8430325,-23.1718024]}},{"type":"Feature","id":"2738632","properties":{"period":"2026-01","date":"29/01/2026","hour":"15:10","type":"COLISAO","turn":"TARDE","roadType":"VIAS URBANAS","street":"RUA FRANCISCO PAES","fatal":false,"fatalVictims":0,"seriousVictims":0,"pedestrian":0,"bicycle":0,"motorcycle":1,"automobile":1,"bus":0,"truck":0,"resourceId":"64847d9c-8aae-42d7-83bd-42550b3c97a9"},"geometry":{"type":"Point","coordinates":[-45.8865554,-23.1860793]}},{"type":"Feature","id":"2734395","properties":{"period":"2026-01","date":"31/01/2026","hour":"21:02","type":"COLISAO","turn":"NOITE","roadType":"VIAS URBANAS","street":"AVENIDA OURO FINO","fatal":false,"fatalVictims":0,"seriousVictims":0,"pedestrian":0,"bicycle":0,"motorcycle":1,"automobile":1,"bus":0,"truck":0,"resourceId":"64847d9c-8aae-42d7-83bd-42550b3c97a9"},"geometry":{"type":"Point","coordinates":[-45.8885875,-23.2476222]}},{"type":"Feature","id":"2730673","properties":{"period":"2026-01","date":"31/01/2026","hour":"12:46","type":"COLISAO","turn":"TARDE","roadType":"VIAS URBANAS","street":"AVENIDA LEONOR DE ALMEIDA RIBEIRO SOUTO","fatal":false,"fatalVictims":0,"seriousVictims":0,"pedestrian":0,"bicycle":0,"motorcycle":0,"automobile":1,"bus":0,"truck":0,"resourceId":"64847d9c-8aae-42d7-83bd-42550b3c97a9"},"geometry":{"type":"Point","coordinates":[-45.9112491,-23.2643586]}},{"type":"Feature","id":"2731325","properties":{"period":"2026-01","date":"19/01/2026","hour":"19:19","type":"COLISAO","turn":"NOITE","roadType":"VIAS URBANAS","street":"AVENIDA ANDROMEDA","fatal":false,"fatalVictims":0,"seriousVictims":0,"pedestrian":0,"bicycle":0,"motorcycle":1,"automobile":1,"bus":0,"truck":0,"resourceId":"64847d9c-8aae-42d7-83bd-42550b3c97a9"},"geometry":{"type":"Point","coordinates":[-45.8959105,-23.2165733]}},{"type":"Feature","id":"2747694","properties":{"period":"2026-01","date":"20/01/2026","hour":"19:55","type":"ATROPELAMENTO","turn":"NOITE","roadType":"VIAS URBANAS","street":"PRACA JOAO MARCONDES GUIMARAES","fatal":true,"fatalVictims":1,"seriousVictims":0,"pedestrian":1,"bicycle":0,"motorcycle":0,"automobile":0,"bus":1,"truck":0,"resourceId":"64847d9c-8aae-42d7-83bd-42550b3c97a9"},"geometry":{"type":"Point","coordinates":[-45.8873571974,-23.1799059736]}},{"type":"Feature","id":"2739708","properties":{"period":"2026-01","date":"21/01/2026","hour":"10:20","type":"COLISAO","turn":"MANHA","roadType":"VIAS URBANAS","street":"HENRIQUE EROLES","fatal":false,"fatalVictims":0,"seriousVictims":0,"pedestrian":0,"bicycle":0,"motorcycle":1,"automobile":1,"bus":0,"truck":0,"resourceId":"64847d9c-8aae-42d7-83bd-42550b3c97a9"},"geometry":{"type":"Point","coordinates":[-45.9009347,-23.2301012]}},{"type":"Feature","id":"2731748","properties":{"period":"2026-01","date":"21/01/2026","hour":"02:40","type":"COLISAO","turn":"MADRUGADA","roadType":"VIAS URBANAS","street":"AVENIDA DOUTOR NELSON D'AVILA","fatal":false,"fatalVictims":0,"seriousVictims":0,"pedestrian":0,"bicycle":0,"motorcycle":0,"automobile":2,"bus":0,"truck":0,"resourceId":"64847d9c-8aae-42d7-83bd-42550b3c97a9"},"geometry":{"type":"Point","coordinates":[-45.886188,-23.1968072]}},{"type":"Feature","id":"2744271","properties":{"period":"2026-01","date":"23/01/2026","hour":"09:33","type":"COLISAO","turn":"MANHA","roadType":"VIAS URBANAS","street":"AVENIDA SENADOR TEOTONIO VILELA","fatal":false,"fatalVictims":0,"seriousVictims":0,"pedestrian":0,"bicycle":0,"motorcycle":1,"automobile":1,"bus":0,"truck":0,"resourceId":"64847d9c-8aae-42d7-83bd-42550b3c97a9"},"geometry":{"type":"Point","coordinates":[-45.8841153,-23.1957908]}},{"type":"Feature","id":"2746460","properties":{"period":"2026-01","date":"24/01/2026","hour":"22:53","type":"CHOQUE","turn":"NOITE","roadType":"ESTRADAS E RODOVIAS","street":"BR 116","fatal":false,"fatalVictims":0,"seriousVictims":0,"pedestrian":0,"bicycle":0,"motorcycle":0,"automobile":1,"bus":0,"truck":0,"resourceId":"64847d9c-8aae-42d7-83bd-42550b3c97a9"},"geometry":{"type":"Point","coordinates":[-45.9357737511,-23.2503122305]}},{"type":"Feature","id":"2740284","properties":{"period":"2026-01","date":"26/01/2026","hour":"10:41","type":"COLISAO","turn":"MANHA","roadType":"VIAS URBANAS","street":"RUA OBERTAL PEREIRA ALVES","fatal":false,"fatalVictims":0,"seriousVictims":1,"pedestrian":0,"bicycle":0,"motorcycle":1,"automobile":0,"bus":1,"truck":0,"resourceId":"64847d9c-8aae-42d7-83bd-42550b3c97a9"},"geometry":{"type":"Point","coordinates":[-45.770543,-23.198248]}},{"type":"Feature","id":"2746899","properties":{"period":"2026-01","date":"30/01/2026","hour":"09:40","type":"OUTROS","turn":"MANHA","roadType":"ESTRADAS E RODOVIAS","street":"BR 116","fatal":false,"fatalVictims":0,"seriousVictims":0,"pedestrian":0,"bicycle":0,"motorcycle":1,"automobile":0,"bus":0,"truck":0,"resourceId":"64847d9c-8aae-42d7-83bd-42550b3c97a9"},"geometry":{"type":"Point","coordinates":[-45.8128522953,-23.1658508086]}},{"type":"Feature","id":"2729970","properties":{"period":"2026-01","date":"31/01/2026","hour":"12:17","type":"COLISAO","turn":"TARDE","roadType":"VIAS URBANAS","street":"AVENIDA HEITOR VILLA LOBOS","fatal":false,"fatalVictims":0,"seriousVictims":0,"pedestrian":0,"bicycle":0,"motorcycle":0,"automobile":0,"bus":1,"truck":0,"resourceId":"64847d9c-8aae-42d7-83bd-42550b3c97a9"},"geometry":{"type":"Point","coordinates":[-45.8947369,-23.2039345]}},{"type":"Feature","id":"2740118","properties":{"period":"2026-01","date":"24/01/2026","hour":"10:52","type":"COLISAO","turn":"MANHA","roadType":"VIAS URBANAS","street":"AVENIDA SALINAS","fatal":false,"fatalVictims":0,"seriousVictims":0,"pedestrian":0,"bicycle":0,"motorcycle":1,"automobile":1,"bus":0,"truck":0,"resourceId":"64847d9c-8aae-42d7-83bd-42550b3c97a9"},"geometry":{"type":"Point","coordinates":[-45.8903446,-23.2440512]}},{"type":"Feature","id":"2733822","properties":{"period":"2026-01","date":"29/01/2026","hour":"06:46","type":"COLISAO","turn":"MANHA","roadType":"VIAS URBANAS","street":"RUA CRUZALIA","fatal":false,"fatalVictims":0,"seriousVictims":0,"pedestrian":0,"bicycle":0,"motorcycle":1,"automobile":1,"bus":0,"truck":0,"resourceId":"64847d9c-8aae-42d7-83bd-42550b3c97a9"},"geometry":{"type":"Point","coordinates":[-45.8848373,-23.2345794]}},{"type":"Feature","id":"2746686","properties":{"period":"2026-01","date":"21/01/2026","hour":"08:30","type":"COLISAO","turn":"MANHA","roadType":"ESTRADAS E RODOVIAS","street":"BR 116","fatal":false,"fatalVictims":0,"seriousVictims":0,"pedestrian":0,"bicycle":0,"motorcycle":1,"automobile":1,"bus":0,"truck":0,"resourceId":"64847d9c-8aae-42d7-83bd-42550b3c97a9"},"geometry":{"type":"Point","coordinates":[-45.8215563647,-23.1704587741]}},{"type":"Feature","id":"2737573","properties":{"period":"2026-01","date":"21/01/2026","hour":"07:45","type":"COLISAO","turn":"MANHA","roadType":"VIAS URBANAS","street":"TRAVESSA LINEU DE MOURA","fatal":false,"fatalVictims":0,"seriousVictims":0,"pedestrian":0,"bicycle":0,"motorcycle":1,"automobile":1,"bus":0,"truck":0,"resourceId":"64847d9c-8aae-42d7-83bd-42550b3c97a9"},"geometry":{"type":"Point","coordinates":[-45.9185462,-23.1905369]}},{"type":"Feature","id":"2747682","properties":{"period":"2026-01","date":"22/01/2026","hour":"07:34","type":"COLISAO","turn":"MANHA","roadType":"VIAS URBANAS","street":"RUA MADRE PAULA DE SAO JOSE","fatal":true,"fatalVictims":1,"seriousVictims":0,"pedestrian":0,"bicycle":0,"motorcycle":1,"automobile":0,"bus":0,"truck":0,"resourceId":"64847d9c-8aae-42d7-83bd-42550b3c97a9"},"geometry":{"type":"Point","coordinates":[-45.8995021307,-23.2030941187]}},{"type":"Feature","id":"2741590","properties":{"period":"2026-01","date":"27/01/2026","hour":"18:25","type":"COLISAO","turn":"NOITE","roadType":"VIAS URBANAS","street":"AVENIDA OURO FINO","fatal":false,"fatalVictims":0,"seriousVictims":0,"pedestrian":0,"bicycle":0,"motorcycle":1,"automobile":1,"bus":0,"truck":0,"resourceId":"64847d9c-8aae-42d7-83bd-42550b3c97a9"},"geometry":{"type":"Point","coordinates":[-45.8882981,-23.2377898]}},{"type":"Feature","id":"2738660","properties":{"period":"2026-01","date":"19/01/2026","hour":"13:47","type":"COLISAO","turn":"TARDE","roadType":"VIAS URBANAS","street":"ESTRADA MUNICIPAL DO JAGUARI","fatal":false,"fatalVictims":0,"seriousVictims":0,"pedestrian":0,"bicycle":0,"motorcycle":1,"automobile":1,"bus":0,"truck":0,"resourceId":"64847d9c-8aae-42d7-83bd-42550b3c97a9"},"geometry":{"type":"Point","coordinates":[-45.913458,-23.1579705]}},{"type":"Feature","id":"2746424","properties":{"period":"2026-01","date":"20/01/2026","hour":"17:20","type":"COLISAO","turn":"TARDE","roadType":"ESTRADAS E RODOVIAS","street":"BR 116","fatal":false,"fatalVictims":0,"seriousVictims":0,"pedestrian":0,"bicycle":0,"motorcycle":2,"automobile":0,"bus":0,"truck":0,"resourceId":"64847d9c-8aae-42d7-83bd-42550b3c97a9"},"geometry":{"type":"Point","coordinates":[-45.8338164765,-23.1767668961]}},{"type":"Feature","id":"2746430","properties":{"period":"2026-01","date":"23/01/2026","hour":"07:10","type":"COLISAO","turn":"MANHA","roadType":"ESTRADAS E RODOVIAS","street":"BR 116","fatal":false,"fatalVictims":0,"seriousVictims":0,"pedestrian":0,"bicycle":0,"motorcycle":1,"automobile":1,"bus":0,"truck":0,"resourceId":"64847d9c-8aae-42d7-83bd-42550b3c97a9"},"geometry":{"type":"Point","coordinates":[-45.8807262757,-23.2014866526]}},{"type":"Feature","id":"2745820","properties":{"period":"2026-01","date":"27/01/2026","hour":"14:11","type":"CHOQUE","turn":"TARDE","roadType":"VIAS URBANAS","street":"RUA CORIFEU DE AZEVEDO MARQUES","fatal":false,"fatalVictims":0,"seriousVictims":0,"pedestrian":0,"bicycle":0,"motorcycle":0,"automobile":2,"bus":0,"truck":0,"resourceId":"64847d9c-8aae-42d7-83bd-42550b3c97a9"},"geometry":{"type":"Point","coordinates":[-45.930465,-23.2361441]}},{"type":"Feature","id":"2732070","properties":{"period":"2026-01","date":"28/01/2026","hour":"20:47","type":"COLISAO","turn":"NOITE","roadType":"VIAS URBANAS","street":"AVENIDA FLORESTAN FERNANDES","fatal":false,"fatalVictims":0,"seriousVictims":0,"pedestrian":0,"bicycle":0,"motorcycle":1,"automobile":0,"bus":0,"truck":0,"resourceId":"64847d9c-8aae-42d7-83bd-42550b3c97a9"},"geometry":{"type":"Point","coordinates":[-45.8847566,-23.1975899]}},{"type":"Feature","id":"2739207","properties":{"period":"2026-01","date":"30/01/2026","hour":"16:02","type":"COLISAO","turn":"TARDE","roadType":"VIAS URBANAS","street":"RUA CARLOS BELMIRO DOS SANTOS","fatal":false,"fatalVictims":0,"seriousVictims":0,"pedestrian":0,"bicycle":0,"motorcycle":1,"automobile":1,"bus":0,"truck":0,"resourceId":"64847d9c-8aae-42d7-83bd-42550b3c97a9"},"geometry":{"type":"Point","coordinates":[-45.898752,-23.1619128]}},{"type":"Feature","id":"2736332","properties":{"period":"2026-01","date":"20/01/2026","hour":"07:10","type":"COLISAO","turn":"MANHA","roadType":"VIAS URBANAS","street":"RUA ANACLETO DEOLINDO LIBERATO","fatal":false,"fatalVictims":0,"seriousVictims":0,"pedestrian":0,"bicycle":0,"motorcycle":2,"automobile":0,"bus":0,"truck":0,"resourceId":"64847d9c-8aae-42d7-83bd-42550b3c97a9"},"geometry":{"type":"Point","coordinates":[-45.8955413,-23.283933]}},{"type":"Feature","id":"2740272","properties":{"period":"2026-01","date":"21/01/2026","hour":"12:50","type":"COLISAO","turn":"TARDE","roadType":"VIAS URBANAS","street":"AVENIDA ENGENHEIRO SEBASTIAO GUALBERTO","fatal":false,"fatalVictims":0,"seriousVictims":0,"pedestrian":0,"bicycle":0,"motorcycle":1,"automobile":0,"bus":0,"truck":1,"resourceId":"64847d9c-8aae-42d7-83bd-42550b3c97a9"},"geometry":{"type":"Point","coordinates":[-45.8778064,-23.1743115]}},{"type":"Feature","id":"2733320","properties":{"period":"2026-01","date":"25/01/2026","hour":"18:00","type":"OUTROS","turn":"NOITE","roadType":"ESTRADAS E RODOVIAS","street":"SP 070","fatal":false,"fatalVictims":0,"seriousVictims":0,"pedestrian":0,"bicycle":0,"motorcycle":1,"automobile":0,"bus":0,"truck":0,"resourceId":"64847d9c-8aae-42d7-83bd-42550b3c97a9"},"geometry":{"type":"Point","coordinates":[-45.8626357901,-23.2850410386]}},{"type":"Feature","id":"2738246","properties":{"period":"2026-01","date":"25/01/2026","hour":"07:58","type":"COLISAO","turn":"MANHA","roadType":"VIAS URBANAS","street":"AVENIDA PRINCESA ISABEL","fatal":false,"fatalVictims":0,"seriousVictims":0,"pedestrian":0,"bicycle":1,"motorcycle":0,"automobile":1,"bus":0,"truck":0,"resourceId":"64847d9c-8aae-42d7-83bd-42550b3c97a9"},"geometry":{"type":"Point","coordinates":[-45.8945904,-23.158214]}},{"type":"Feature","id":"2747027","properties":{"period":"2026-01","date":"31/01/2026","hour":"07:00","type":"COLISAO","turn":"MANHA","roadType":"ESTRADAS E RODOVIAS","street":"BR 116","fatal":false,"fatalVictims":0,"seriousVictims":0,"pedestrian":0,"bicycle":0,"motorcycle":0,"automobile":1,"bus":0,"truck":2,"resourceId":"64847d9c-8aae-42d7-83bd-42550b3c97a9"},"geometry":{"type":"Point","coordinates":[-45.8570354662,-23.1875637462]}},{"type":"Feature","id":"2736016","properties":{"period":"2026-01","date":"19/01/2026","hour":"08:28","type":"COLISAO","turn":"MANHA","roadType":"VIAS URBANAS","street":"RUA APORE","fatal":false,"fatalVictims":0,"seriousVictims":0,"pedestrian":0,"bicycle":0,"motorcycle":1,"automobile":1,"bus":0,"truck":0,"resourceId":"64847d9c-8aae-42d7-83bd-42550b3c97a9"},"geometry":{"type":"Point","coordinates":[-45.8754546,-23.2288934]}},{"type":"Feature","id":"2746554","properties":{"period":"2026-01","date":"19/01/2026","hour":"10:25","type":"OUTROS","turn":"MANHA","roadType":"ESTRADAS E RODOVIAS","street":"BR 116","fatal":false,"fatalVictims":0,"seriousVictims":1,"pedestrian":0,"bicycle":0,"motorcycle":1,"automobile":2,"bus":0,"truck":0,"resourceId":"64847d9c-8aae-42d7-83bd-42550b3c97a9"},"geometry":{"type":"Point","coordinates":[-45.7855638022,-23.152169248]}},{"type":"Feature","id":"2738698","properties":{"period":"2026-01","date":"26/01/2026","hour":"11:36","type":"COLISAO","turn":"MANHA","roadType":"VIAS URBANAS","street":"AVENIDA MARIA DE LOURDES MEDEIROS DE ASSIS","fatal":false,"fatalVictims":0,"seriousVictims":0,"pedestrian":0,"bicycle":0,"motorcycle":1,"automobile":1,"bus":0,"truck":0,"resourceId":"64847d9c-8aae-42d7-83bd-42550b3c97a9"},"geometry":{"type":"Point","coordinates":[-45.887233,-23.271129]}},{"type":"Feature","id":"2738702","properties":{"period":"2026-01","date":"30/01/2026","hour":"14:49","type":"COLISAO","turn":"TARDE","roadType":"VIAS URBANAS","street":"AVENIDA PROFESSOR ALFREDO FERNANDES DE ALMEIDA","fatal":false,"fatalVictims":0,"seriousVictims":0,"pedestrian":0,"bicycle":0,"motorcycle":1,"automobile":2,"bus":0,"truck":0,"resourceId":"64847d9c-8aae-42d7-83bd-42550b3c97a9"},"geometry":{"type":"Point","coordinates":[-45.9129701,-23.19921]}},{"type":"Feature","id":"2738475","properties":{"period":"2026-01","date":"20/01/2026","hour":"15:39","type":"ATROPELAMENTO","turn":"TARDE","roadType":"VIAS URBANAS","street":"RUA PALMARES","fatal":false,"fatalVictims":0,"seriousVictims":0,"pedestrian":0,"bicycle":0,"motorcycle":0,"automobile":1,"bus":0,"truck":0,"resourceId":"64847d9c-8aae-42d7-83bd-42550b3c97a9"},"geometry":{"type":"Point","coordinates":[-45.9046188,-23.233182]}},{"type":"Feature","id":"2739945","properties":{"period":"2026-01","date":"28/01/2026","hour":"11:55","type":"OUTROS","turn":"MANHA","roadType":"VIAS URBANAS","street":"ESTRADA DO PUTIM PARA A TAMOIOS","fatal":false,"fatalVictims":0,"seriousVictims":0,"pedestrian":0,"bicycle":0,"motorcycle":1,"automobile":0,"bus":0,"truck":0,"resourceId":"64847d9c-8aae-42d7-83bd-42550b3c97a9"},"geometry":{"type":"Point","coordinates":[-45.8610863,-23.24734103]}},{"type":"Feature","id":"2734971","properties":{"period":"2026-01","date":"30/01/2026","hour":"08:45","type":"NAO DISPONIVEL","turn":"MANHA","roadType":"VIAS URBANAS","street":"AVENIDA GEORGE EASTMAN","fatal":false,"fatalVictims":0,"seriousVictims":0,"pedestrian":0,"bicycle":0,"motorcycle":1,"automobile":0,"bus":0,"truck":0,"resourceId":"64847d9c-8aae-42d7-83bd-42550b3c97a9"},"geometry":{"type":"Point","coordinates":[-45.9179999,-23.2442378]}},{"type":"Feature","id":"2730149","properties":{"period":"2026-01","date":"31/01/2026","hour":"12:27","type":"COLISAO","turn":"TARDE","roadType":"VIAS URBANAS","street":"AVENIDA VINTE E TRES DE MAIO","fatal":false,"fatalVictims":0,"seriousVictims":0,"pedestrian":0,"bicycle":0,"motorcycle":1,"automobile":1,"bus":0,"truck":0,"resourceId":"64847d9c-8aae-42d7-83bd-42550b3c97a9"},"geometry":{"type":"Point","coordinates":[-45.8840903,-23.1785779]}},{"type":"Feature","id":"2733385","properties":{"period":"2026-01","date":"20/01/2026","hour":"05:12","type":"COLISAO","turn":"MADRUGADA","roadType":"VIAS URBANAS","street":"MONTEIRO LOBATO","fatal":false,"fatalVictims":0,"seriousVictims":0,"pedestrian":0,"bicycle":0,"motorcycle":0,"automobile":1,"bus":0,"truck":0,"resourceId":"64847d9c-8aae-42d7-83bd-42550b3c97a9"},"geometry":{"type":"Point","coordinates":[-45.90462,-23.1436909]}},{"type":"Feature","id":"2742256","properties":{"period":"2026-01","date":"23/01/2026","hour":"19:51","type":"COLISAO","turn":"NOITE","roadType":"VIAS URBANAS","street":"AVENIDA PERSEU","fatal":false,"fatalVictims":0,"seriousVictims":0,"pedestrian":0,"bicycle":0,"motorcycle":1,"automobile":1,"bus":0,"truck":0,"resourceId":"64847d9c-8aae-42d7-83bd-42550b3c97a9"},"geometry":{"type":"Point","coordinates":[-45.8905459,-23.2334066]}},{"type":"Feature","id":"2736760","properties":{"period":"2026-01","date":"24/01/2026","hour":"06:00","type":"COLISAO","turn":"MANHA","roadType":"VIAS URBANAS","street":"AVENIDA PRESIDENTE JUSCELINO KUBITSCHEK","fatal":false,"fatalVictims":0,"seriousVictims":0,"pedestrian":0,"bicycle":0,"motorcycle":1,"automobile":0,"bus":1,"truck":0,"resourceId":"64847d9c-8aae-42d7-83bd-42550b3c97a9"},"geometry":{"type":"Point","coordinates":[-45.8710534,-23.1847183]}},{"type":"Feature","id":"2728519","properties":{"period":"2026-01","date":"26/01/2026","hour":"13:17","type":"COLISAO","turn":"TARDE","roadType":"VIAS URBANAS","street":"RUA QUINZE DE NOVEMBRO","fatal":false,"fatalVictims":0,"seriousVictims":0,"pedestrian":0,"bicycle":0,"motorcycle":1,"automobile":1,"bus":0,"truck":0,"resourceId":"64847d9c-8aae-42d7-83bd-42550b3c97a9"},"geometry":{"type":"Point","coordinates":[-45.8873568,-23.1812665]}},{"type":"Feature","id":"2739724","properties":{"period":"2026-01","date":"29/01/2026","hour":"11:08","type":"COLISAO","turn":"MANHA","roadType":"VIAS URBANAS","street":"AVENIDA DOUTOR MARIO GALVAO","fatal":false,"fatalVictims":0,"seriousVictims":0,"pedestrian":0,"bicycle":0,"motorcycle":1,"automobile":0,"bus":0,"truck":0,"resourceId":"64847d9c-8aae-42d7-83bd-42550b3c97a9"},"geometry":{"type":"Point","coordinates":[-45.8854367,-23.1787566]}},{"type":"Feature","id":"2736778","properties":{"period":"2026-01","date":"19/01/2026","hour":"10:14","type":"COLISAO","turn":"MANHA","roadType":"VIAS URBANAS","street":"AVENIDA SAO JOSE","fatal":false,"fatalVictims":0,"seriousVictims":0,"pedestrian":0,"bicycle":0,"motorcycle":2,"automobile":1,"bus":0,"truck":0,"resourceId":"64847d9c-8aae-42d7-83bd-42550b3c97a9"},"geometry":{"type":"Point","coordinates":[-45.8879101,-23.1832104]}},{"type":"Feature","id":"2745230","properties":{"period":"2026-01","date":"25/01/2026","hour":"16:47","type":"OUTROS","turn":"TARDE","roadType":"ESTRADAS E RODOVIAS","street":"BR 116","fatal":false,"fatalVictims":0,"seriousVictims":0,"pedestrian":0,"bicycle":0,"motorcycle":1,"automobile":0,"bus":0,"truck":0,"resourceId":"64847d9c-8aae-42d7-83bd-42550b3c97a9"},"geometry":{"type":"Point","coordinates":[-45.8215563647,-23.1704587741]}},{"type":"Feature","id":"2747045","properties":{"period":"2026-01","date":"26/01/2026","hour":"17:00","type":"COLISAO","turn":"TARDE","roadType":"ESTRADAS E RODOVIAS","street":"BR 116","fatal":false,"fatalVictims":0,"seriousVictims":0,"pedestrian":0,"bicycle":0,"motorcycle":1,"automobile":1,"bus":0,"truck":0,"resourceId":"64847d9c-8aae-42d7-83bd-42550b3c97a9"},"geometry":{"type":"Point","coordinates":[-45.8154586139,-23.1672425311]}},{"type":"Feature","id":"2744089","properties":{"period":"2026-01","date":"27/01/2026","hour":"06:27","type":"COLISAO","turn":"MANHA","roadType":"VIAS URBANAS","street":"VIA OESTE","fatal":false,"fatalVictims":0,"seriousVictims":0,"pedestrian":0,"bicycle":0,"motorcycle":0,"automobile":1,"bus":0,"truck":0,"resourceId":"64847d9c-8aae-42d7-83bd-42550b3c97a9"},"geometry":{"type":"Point","coordinates":[-45.9138063,-23.1997155]}},{"type":"Feature","id":"2732723","properties":{"period":"2026-01","date":"30/01/2026","hour":"22:09","type":"COLISAO","turn":"NOITE","roadType":"VIAS URBANAS","street":"AVENIDA CIDADE JARDIM","fatal":false,"fatalVictims":0,"seriousVictims":0,"pedestrian":0,"bicycle":0,"motorcycle":1,"automobile":1,"bus":0,"truck":0,"resourceId":"64847d9c-8aae-42d7-83bd-42550b3c97a9"},"geometry":{"type":"Point","coordinates":[-45.8858628,-23.2515613]}},{"type":"Feature","id":"2733212","properties":{"period":"2026-01","date":"31/01/2026","hour":"14:15","type":"CHOQUE","turn":"TARDE","roadType":"ESTRADAS E RODOVIAS","street":"SP 070","fatal":false,"fatalVictims":0,"seriousVictims":0,"pedestrian":0,"bicycle":0,"motorcycle":0,"automobile":1,"bus":0,"truck":0,"resourceId":"64847d9c-8aae-42d7-83bd-42550b3c97a9"},"geometry":{"type":"Point","coordinates":[-45.9730092366,-23.3433080438]}},{"type":"Feature","id":"2751244","properties":{"period":"2026-02","date":"03/02/2026","hour":"18:15","type":"COLISAO","turn":"NOITE","roadType":"VIAS URBANAS","street":"AVENIDA ADILSON JOSE DA CRUZ","fatal":false,"fatalVictims":0,"seriousVictims":0,"pedestrian":0,"bicycle":1,"motorcycle":0,"automobile":0,"bus":1,"truck":0,"resourceId":"eb2b7394-bad8-483e-ad5a-f7968283e8d3"},"geometry":{"type":"Point","coordinates":[-45.887576,-23.2754402]}},{"type":"Feature","id":"2750777","properties":{"period":"2026-02","date":"07/02/2026","hour":"14:19","type":"OUTROS","turn":"TARDE","roadType":"VIAS URBANAS","street":"AVENIDA OURO FINO","fatal":false,"fatalVictims":0,"seriousVictims":0,"pedestrian":0,"bicycle":0,"motorcycle":0,"automobile":0,"bus":0,"truck":0,"resourceId":"eb2b7394-bad8-483e-ad5a-f7968283e8d3"},"geometry":{"type":"Point","coordinates":[-45.8885767,-23.2469503]}},{"type":"Feature","id":"2755676","properties":{"period":"2026-02","date":"07/02/2026","hour":"01:04","type":"OUTROS","turn":"MADRUGADA","roadType":"ESTRADAS E RODOVIAS","street":"SP 050","fatal":false,"fatalVictims":0,"seriousVictims":0,"pedestrian":0,"bicycle":0,"motorcycle":0,"automobile":0,"bus":0,"truck":0,"resourceId":"eb2b7394-bad8-483e-ad5a-f7968283e8d3"},"geometry":{"type":"Point","coordinates":[-45.9103322029,-23.1204941857]}},{"type":"Feature","id":"2761078","properties":{"period":"2026-02","date":"08/02/2026","hour":"10:10","type":"OUTROS","turn":"MANHA","roadType":"ESTRADAS E RODOVIAS","street":"BR 116","fatal":false,"fatalVictims":0,"seriousVictims":1,"pedestrian":0,"bicycle":0,"motorcycle":1,"automobile":0,"bus":0,"truck":0,"resourceId":"eb2b7394-bad8-483e-ad5a-f7968283e8d3"},"geometry":{"type":"Point","coordinates":[-45.929905903,-23.2466053035]}},{"type":"Feature","id":"2762497","properties":{"period":"2026-02","date":"12/02/2026","hour":"02:00","type":"CHOQUE","turn":"MADRUGADA","roadType":"ESTRADAS E RODOVIAS","street":"BR 116","fatal":false,"fatalVictims":0,"seriousVictims":0,"pedestrian":0,"bicycle":0,"motorcycle":1,"automobile":0,"bus":0,"truck":0,"resourceId":"eb2b7394-bad8-483e-ad5a-f7968283e8d3"},"geometry":{"type":"Point","coordinates":[-45.9111575492,-23.2299973927]}},{"type":"Feature","id":"2760607","properties":{"period":"2026-02","date":"12/02/2026","hour":"10:08","type":"NAO DISPONIVEL","turn":"MANHA","roadType":"VIAS URBANAS","street":"RUA APA","fatal":false,"fatalVictims":0,"seriousVictims":0,"pedestrian":0,"bicycle":0,"motorcycle":0,"automobile":0,"bus":0,"truck":0,"resourceId":"eb2b7394-bad8-483e-ad5a-f7968283e8d3"},"geometry":{"type":"Point","coordinates":[-45.8762394,-23.2257883]}},{"type":"Feature","id":"2747684","properties":{"period":"2026-02","date":"01/02/2026","hour":"11:28","type":"COLISAO","turn":"MANHA","roadType":"VIAS URBANAS","street":"AVENIDA SENADOR TEOTONIO VILELA","fatal":true,"fatalVictims":2,"seriousVictims":0,"pedestrian":0,"bicycle":0,"motorcycle":1,"automobile":0,"bus":0,"truck":1,"resourceId":"eb2b7394-bad8-483e-ad5a-f7968283e8d3"},"geometry":{"type":"Point","coordinates":[-45.8838192824,-23.1924993369]}},{"type":"Feature","id":"2750880","properties":{"period":"2026-02","date":"03/02/2026","hour":"16:56","type":"ATROPELAMENTO","turn":"TARDE","roadType":"VIAS URBANAS","street":"RUA DOS PERIQUITOS","fatal":false,"fatalVictims":0,"seriousVictims":0,"pedestrian":1,"bicycle":0,"motorcycle":0,"automobile":1,"bus":0,"truck":0,"resourceId":"eb2b7394-bad8-483e-ad5a-f7968283e8d3"},"geometry":{"type":"Point","coordinates":[-45.8509315,-23.1805805]}},{"type":"Feature","id":"2758601","properties":{"period":"2026-02","date":"06/02/2026","hour":"18:30","type":"CHOQUE","turn":"NOITE","roadType":"ESTRADAS E RODOVIAS","street":"BR 116","fatal":false,"fatalVictims":0,"seriousVictims":0,"pedestrian":0,"bicycle":0,"motorcycle":0,"automobile":1,"bus":0,"truck":0,"resourceId":"eb2b7394-bad8-483e-ad5a-f7968283e8d3"},"geometry":{"type":"Point","coordinates":[-45.9199652953,-23.2384381085]}},{"type":"Feature","id":"2762488","properties":{"period":"2026-02","date":"06/02/2026","hour":"09:00","type":"COLISAO","turn":"MANHA","roadType":"ESTRADAS E RODOVIAS","street":"BR 116","fatal":false,"fatalVictims":0,"seriousVictims":0,"pedestrian":0,"bicycle":0,"motorcycle":1,"automobile":1,"bus":0,"truck":0,"resourceId":"eb2b7394-bad8-483e-ad5a-f7968283e8d3"},"geometry":{"type":"Point","coordinates":[-45.8391757632,-23.1792563135]}},{"type":"Feature","id":"2753491","properties":{"period":"2026-02","date":"08/02/2026","hour":"16:23","type":"CHOQUE","turn":"TARDE","roadType":"ESTRADAS E RODOVIAS","street":"SP 070","fatal":false,"fatalVictims":0,"seriousVictims":0,"pedestrian":0,"bicycle":0,"motorcycle":0,"automobile":0,"bus":0,"truck":1,"resourceId":"eb2b7394-bad8-483e-ad5a-f7968283e8d3"},"geometry":{"type":"Point","coordinates":[-45.7945830799,-23.2505024694]}},{"type":"Feature","id":"2763070","properties":{"period":"2026-02","date":"11/02/2026","hour":"17:58","type":"ATROPELAMENTO","turn":"TARDE","roadType":"VIAS URBANAS","street":"AVENIDA PRESIDENTE TANCREDO NEVES","fatal":false,"fatalVictims":0,"seriousVictims":0,"pedestrian":2,"bicycle":0,"motorcycle":0,"automobile":1,"bus":0,"truck":0,"resourceId":"eb2b7394-bad8-483e-ad5a-f7968283e8d3"},"geometry":{"type":"Point","coordinates":[-45.8117475,-23.1788151]}},{"type":"Feature","id":"2760362","properties":{"period":"2026-02","date":"09/02/2026","hour":"06:35","type":"COLISAO","turn":"MANHA","roadType":"VIAS URBANAS","street":"AVENIDA PROFESSOR SEBASTIAO PAULO DE TOLEDO PONTES","fatal":false,"fatalVictims":0,"seriousVictims":0,"pedestrian":0,"bicycle":0,"motorcycle":1,"automobile":1,"bus":0,"truck":0,"resourceId":"eb2b7394-bad8-483e-ad5a-f7968283e8d3"},"geometry":{"type":"Point","coordinates":[-45.8597182,-23.1776951]}},{"type":"Feature","id":"2748056","properties":{"period":"2026-02","date":"03/02/2026","hour":"13:51","type":"OUTROS","turn":"TARDE","roadType":"VIAS URBANAS","street":"ESTRADA JUCA CARVALHO","fatal":false,"fatalVictims":0,"seriousVictims":0,"pedestrian":0,"bicycle":0,"motorcycle":0,"automobile":0,"bus":0,"truck":0,"resourceId":"eb2b7394-bad8-483e-ad5a-f7968283e8d3"},"geometry":{"type":"Point","coordinates":[-45.9277986,-23.1459302]}},{"type":"Feature","id":"2753935","properties":{"period":"2026-02","date":"04/02/2026","hour":"23:24","type":"COLISAO","turn":"NOITE","roadType":"VIAS URBANAS","street":"RUA ANACLETO DEOLINDO LIBERATO","fatal":false,"fatalVictims":0,"seriousVictims":0,"pedestrian":0,"bicycle":0,"motorcycle":1,"automobile":1,"bus":0,"truck":0,"resourceId":"eb2b7394-bad8-483e-ad5a-f7968283e8d3"},"geometry":{"type":"Point","coordinates":[-45.8956183,-23.2837685]}},{"type":"Feature","id":"2752773","properties":{"period":"2026-02","date":"10/02/2026","hour":"23:31","type":"NAO DISPONIVEL","turn":"NOITE","roadType":"VIAS URBANAS","street":"RUA BACABAL","fatal":false,"fatalVictims":0,"seriousVictims":0,"pedestrian":0,"bicycle":0,"motorcycle":0,"automobile":0,"bus":0,"truck":0,"resourceId":"eb2b7394-bad8-483e-ad5a-f7968283e8d3"},"geometry":{"type":"Point","coordinates":[-45.9078219,-23.2457988]}},{"type":"Feature","id":"2752025","properties":{"period":"2026-02","date":"12/02/2026","hour":"02:16","type":"OUTROS","turn":"MADRUGADA","roadType":"ESTRADAS E RODOVIAS","street":"BR 116","fatal":false,"fatalVictims":0,"seriousVictims":0,"pedestrian":0,"bicycle":0,"motorcycle":0,"automobile":0,"bus":0,"truck":0,"resourceId":"eb2b7394-bad8-483e-ad5a-f7968283e8d3"},"geometry":{"type":"Point","coordinates":[-45.9357737511,-23.2503122305]}},{"type":"Feature","id":"2752251","properties":{"period":"2026-02","date":"05/02/2026","hour":"19:23","type":"COLISAO","turn":"NOITE","roadType":"VIAS URBANAS","street":"RUA REPUBLICA DO LIBANO","fatal":false,"fatalVictims":0,"seriousVictims":0,"pedestrian":0,"bicycle":0,"motorcycle":1,"automobile":1,"bus":0,"truck":0,"resourceId":"eb2b7394-bad8-483e-ad5a-f7968283e8d3"},"geometry":{"type":"Point","coordinates":[-45.8848393,-23.1998515]}},{"type":"Feature","id":"2758469","properties":{"period":"2026-02","date":"07/02/2026","hour":"23:08","type":"COLISAO","turn":"NOITE","roadType":"ESTRADAS E RODOVIAS","street":"BR 116","fatal":false,"fatalVictims":0,"seriousVictims":0,"pedestrian":0,"bicycle":0,"motorcycle":0,"automobile":3,"bus":0,"truck":0,"resourceId":"eb2b7394-bad8-483e-ad5a-f7968283e8d3"},"geometry":{"type":"Point","coordinates":[-45.8436417227,-23.1813310708]}},{"type":"Feature","id":"2751985","properties":{"period":"2026-02","date":"08/02/2026","hour":"14:50","type":"COLISAO","turn":"TARDE","roadType":"VIAS URBANAS","street":"RUA ANDORRA","fatal":false,"fatalVictims":0,"seriousVictims":0,"pedestrian":0,"bicycle":0,"motorcycle":0,"automobile":0,"bus":0,"truck":0,"resourceId":"eb2b7394-bad8-483e-ad5a-f7968283e8d3"},"geometry":{"type":"Point","coordinates":[-45.8962917,-23.2385471]}},{"type":"Feature","id":"2758477","properties":{"period":"2026-02","date":"09/02/2026","hour":"22:43","type":"CHOQUE","turn":"NOITE","roadType":"ESTRADAS E RODOVIAS","street":"BR 116","fatal":false,"fatalVictims":0,"seriousVictims":0,"pedestrian":0,"bicycle":0,"motorcycle":0,"automobile":1,"bus":0,"truck":0,"resourceId":"eb2b7394-bad8-483e-ad5a-f7968283e8d3"},"geometry":{"type":"Point","coordinates":[-45.9111575492,-23.2299973927]}},{"type":"Feature","id":"2756686","properties":{"period":"2026-02","date":"12/02/2026","hour":"07:18","type":"CHOQUE","turn":"MANHA","roadType":"VIAS URBANAS","street":"AVENIDA GUADALUPE","fatal":false,"fatalVictims":0,"seriousVictims":0,"pedestrian":0,"bicycle":0,"motorcycle":1,"automobile":0,"bus":0,"truck":0,"resourceId":"eb2b7394-bad8-483e-ad5a-f7968283e8d3"},"geometry":{"type":"Point","coordinates":[-45.901128,-23.231513]}},{"type":"Feature","id":"2753825","properties":{"period":"2026-02","date":"05/02/2026","hour":"04:28","type":"ATROPELAMENTO","turn":"MADRUGADA","roadType":"VIAS URBANAS","street":"RUA HUMAITA","fatal":false,"fatalVictims":0,"seriousVictims":0,"pedestrian":1,"bicycle":0,"motorcycle":0,"automobile":0,"bus":0,"truck":0,"resourceId":"eb2b7394-bad8-483e-ad5a-f7968283e8d3"},"geometry":{"type":"Point","coordinates":[-45.887087,-23.187674]}},{"type":"Feature","id":"2747690","properties":{"period":"2026-02","date":"02/02/2026","hour":"19:47","type":"COLISAO","turn":"NOITE","roadType":"ESTRADAS E RODOVIAS","street":"SP 070","fatal":true,"fatalVictims":1,"seriousVictims":0,"pedestrian":0,"bicycle":0,"motorcycle":0,"automobile":1,"bus":0,"truck":0,"resourceId":"eb2b7394-bad8-483e-ad5a-f7968283e8d3"},"geometry":{"type":"Point","coordinates":[-45.7945830799,-23.2505024694]}},{"type":"Feature","id":"2751120","properties":{"period":"2026-02","date":"02/02/2026","hour":"19:00","type":"COLISAO","turn":"NOITE","roadType":"VIAS URBANAS","street":"MONTEIRO LOBATO","fatal":false,"fatalVictims":0,"seriousVictims":1,"pedestrian":0,"bicycle":0,"motorcycle":2,"automobile":0,"bus":0,"truck":0,"resourceId":"eb2b7394-bad8-483e-ad5a-f7968283e8d3"},"geometry":{"type":"Point","coordinates":[-45.9201513,-23.0900843]}},{"type":"Feature","id":"2753738","properties":{"period":"2026-02","date":"03/02/2026","hour":"19:49","type":"COLISAO","turn":"NOITE","roadType":"VIAS URBANAS","street":"AVENIDA JOAQUIM MOREIRA AVILA","fatal":false,"fatalVictims":0,"seriousVictims":0,"pedestrian":0,"bicycle":0,"motorcycle":0,"automobile":1,"bus":0,"truck":0,"resourceId":"eb2b7394-bad8-483e-ad5a-f7968283e8d3"},"geometry":{"type":"Point","coordinates":[-45.9173306,-23.1537992]}},{"type":"Feature","id":"2753585","properties":{"period":"2026-02","date":"07/02/2026","hour":"20:02","type":"OUTROS","turn":"NOITE","roadType":"VIAS URBANAS","street":"RUA MAR DEL PLATA","fatal":false,"fatalVictims":0,"seriousVictims":0,"pedestrian":0,"bicycle":0,"motorcycle":0,"automobile":0,"bus":0,"truck":0,"resourceId":"eb2b7394-bad8-483e-ad5a-f7968283e8d3"},"geometry":{"type":"Point","coordinates":[-45.8986772,-23.229803]}},{"type":"Feature","id":"2762450","properties":{"period":"2026-02","date":"09/02/2026","hour":"12:42","type":"OUTROS","turn":"TARDE","roadType":"VIAS URBANAS","street":"AVENIDA SANTO ANTONIO DO ALTO","fatal":false,"fatalVictims":0,"seriousVictims":0,"pedestrian":0,"bicycle":0,"motorcycle":0,"automobile":0,"bus":0,"truck":0,"resourceId":"eb2b7394-bad8-483e-ad5a-f7968283e8d3"},"geometry":{"type":"Point","coordinates":[-45.7685285,-23.1848805]}},{"type":"Feature","id":"2759217","properties":{"period":"2026-02","date":"10/02/2026","hour":"09:52","type":"ATROPELAMENTO","turn":"MANHA","roadType":"VIAS URBANAS","street":"RUA MACHADO SIDNEY","fatal":false,"fatalVictims":0,"seriousVictims":0,"pedestrian":0,"bicycle":0,"motorcycle":0,"automobile":0,"bus":0,"truck":0,"resourceId":"eb2b7394-bad8-483e-ad5a-f7968283e8d3"},"geometry":{"type":"Point","coordinates":[-45.8878169,-23.1913284]}},{"type":"Feature","id":"2763085","properties":{"period":"2026-02","date":"12/02/2026","hour":"17:02","type":"COLISAO","turn":"TARDE","roadType":"VIAS URBANAS","street":"AVENIDA ANDROMEDA","fatal":false,"fatalVictims":0,"seriousVictims":0,"pedestrian":0,"bicycle":0,"motorcycle":0,"automobile":0,"bus":0,"truck":0,"resourceId":"eb2b7394-bad8-483e-ad5a-f7968283e8d3"},"geometry":{"type":"Point","coordinates":[-45.8926807,-23.2166775]}},{"type":"Feature","id":"2760195","properties":{"period":"2026-02","date":"02/02/2026","hour":"18:40","type":"COLISAO","turn":"NOITE","roadType":"ESTRADAS E RODOVIAS","street":"BR 116","fatal":false,"fatalVictims":0,"seriousVictims":0,"pedestrian":0,"bicycle":0,"motorcycle":1,"automobile":1,"bus":0,"truck":0,"resourceId":"eb2b7394-bad8-483e-ad5a-f7968283e8d3"},"geometry":{"type":"Point","coordinates":[-45.8570354662,-23.1875637462]}},{"type":"Feature","id":"2749114","properties":{"period":"2026-02","date":"06/02/2026","hour":"14:37","type":"ATROPELAMENTO","turn":"TARDE","roadType":"VIAS URBANAS","street":"RUA ALBERTINO DE ALMEIDA","fatal":false,"fatalVictims":0,"seriousVictims":0,"pedestrian":2,"bicycle":0,"motorcycle":0,"automobile":1,"bus":0,"truck":0,"resourceId":"eb2b7394-bad8-483e-ad5a-f7968283e8d3"},"geometry":{"type":"Point","coordinates":[-45.8542034,-23.1758688]}},{"type":"Feature","id":"2758340","properties":{"period":"2026-02","date":"11/02/2026","hour":"14:45","type":"COLISAO","turn":"TARDE","roadType":"VIAS URBANAS","street":"AVENIDA DOUTOR ADEMAR DE BARROS","fatal":false,"fatalVictims":0,"seriousVictims":0,"pedestrian":0,"bicycle":0,"motorcycle":1,"automobile":0,"bus":0,"truck":0,"resourceId":"eb2b7394-bad8-483e-ad5a-f7968283e8d3"},"geometry":{"type":"Point","coordinates":[-45.889936,-23.1930312]}},{"type":"Feature","id":"2762859","properties":{"period":"2026-02","date":"05/02/2026","hour":"12:40","type":"NAO DISPONIVEL","turn":"TARDE","roadType":"VIAS URBANAS","street":"AVENIDA PRESIDENTE TANCREDO NEVES","fatal":false,"fatalVictims":0,"seriousVictims":0,"pedestrian":0,"bicycle":0,"motorcycle":0,"automobile":0,"bus":0,"truck":0,"resourceId":"eb2b7394-bad8-483e-ad5a-f7968283e8d3"},"geometry":{"type":"Point","coordinates":[-45.7810653,-23.1983618]}},{"type":"Feature","id":"2754478","properties":{"period":"2026-02","date":"06/02/2026","hour":"22:12","type":"CHOQUE","turn":"NOITE","roadType":"VIAS URBANAS","street":"AVENIDA CIDADE JARDIM","fatal":false,"fatalVictims":0,"seriousVictims":0,"pedestrian":0,"bicycle":0,"motorcycle":0,"automobile":1,"bus":0,"truck":0,"resourceId":"eb2b7394-bad8-483e-ad5a-f7968283e8d3"},"geometry":{"type":"Point","coordinates":[-45.8864348,-23.2582176]}},{"type":"Feature","id":"2751016","properties":{"period":"2026-02","date":"07/02/2026","hour":"14:45","type":"COLISAO","turn":"TARDE","roadType":"VIAS URBANAS","street":"AVENIDA PICO DAS AGULHAS NEGRAS","fatal":false,"fatalVictims":0,"seriousVictims":0,"pedestrian":0,"bicycle":0,"motorcycle":1,"automobile":0,"bus":1,"truck":0,"resourceId":"eb2b7394-bad8-483e-ad5a-f7968283e8d3"},"geometry":{"type":"Point","coordinates":[-45.9143453,-23.1664548]}},{"type":"Feature","id":"2756154","properties":{"period":"2026-02","date":"07/02/2026","hour":"19:59","type":"COLISAO","turn":"NOITE","roadType":"VIAS URBANAS","street":"RUA DAS PAINEIRAS","fatal":false,"fatalVictims":0,"seriousVictims":0,"pedestrian":0,"bicycle":0,"motorcycle":1,"automobile":1,"bus":0,"truck":0,"resourceId":"eb2b7394-bad8-483e-ad5a-f7968283e8d3"},"geometry":{"type":"Point","coordinates":[-45.9266019,-23.2306694]}},{"type":"Feature","id":"2749226","properties":{"period":"2026-02","date":"08/02/2026","hour":"13:08","type":"OUTROS","turn":"TARDE","roadType":"VIAS URBANAS","street":"RUA SAIGIRO NAKAMURA","fatal":false,"fatalVictims":0,"seriousVictims":0,"pedestrian":0,"bicycle":0,"motorcycle":1,"automobile":0,"bus":0,"truck":0,"resourceId":"eb2b7394-bad8-483e-ad5a-f7968283e8d3"},"geometry":{"type":"Point","coordinates":[-45.855122,-23.1814909]}},{"type":"Feature","id":"2757551","properties":{"period":"2026-02","date":"09/02/2026","hour":"06:12","type":"CHOQUE","turn":"MANHA","roadType":"VIAS URBANAS","street":"SP 099","fatal":false,"fatalVictims":0,"seriousVictims":1,"pedestrian":0,"bicycle":0,"motorcycle":1,"automobile":0,"bus":0,"truck":0,"resourceId":"eb2b7394-bad8-483e-ad5a-f7968283e8d3"},"geometry":{"type":"Point","coordinates":[-45.8205371884,-23.2672438477]}},{"type":"Feature","id":"2756793","properties":{"period":"2026-02","date":"10/02/2026","hour":"13:02","type":"OUTROS","turn":"TARDE","roadType":"VIAS URBANAS","street":"AVENIDA DOUTOR JOAO GUILHERMINO","fatal":false,"fatalVictims":0,"seriousVictims":0,"pedestrian":0,"bicycle":0,"motorcycle":0,"automobile":0,"bus":0,"truck":0,"resourceId":"eb2b7394-bad8-483e-ad5a-f7968283e8d3"},"geometry":{"type":"Point","coordinates":[-45.886644,-23.1895565]}},{"type":"Feature","id":"2748545","properties":{"period":"2026-02","date":"11/02/2026","hour":"18:25","type":"COLISAO","turn":"NOITE","roadType":"VIAS URBANAS","street":"AVENIDA DOUTOR JOAO BAPTISTA SOARES DE QUEIROZ JUN","fatal":false,"fatalVictims":0,"seriousVictims":0,"pedestrian":0,"bicycle":0,"motorcycle":1,"automobile":1,"bus":0,"truck":0,"resourceId":"eb2b7394-bad8-483e-ad5a-f7968283e8d3"},"geometry":{"type":"Point","coordinates":[-45.9200517,-23.2307545]}},{"type":"Feature","id":"2758591","properties":{"period":"2026-02","date":"02/02/2026","hour":"22:03","type":"COLISAO","turn":"NOITE","roadType":"ESTRADAS E RODOVIAS","street":"BR 116","fatal":false,"fatalVictims":0,"seriousVictims":0,"pedestrian":0,"bicycle":0,"motorcycle":1,"automobile":1,"bus":0,"truck":0,"resourceId":"eb2b7394-bad8-483e-ad5a-f7968283e8d3"},"geometry":{"type":"Point","coordinates":[-45.8822410326,-23.2027424252]}},{"type":"Feature","id":"2760103","properties":{"period":"2026-02","date":"04/02/2026","hour":"00:36","type":"OUTROS","turn":"MADRUGADA","roadType":"VIAS URBANAS","street":"RUA PIRAQUARA CLUB","fatal":false,"fatalVictims":0,"seriousVictims":0,"pedestrian":0,"bicycle":0,"motorcycle":0,"automobile":0,"bus":0,"truck":0,"resourceId":"eb2b7394-bad8-483e-ad5a-f7968283e8d3"},"geometry":{"type":"Point","coordinates":[-45.9046024,-23.1596454]}},{"type":"Feature","id":"2762481","properties":{"period":"2026-02","date":"05/02/2026","hour":"07:00","type":"COLISAO","turn":"MANHA","roadType":"ESTRADAS E RODOVIAS","street":"BR 116","fatal":false,"fatalVictims":0,"seriousVictims":0,"pedestrian":0,"bicycle":0,"motorcycle":1,"automobile":0,"bus":0,"truck":1,"resourceId":"eb2b7394-bad8-483e-ad5a-f7968283e8d3"},"geometry":{"type":"Point","coordinates":[-45.8303064477,-23.1749791386]}},{"type":"Feature","id":"2758604","properties":{"period":"2026-02","date":"06/02/2026","hour":"10:45","type":"COLISAO","turn":"MANHA","roadType":"ESTRADAS E RODOVIAS","street":"BR 116","fatal":false,"fatalVictims":0,"seriousVictims":0,"pedestrian":0,"bicycle":0,"motorcycle":1,"automobile":1,"bus":0,"truck":0,"resourceId":"eb2b7394-bad8-483e-ad5a-f7968283e8d3"},"geometry":{"type":"Point","coordinates":[-45.8303064477,-23.1749791386]}},{"type":"Feature","id":"2751259","properties":{"period":"2026-02","date":"07/02/2026","hour":"00:46","type":"COLISAO","turn":"MADRUGADA","roadType":"VIAS URBANAS","street":"VIA CAMBUI","fatal":false,"fatalVictims":0,"seriousVictims":0,"pedestrian":0,"bicycle":0,"motorcycle":2,"automobile":0,"bus":0,"truck":0,"resourceId":"eb2b7394-bad8-483e-ad5a-f7968283e8d3"},"geometry":{"type":"Point","coordinates":[-45.840911,-23.2239579]}},{"type":"Feature","id":"2758474","properties":{"period":"2026-02","date":"12/02/2026","hour":"09:45","type":"COLISAO","turn":"MANHA","roadType":"VIAS URBANAS","street":"RUA FRANCISCO RICCI","fatal":false,"fatalVictims":0,"seriousVictims":0,"pedestrian":0,"bicycle":0,"motorcycle":0,"automobile":2,"bus":0,"truck":0,"resourceId":"eb2b7394-bad8-483e-ad5a-f7968283e8d3"},"geometry":{"type":"Point","coordinates":[-45.8998739,-23.2088372]}},{"type":"Feature","id":"2748719","properties":{"period":"2026-02","date":"14/02/2026","hour":"12:02","type":"NAO DISPONIVEL","turn":"TARDE","roadType":"VIAS URBANAS","street":"AVENIDA SHISHIMA HIFUMI","fatal":false,"fatalVictims":0,"seriousVictims":0,"pedestrian":0,"bicycle":0,"motorcycle":0,"automobile":0,"bus":0,"truck":0,"resourceId":"eb2b7394-bad8-483e-ad5a-f7968283e8d3"},"geometry":{"type":"Point","coordinates":[-45.9368468,-23.1999346]}},{"type":"Feature","id":"2753140","properties":{"period":"2026-02","date":"16/02/2026","hour":"19:15","type":"NAO DISPONIVEL","turn":"NOITE","roadType":"VIAS URBANAS","street":"AVENIDA BENEDITO BENTO","fatal":false,"fatalVictims":0,"seriousVictims":0,"pedestrian":0,"bicycle":1,"motorcycle":1,"automobile":0,"bus":0,"truck":0,"resourceId":"eb2b7394-bad8-483e-ad5a-f7968283e8d3"},"geometry":{"type":"Point","coordinates":[-45.9039417,-23.2510502]}},{"type":"Feature","id":"2753304","properties":{"period":"2026-02","date":"16/02/2026","hour":"21:22","type":"COLISAO","turn":"NOITE","roadType":"VIAS URBANAS","street":"RUA AMADEU PRUDENTE DOS SANTOS","fatal":false,"fatalVictims":0,"seriousVictims":0,"pedestrian":0,"bicycle":0,"motorcycle":2,"automobile":0,"bus":0,"truck":0,"resourceId":"eb2b7394-bad8-483e-ad5a-f7968283e8d3"},"geometry":{"type":"Point","coordinates":[-45.957572,-23.184929]}},{"type":"Feature","id":"2760789","properties":{"period":"2026-02","date":"16/02/2026","hour":"06:37","type":"COLISAO","turn":"MANHA","roadType":"VIAS URBANAS","street":"RUA SARGENTO ANTONIO CELSO DE SOUZA","fatal":false,"fatalVictims":0,"seriousVictims":0,"pedestrian":0,"bicycle":0,"motorcycle":1,"automobile":1,"bus":0,"truck":0,"resourceId":"eb2b7394-bad8-483e-ad5a-f7968283e8d3"},"geometry":{"type":"Point","coordinates":[-45.8290214,-23.2365186]}},{"type":"Feature","id":"2759828","properties":{"period":"2026-02","date":"19/02/2026","hour":"08:56","type":"NAO DISPONIVEL","turn":"MANHA","roadType":"VIAS URBANAS","street":"RUA SAIGIRO NAKAMURA","fatal":false,"fatalVictims":0,"seriousVictims":0,"pedestrian":0,"bicycle":0,"motorcycle":0,"automobile":0,"bus":0,"truck":0,"resourceId":"eb2b7394-bad8-483e-ad5a-f7968283e8d3"},"geometry":{"type":"Point","coordinates":[-45.8620815,-23.1805083]}},{"type":"Feature","id":"2755803","properties":{"period":"2026-02","date":"19/02/2026","hour":"08:46","type":"COLISAO","turn":"MANHA","roadType":"VIAS URBANAS","street":"RUA SAIGIRO NAKAMURA","fatal":false,"fatalVictims":0,"seriousVictims":0,"pedestrian":0,"bicycle":0,"motorcycle":1,"automobile":1,"bus":0,"truck":0,"resourceId":"eb2b7394-bad8-483e-ad5a-f7968283e8d3"},"geometry":{"type":"Point","coordinates":[-45.8620815,-23.1805083]}},{"type":"Feature","id":"2756719","properties":{"period":"2026-02","date":"21/02/2026","hour":"04:40","type":"COLISAO","turn":"MADRUGADA","roadType":"VIAS URBANAS","street":"RUA TALIM","fatal":false,"fatalVictims":0,"seriousVictims":0,"pedestrian":0,"bicycle":0,"motorcycle":1,"automobile":1,"bus":0,"truck":0,"resourceId":"eb2b7394-bad8-483e-ad5a-f7968283e8d3"},"geometry":{"type":"Point","coordinates":[-45.8833613,-23.2137088]}},{"type":"Feature","id":"2756066","properties":{"period":"2026-02","date":"23/02/2026","hour":"08:16","type":"COLISAO","turn":"MANHA","roadType":"VIAS URBANAS","street":"AVENIDA JOAO BATISTA DE SOUZA SOARES","fatal":false,"fatalVictims":0,"seriousVictims":0,"pedestrian":0,"bicycle":0,"motorcycle":1,"automobile":1,"bus":0,"truck":0,"resourceId":"eb2b7394-bad8-483e-ad5a-f7968283e8d3"},"geometry":{"type":"Point","coordinates":[-45.901123,-23.2267109]}},{"type":"Feature","id":"2747680","properties":{"period":"2026-02","date":"15/02/2026","hour":"13:19","type":"ATROPELAMENTO","turn":"TARDE","roadType":"VIAS URBANAS","street":"AVENIDA ELISIO GALDINO SOBRINHO","fatal":true,"fatalVictims":1,"seriousVictims":0,"pedestrian":1,"bicycle":0,"motorcycle":0,"automobile":0,"bus":0,"truck":1,"resourceId":"eb2b7394-bad8-483e-ad5a-f7968283e8d3"},"geometry":{"type":"Point","coordinates":[-45.9039466784,-23.2530808518]}},{"type":"Feature","id":"2760538","properties":{"period":"2026-02","date":"20/02/2026","hour":"11:35","type":"OUTROS","turn":"MANHA","roadType":"VIAS URBANAS","street":"AVENIDA JOAO BATISTA DE SOUZA SOARES","fatal":false,"fatalVictims":0,"seriousVictims":0,"pedestrian":0,"bicycle":0,"motorcycle":0,"automobile":0,"bus":0,"truck":0,"resourceId":"eb2b7394-bad8-483e-ad5a-f7968283e8d3"},"geometry":{"type":"Point","coordinates":[-45.9007697,-23.2259579]}},{"type":"Feature","id":"2760541","properties":{"period":"2026-02","date":"20/02/2026","hour":"09:03","type":"COLISAO","turn":"MANHA","roadType":"VIAS URBANAS","street":"AVENIDA PRESIDENTE JUSCELINO KUBITSCHEK","fatal":false,"fatalVictims":0,"seriousVictims":0,"pedestrian":0,"bicycle":0,"motorcycle":0,"automobile":2,"bus":0,"truck":0,"resourceId":"eb2b7394-bad8-483e-ad5a-f7968283e8d3"},"geometry":{"type":"Point","coordinates":[-45.8568016,-23.1828383]}},{"type":"Feature","id":"2756014","properties":{"period":"2026-02","date":"21/02/2026","hour":"03:11","type":"COLISAO","turn":"MADRUGADA","roadType":"VIAS URBANAS","street":"AVENIDA DOUTOR NELSON D'AVILA","fatal":false,"fatalVictims":0,"seriousVictims":1,"pedestrian":0,"bicycle":0,"motorcycle":1,"automobile":0,"bus":0,"truck":0,"resourceId":"eb2b7394-bad8-483e-ad5a-f7968283e8d3"},"geometry":{"type":"Point","coordinates":[-45.8854092,-23.2014477]}},{"type":"Feature","id":"2762937","properties":{"period":"2026-02","date":"23/02/2026","hour":"14:23","type":"OUTROS","turn":"TARDE","roadType":"VIAS URBANAS","street":"AVENIDA ANDROMEDA","fatal":false,"fatalVictims":0,"seriousVictims":0,"pedestrian":0,"bicycle":0,"motorcycle":1,"automobile":0,"bus":0,"truck":0,"resourceId":"eb2b7394-bad8-483e-ad5a-f7968283e8d3"},"geometry":{"type":"Point","coordinates":[-45.8878324,-23.2237517]}},{"type":"Feature","id":"2758875","properties":{"period":"2026-02","date":"13/02/2026","hour":"12:18","type":"COLISAO","turn":"TARDE","roadType":"VIAS URBANAS","street":"RUA SAIGIRO NAKAMURA","fatal":false,"fatalVictims":0,"seriousVictims":0,"pedestrian":0,"bicycle":0,"motorcycle":0,"automobile":2,"bus":0,"truck":0,"resourceId":"eb2b7394-bad8-483e-ad5a-f7968283e8d3"},"geometry":{"type":"Point","coordinates":[-45.855122,-23.1814909]}},{"type":"Feature","id":"2759687","properties":{"period":"2026-02","date":"14/02/2026","hour":"07:41","type":"NAO DISPONIVEL","turn":"MANHA","roadType":"VIAS URBANAS","street":"RUA SAIGIRO NAKAMURA","fatal":false,"fatalVictims":0,"seriousVictims":0,"pedestrian":0,"bicycle":0,"motorcycle":0,"automobile":0,"bus":0,"truck":0,"resourceId":"eb2b7394-bad8-483e-ad5a-f7968283e8d3"},"geometry":{"type":"Point","coordinates":[-45.855122,-23.1814909]}},{"type":"Feature","id":"2760317","properties":{"period":"2026-02","date":"14/02/2026","hour":"08:47","type":"OUTROS","turn":"MANHA","roadType":"VIAS URBANAS","street":"RUA PARAIBUNA","fatal":false,"fatalVictims":0,"seriousVictims":0,"pedestrian":0,"bicycle":0,"motorcycle":0,"automobile":1,"bus":0,"truck":0,"resourceId":"eb2b7394-bad8-483e-ad5a-f7968283e8d3"},"geometry":{"type":"Point","coordinates":[-45.8894289,-23.1918123]}},{"type":"Feature","id":"2747692","properties":{"period":"2026-02","date":"18/02/2026","hour":"01:39","type":"OUTROS","turn":"MADRUGADA","roadType":"ESTRADAS E RODOVIAS","street":"SP 050","fatal":true,"fatalVictims":1,"seriousVictims":0,"pedestrian":0,"bicycle":0,"motorcycle":1,"automobile":0,"bus":0,"truck":0,"resourceId":"eb2b7394-bad8-483e-ad5a-f7968283e8d3"},"geometry":{"type":"Point","coordinates":[-45.9103322029,-23.1204941857]}},{"type":"Feature","id":"2758521","properties":{"period":"2026-02","date":"21/02/2026","hour":"11:45","type":"CHOQUE","turn":"MANHA","roadType":"ESTRADAS E RODOVIAS","street":"BR 116","fatal":false,"fatalVictims":0,"seriousVictims":0,"pedestrian":0,"bicycle":0,"motorcycle":1,"automobile":0,"bus":0,"truck":0,"resourceId":"eb2b7394-bad8-483e-ad5a-f7968283e8d3"},"geometry":{"type":"Point","coordinates":[-45.8481077544,-23.1834056725]}},{"type":"Feature","id":"2760604","properties":{"period":"2026-02","date":"16/02/2026","hour":"13:08","type":"COLISAO","turn":"TARDE","roadType":"VIAS URBANAS","street":"ESTRADA MUNICIPAL FREDERICO OZANAN","fatal":false,"fatalVictims":0,"seriousVictims":0,"pedestrian":0,"bicycle":0,"motorcycle":0,"automobile":2,"bus":0,"truck":0,"resourceId":"eb2b7394-bad8-483e-ad5a-f7968283e8d3"},"geometry":{"type":"Point","coordinates":[-45.7755796,-23.2146296]}},{"type":"Feature","id":"2754792","properties":{"period":"2026-02","date":"16/02/2026","hour":"19:55","type":"COLISAO","turn":"NOITE","roadType":"VIAS URBANAS","street":"AVENIDA ANDROMEDA","fatal":false,"fatalVictims":0,"seriousVictims":0,"pedestrian":0,"bicycle":0,"motorcycle":0,"automobile":2,"bus":0,"truck":0,"resourceId":"eb2b7394-bad8-483e-ad5a-f7968283e8d3"},"geometry":{"type":"Point","coordinates":[-45.8850886,-23.2455891]}},{"type":"Feature","id":"2760451","properties":{"period":"2026-02","date":"17/02/2026","hour":"10:31","type":"CHOQUE","turn":"MANHA","roadType":"VIAS URBANAS","street":"AVENIDA ANCHIETA","fatal":false,"fatalVictims":0,"seriousVictims":0,"pedestrian":0,"bicycle":0,"motorcycle":0,"automobile":2,"bus":0,"truck":0,"resourceId":"eb2b7394-bad8-483e-ad5a-f7968283e8d3"},"geometry":{"type":"Point","coordinates":[-45.9066565,-23.1947642]}},{"type":"Feature","id":"2762081","properties":{"period":"2026-02","date":"18/02/2026","hour":"11:26","type":"OUTROS","turn":"MANHA","roadType":"VIAS URBANAS","street":"RUA AYRTON SENNA DA SILVA","fatal":false,"fatalVictims":0,"seriousVictims":0,"pedestrian":0,"bicycle":0,"motorcycle":0,"automobile":0,"bus":0,"truck":0,"resourceId":"eb2b7394-bad8-483e-ad5a-f7968283e8d3"},"geometry":{"type":"Point","coordinates":[-45.778543,-23.1700946]}},{"type":"Feature","id":"2749610","properties":{"period":"2026-02","date":"19/02/2026","hour":"16:57","type":"COLISAO","turn":"TARDE","roadType":"VIAS URBANAS","street":"AVENIDA PAULISTA","fatal":false,"fatalVictims":0,"seriousVictims":0,"pedestrian":0,"bicycle":0,"motorcycle":0,"automobile":0,"bus":0,"truck":0,"resourceId":"eb2b7394-bad8-483e-ad5a-f7968283e8d3"},"geometry":{"type":"Point","coordinates":[-45.9074871,-23.1981914]}},{"type":"Feature","id":"2756577","properties":{"period":"2026-02","date":"20/02/2026","hour":"09:29","type":"COLISAO","turn":"MANHA","roadType":"VIAS URBANAS","street":"RUA FRANCISCO PAES","fatal":false,"fatalVictims":0,"seriousVictims":0,"pedestrian":0,"bicycle":0,"motorcycle":0,"automobile":0,"bus":0,"truck":0,"resourceId":"eb2b7394-bad8-483e-ad5a-f7968283e8d3"},"geometry":{"type":"Point","coordinates":[-45.8844163,-23.1858095]}},{"type":"Feature","id":"2752974","properties":{"period":"2026-02","date":"21/02/2026","hour":"17:10","type":"COLISAO","turn":"TARDE","roadType":"VIAS URBANAS","street":"AVENIDA UBERABA","fatal":false,"fatalVictims":0,"seriousVictims":0,"pedestrian":0,"bicycle":0,"motorcycle":1,"automobile":1,"bus":0,"truck":0,"resourceId":"eb2b7394-bad8-483e-ad5a-f7968283e8d3"},"geometry":{"type":"Point","coordinates":[-45.8507969,-23.1738141]}},{"type":"Feature","id":"2753577","properties":{"period":"2026-02","date":"21/02/2026","hour":"20:10","type":"COLISAO","turn":"NOITE","roadType":"VIAS URBANAS","street":"RUA JOSE GUILHERME DE ALMEIDA","fatal":false,"fatalVictims":0,"seriousVictims":0,"pedestrian":0,"bicycle":0,"motorcycle":1,"automobile":1,"bus":0,"truck":0,"resourceId":"eb2b7394-bad8-483e-ad5a-f7968283e8d3"},"geometry":{"type":"Point","coordinates":[-45.8770359,-23.2335579]}},{"type":"Feature","id":"2753316","properties":{"period":"2026-02","date":"22/02/2026","hour":"18:46","type":"COLISAO","turn":"NOITE","roadType":"VIAS URBANAS","street":"RUA FRITZ GERBER","fatal":false,"fatalVictims":0,"seriousVictims":0,"pedestrian":0,"bicycle":0,"motorcycle":1,"automobile":1,"bus":0,"truck":0,"resourceId":"eb2b7394-bad8-483e-ad5a-f7968283e8d3"},"geometry":{"type":"Point","coordinates":[-45.7927818,-23.1827283]}},{"type":"Feature","id":"2755687","properties":{"period":"2026-02","date":"13/02/2026","hour":"07:20","type":"COLISAO","turn":"MANHA","roadType":"VIAS URBANAS","street":"AVENIDA BARBACENA","fatal":false,"fatalVictims":0,"seriousVictims":0,"pedestrian":0,"bicycle":0,"motorcycle":1,"automobile":1,"bus":0,"truck":0,"resourceId":"eb2b7394-bad8-483e-ad5a-f7968283e8d3"},"geometry":{"type":"Point","coordinates":[-45.8520064,-23.1741131]}},{"type":"Feature","id":"2754140","properties":{"period":"2026-02","date":"15/02/2026","hour":"19:26","type":"ATROPELAMENTO","turn":"NOITE","roadType":"VIAS URBANAS","street":"RUA KOICHI MATSUMURA","fatal":false,"fatalVictims":0,"seriousVictims":0,"pedestrian":1,"bicycle":1,"motorcycle":0,"automobile":1,"bus":0,"truck":0,"resourceId":"eb2b7394-bad8-483e-ad5a-f7968283e8d3"},"geometry":{"type":"Point","coordinates":[-45.899812,-23.2267952]}},{"type":"Feature","id":"2751048","properties":{"period":"2026-02","date":"19/02/2026","hour":"19:24","type":"COLISAO","turn":"NOITE","roadType":"VIAS URBANAS","street":"RUA PROFESSOR JOSE ANTONIO COUTINHO CONDINO","fatal":false,"fatalVictims":0,"seriousVictims":0,"pedestrian":0,"bicycle":0,"motorcycle":0,"automobile":2,"bus":0,"truck":0,"resourceId":"eb2b7394-bad8-483e-ad5a-f7968283e8d3"},"geometry":{"type":"Point","coordinates":[-45.9015617,-23.233]}},{"type":"Feature","id":"2756080","properties":{"period":"2026-02","date":"22/02/2026","hour":"22:44","type":"OUTROS","turn":"NOITE","roadType":"VIAS URBANAS","street":"RUA ARCILIO MOREIRA DA SILVA","fatal":false,"fatalVictims":0,"seriousVictims":0,"pedestrian":0,"bicycle":0,"motorcycle":0,"automobile":0,"bus":0,"truck":0,"resourceId":"eb2b7394-bad8-483e-ad5a-f7968283e8d3"},"geometry":{"type":"Point","coordinates":[-45.9005432,-23.2623064]}},{"type":"Feature","id":"2748956","properties":{"period":"2026-02","date":"14/02/2026","hour":"11:49","type":"COLISAO","turn":"MANHA","roadType":"VIAS URBANAS","street":"RUA MADRE PAULA DE SAO JOSE","fatal":false,"fatalVictims":0,"seriousVictims":0,"pedestrian":0,"bicycle":0,"motorcycle":0,"automobile":1,"bus":1,"truck":0,"resourceId":"eb2b7394-bad8-483e-ad5a-f7968283e8d3"},"geometry":{"type":"Point","coordinates":[-45.9022138,-23.201901]}},{"type":"Feature","id":"2751603","properties":{"period":"2026-02","date":"14/02/2026","hour":"14:10","type":"OUTROS","turn":"TARDE","roadType":"VIAS URBANAS","street":"RUA MADAGASCAR","fatal":false,"fatalVictims":0,"seriousVictims":0,"pedestrian":0,"bicycle":0,"motorcycle":1,"automobile":0,"bus":0,"truck":0,"resourceId":"eb2b7394-bad8-483e-ad5a-f7968283e8d3"},"geometry":{"type":"Point","coordinates":[-45.9036181,-23.2366832]}},{"type":"Feature","id":"2750557","properties":{"period":"2026-02","date":"15/02/2026","hour":"11:52","type":"OUTROS","turn":"MANHA","roadType":"ESTRADAS E RODOVIAS","street":"SP 050","fatal":false,"fatalVictims":0,"seriousVictims":0,"pedestrian":0,"bicycle":0,"motorcycle":0,"automobile":0,"bus":0,"truck":0,"resourceId":"eb2b7394-bad8-483e-ad5a-f7968283e8d3"},"geometry":{"type":"Point","coordinates":[-45.918403522,-23.1060261868]}},{"type":"Feature","id":"2754400","properties":{"period":"2026-02","date":"15/02/2026","hour":"20:00","type":"OUTROS","turn":"NOITE","roadType":"VIAS URBANAS","street":"SP 070","fatal":false,"fatalVictims":0,"seriousVictims":0,"pedestrian":0,"bicycle":0,"motorcycle":1,"automobile":0,"bus":0,"truck":0,"resourceId":"eb2b7394-bad8-483e-ad5a-f7968283e8d3"},"geometry":{"type":"Point","coordinates":[-45.8086529,-23.2629792]}},{"type":"Feature","id":"2756146","properties":{"period":"2026-02","date":"16/02/2026","hour":"21:43","type":"NAO DISPONIVEL","turn":"NOITE","roadType":"VIAS URBANAS","street":"RUA ITANHANDU","fatal":false,"fatalVictims":0,"seriousVictims":0,"pedestrian":0,"bicycle":0,"motorcycle":0,"automobile":0,"bus":0,"truck":0,"resourceId":"eb2b7394-bad8-483e-ad5a-f7968283e8d3"},"geometry":{"type":"Point","coordinates":[-45.8476391,-23.1771963]}},{"type":"Feature","id":"2762618","properties":{"period":"2026-02","date":"17/02/2026","hour":"12:30","type":"COLISAO","turn":"TARDE","roadType":"ESTRADAS E RODOVIAS","street":"BR 116","fatal":false,"fatalVictims":0,"seriousVictims":0,"pedestrian":0,"bicycle":0,"motorcycle":0,"automobile":2,"bus":0,"truck":0,"resourceId":"eb2b7394-bad8-483e-ad5a-f7968283e8d3"},"geometry":{"type":"Point","coordinates":[-45.7634694018,-23.1413268506]}},{"type":"Feature","id":"2758302","properties":{"period":"2026-02","date":"20/02/2026","hour":"09:38","type":"COLISAO","turn":"MANHA","roadType":"VIAS URBANAS","street":"AVENIDA DUSMENIL SANTOS FERNANDES","fatal":false,"fatalVictims":0,"seriousVictims":0,"pedestrian":0,"bicycle":0,"motorcycle":0,"automobile":0,"bus":0,"truck":0,"resourceId":"eb2b7394-bad8-483e-ad5a-f7968283e8d3"},"geometry":{"type":"Point","coordinates":[-45.7766466,-23.1406314]}},{"type":"Feature","id":"2748067","properties":{"period":"2026-02","date":"22/02/2026","hour":"11:15","type":"OUTROS","turn":"MANHA","roadType":"VIAS URBANAS","street":"AVENIDA PRESIDENTE TANCREDO NEVES","fatal":false,"fatalVictims":0,"seriousVictims":0,"pedestrian":0,"bicycle":0,"motorcycle":0,"automobile":0,"bus":0,"truck":0,"resourceId":"eb2b7394-bad8-483e-ad5a-f7968283e8d3"},"geometry":{"type":"Point","coordinates":[-45.7894374,-23.1893652]}},{"type":"Feature","id":"2748654","properties":{"period":"2026-02","date":"23/02/2026","hour":"17:11","type":"NAO DISPONIVEL","turn":"TARDE","roadType":"VIAS URBANAS","street":"RUA ITABAIANA","fatal":false,"fatalVictims":0,"seriousVictims":0,"pedestrian":0,"bicycle":0,"motorcycle":0,"automobile":0,"bus":0,"truck":0,"resourceId":"eb2b7394-bad8-483e-ad5a-f7968283e8d3"},"geometry":{"type":"Point","coordinates":[-45.916492,-23.244563]}},{"type":"Feature","id":"2758424","properties":{"period":"2026-02","date":"23/02/2026","hour":"13:02","type":"COLISAO","turn":"TARDE","roadType":"VIAS URBANAS","street":"AVENIDA PRESIDENTE JUSCELINO KUBITSCHEK","fatal":false,"fatalVictims":0,"seriousVictims":0,"pedestrian":0,"bicycle":0,"motorcycle":1,"automobile":1,"bus":0,"truck":0,"resourceId":"eb2b7394-bad8-483e-ad5a-f7968283e8d3"},"geometry":{"type":"Point","coordinates":[-45.870063,-23.181152]}},{"type":"Feature","id":"2755426","properties":{"period":"2026-02","date":"13/02/2026","hour":"23:51","type":"OUTROS","turn":"NOITE","roadType":"VIAS URBANAS","street":"AVENIDA CIDADE JARDIM","fatal":false,"fatalVictims":0,"seriousVictims":0,"pedestrian":0,"bicycle":0,"motorcycle":0,"automobile":0,"bus":0,"truck":0,"resourceId":"eb2b7394-bad8-483e-ad5a-f7968283e8d3"},"geometry":{"type":"Point","coordinates":[-45.8802821,-23.234091]}},{"type":"Feature","id":"2755269","properties":{"period":"2026-02","date":"14/02/2026","hour":"18:14","type":"OUTROS","turn":"NOITE","roadType":"VIAS URBANAS","street":"RUA MIGUEL ERAS","fatal":false,"fatalVictims":0,"seriousVictims":0,"pedestrian":0,"bicycle":0,"motorcycle":0,"automobile":0,"bus":0,"truck":0,"resourceId":"eb2b7394-bad8-483e-ad5a-f7968283e8d3"},"geometry":{"type":"Point","coordinates":[-45.8943312,-23.1669431]}},{"type":"Feature","id":"2748790","properties":{"period":"2026-02","date":"15/02/2026","hour":"10:12","type":"COLISAO","turn":"MANHA","roadType":"VIAS URBANAS","street":"RUA FELISBINA DE SOUZA MACHADO","fatal":false,"fatalVictims":0,"seriousVictims":0,"pedestrian":0,"bicycle":0,"motorcycle":1,"automobile":1,"bus":0,"truck":0,"resourceId":"eb2b7394-bad8-483e-ad5a-f7968283e8d3"},"geometry":{"type":"Point","coordinates":[-45.8995421,-23.2785658]}},{"type":"Feature","id":"2762238","properties":{"period":"2026-02","date":"21/02/2026","hour":"08:07","type":"ATROPELAMENTO","turn":"MANHA","roadType":"VIAS URBANAS","street":"RUA OLINDA","fatal":false,"fatalVictims":0,"seriousVictims":0,"pedestrian":1,"bicycle":0,"motorcycle":0,"automobile":1,"bus":0,"truck":0,"resourceId":"eb2b7394-bad8-483e-ad5a-f7968283e8d3"},"geometry":{"type":"Point","coordinates":[-45.9107058,-23.2471248]}},{"type":"Feature","id":"2748978","properties":{"period":"2026-02","date":"24/02/2026","hour":"18:33","type":"OUTROS","turn":"NOITE","roadType":"VIAS URBANAS","street":"RUA CLOVIS BEVILAQUA","fatal":false,"fatalVictims":0,"seriousVictims":0,"pedestrian":0,"bicycle":0,"motorcycle":0,"automobile":0,"bus":0,"truck":0,"resourceId":"eb2b7394-bad8-483e-ad5a-f7968283e8d3"},"geometry":{"type":"Point","coordinates":[-45.9011235,-23.1957582]}},{"type":"Feature","id":"2755829","properties":{"period":"2026-02","date":"13/02/2026","hour":"07:36","type":"OUTROS","turn":"MANHA","roadType":"VIAS URBANAS","street":"AVENIDA LINNEU DE MOURA","fatal":false,"fatalVictims":0,"seriousVictims":0,"pedestrian":0,"bicycle":0,"motorcycle":0,"automobile":0,"bus":0,"truck":0,"resourceId":"eb2b7394-bad8-483e-ad5a-f7968283e8d3"},"geometry":{"type":"Point","coordinates":[-45.9269822,-23.1936162]}},{"type":"Feature","id":"2757109","properties":{"period":"2026-02","date":"13/02/2026","hour":"23:47","type":"COLISAO","turn":"NOITE","roadType":"VIAS URBANAS","street":"AVENIDA CIDADE JARDIM","fatal":false,"fatalVictims":0,"seriousVictims":0,"pedestrian":0,"bicycle":0,"motorcycle":1,"automobile":1,"bus":0,"truck":0,"resourceId":"eb2b7394-bad8-483e-ad5a-f7968283e8d3"},"geometry":{"type":"Point","coordinates":[-45.8857519,-23.2516606]}},{"type":"Feature","id":"2752599","properties":{"period":"2026-02","date":"16/02/2026","hour":"19:55","type":"COLISAO","turn":"NOITE","roadType":"VIAS URBANAS","street":"AVENIDA PRESIDENTE TANCREDO NEVES","fatal":false,"fatalVictims":0,"seriousVictims":0,"pedestrian":0,"bicycle":0,"motorcycle":1,"automobile":1,"bus":0,"truck":0,"resourceId":"eb2b7394-bad8-483e-ad5a-f7968283e8d3"},"geometry":{"type":"Point","coordinates":[-45.810995,-23.1809082]}},{"type":"Feature","id":"2756440","properties":{"period":"2026-02","date":"18/02/2026","hour":"08:25","type":"OUTROS","turn":"MANHA","roadType":"VIAS URBANAS","street":"RUA ARAGUARI","fatal":false,"fatalVictims":0,"seriousVictims":0,"pedestrian":0,"bicycle":0,"motorcycle":0,"automobile":0,"bus":0,"truck":0,"resourceId":"eb2b7394-bad8-483e-ad5a-f7968283e8d3"},"geometry":{"type":"Point","coordinates":[-45.8466714,-23.1802764]}},{"type":"Feature","id":"2762537","properties":{"period":"2026-02","date":"18/02/2026","hour":"18:30","type":"COLISAO","turn":"NOITE","roadType":"ESTRADAS E RODOVIAS","street":"BR 116","fatal":false,"fatalVictims":0,"seriousVictims":0,"pedestrian":0,"bicycle":0,"motorcycle":1,"automobile":1,"bus":0,"truck":1,"resourceId":"eb2b7394-bad8-483e-ad5a-f7968283e8d3"},"geometry":{"type":"Point","coordinates":[-45.7776327422,-23.1482138203]}},{"type":"Feature","id":"2754383","properties":{"period":"2026-02","date":"19/02/2026","hour":"23:34","type":"COLISAO","turn":"NOITE","roadType":"VIAS URBANAS","street":"AVENIDA OURO FINO","fatal":false,"fatalVictims":0,"seriousVictims":0,"pedestrian":0,"bicycle":0,"motorcycle":0,"automobile":0,"bus":0,"truck":0,"resourceId":"eb2b7394-bad8-483e-ad5a-f7968283e8d3"},"geometry":{"type":"Point","coordinates":[-45.8885821,-23.2428227]}},{"type":"Feature","id":"2761737","properties":{"period":"2026-02","date":"20/02/2026","hour":"10:58","type":"COLISAO","turn":"MANHA","roadType":"ESTRADAS E RODOVIAS","street":"SP 070","fatal":false,"fatalVictims":0,"seriousVictims":0,"pedestrian":0,"bicycle":0,"motorcycle":1,"automobile":0,"bus":0,"truck":0,"resourceId":"eb2b7394-bad8-483e-ad5a-f7968283e8d3"},"geometry":{"type":"Point","coordinates":[-45.8351852875,-23.274068876]}},{"type":"Feature","id":"2751007","properties":{"period":"2026-02","date":"21/02/2026","hour":"15:18","type":"COLISAO","turn":"TARDE","roadType":"VIAS URBANAS","street":"AVENIDA JORGE ZARUR","fatal":false,"fatalVictims":0,"seriousVictims":0,"pedestrian":0,"bicycle":0,"motorcycle":1,"automobile":1,"bus":0,"truck":0,"resourceId":"eb2b7394-bad8-483e-ad5a-f7968283e8d3"},"geometry":{"type":"Point","coordinates":[-45.8916863,-23.2117238]}},{"type":"Feature","id":"2750693","properties":{"period":"2026-02","date":"21/02/2026","hour":"14:49","type":"COLISAO","turn":"TARDE","roadType":"VIAS URBANAS","street":"AVENIDA ANDROMEDA","fatal":false,"fatalVictims":0,"seriousVictims":0,"pedestrian":0,"bicycle":0,"motorcycle":0,"automobile":2,"bus":0,"truck":0,"resourceId":"eb2b7394-bad8-483e-ad5a-f7968283e8d3"},"geometry":{"type":"Point","coordinates":[-45.8916555,-23.2198494]}},{"type":"Feature","id":"2753619","properties":{"period":"2026-02","date":"21/02/2026","hour":"20:12","type":"OUTROS","turn":"NOITE","roadType":"VIAS URBANAS","street":"AVENIDA SENADOR TEOTONIO VILELA","fatal":false,"fatalVictims":0,"seriousVictims":0,"pedestrian":0,"bicycle":0,"motorcycle":0,"automobile":0,"bus":0,"truck":0,"resourceId":"eb2b7394-bad8-483e-ad5a-f7968283e8d3"},"geometry":{"type":"Point","coordinates":[-45.8954438,-23.160157]}},{"type":"Feature","id":"2755744","properties":{"period":"2026-02","date":"24/02/2026","hour":"06:56","type":"NAO DISPONIVEL","turn":"MANHA","roadType":"VIAS URBANAS","street":"AVENIDA MARGINAL B","fatal":false,"fatalVictims":0,"seriousVictims":0,"pedestrian":0,"bicycle":0,"motorcycle":0,"automobile":0,"bus":0,"truck":0,"resourceId":"eb2b7394-bad8-483e-ad5a-f7968283e8d3"},"geometry":{"type":"Point","coordinates":[-45.9285241,-23.2462306]}},{"type":"Feature","id":"2753665","properties":{"period":"2026-02","date":"14/02/2026","hour":"16:30","type":"CHOQUE","turn":"TARDE","roadType":"VIAS URBANAS","street":"DOS TAMOIOS","fatal":false,"fatalVictims":0,"seriousVictims":1,"pedestrian":0,"bicycle":0,"motorcycle":1,"automobile":0,"bus":0,"truck":0,"resourceId":"eb2b7394-bad8-483e-ad5a-f7968283e8d3"},"geometry":{"type":"Point","coordinates":[-45.8819961,-23.2158601]}},{"type":"Feature","id":"2761253","properties":{"period":"2026-02","date":"14/02/2026","hour":"21:43","type":"COLISAO","turn":"NOITE","roadType":"ESTRADAS E RODOVIAS","street":"BR 116","fatal":false,"fatalVictims":0,"seriousVictims":0,"pedestrian":0,"bicycle":0,"motorcycle":1,"automobile":1,"bus":0,"truck":0,"resourceId":"eb2b7394-bad8-483e-ad5a-f7968283e8d3"},"geometry":{"type":"Point","coordinates":[-45.8658086399,-23.1920391312]}},{"type":"Feature","id":"2752326","properties":{"period":"2026-02","date":"15/02/2026","hour":"15:07","type":"COLISAO","turn":"TARDE","roadType":"VIAS URBANAS","street":"RUA ITORORO","fatal":false,"fatalVictims":0,"seriousVictims":0,"pedestrian":0,"bicycle":0,"motorcycle":1,"automobile":1,"bus":0,"truck":0,"resourceId":"eb2b7394-bad8-483e-ad5a-f7968283e8d3"},"geometry":{"type":"Point","coordinates":[-45.8779117,-23.1918831]}},{"type":"Feature","id":"2749786","properties":{"period":"2026-02","date":"16/02/2026","hour":"15:08","type":"COLISAO","turn":"TARDE","roadType":"VIAS URBANAS","street":"RUA SIQUEIRA CAMPOS","fatal":false,"fatalVictims":0,"seriousVictims":0,"pedestrian":0,"bicycle":0,"motorcycle":1,"automobile":1,"bus":0,"truck":0,"resourceId":"eb2b7394-bad8-483e-ad5a-f7968283e8d3"},"geometry":{"type":"Point","coordinates":[-45.8790938,-23.178614]}},{"type":"Feature","id":"2758642","properties":{"period":"2026-02","date":"17/02/2026","hour":"20:40","type":"OUTROS","turn":"NOITE","roadType":"ESTRADAS E RODOVIAS","street":"BR 116","fatal":false,"fatalVictims":0,"seriousVictims":0,"pedestrian":0,"bicycle":0,"motorcycle":0,"automobile":1,"bus":0,"truck":0,"resourceId":"eb2b7394-bad8-483e-ad5a-f7968283e8d3"},"geometry":{"type":"Point","coordinates":[-45.8391757632,-23.1792563135]}},{"type":"Feature","id":"2749603","properties":{"period":"2026-02","date":"20/02/2026","hour":"17:16","type":"ATROPELAMENTO","turn":"TARDE","roadType":"VIAS URBANAS","street":"RUA SANTA FE","fatal":false,"fatalVictims":0,"seriousVictims":0,"pedestrian":1,"bicycle":0,"motorcycle":0,"automobile":1,"bus":0,"truck":0,"resourceId":"eb2b7394-bad8-483e-ad5a-f7968283e8d3"},"geometry":{"type":"Point","coordinates":[-45.832079,-23.1810803]}},{"type":"Feature","id":"2761606","properties":{"period":"2026-02","date":"20/02/2026","hour":"13:28","type":"COLISAO","turn":"TARDE","roadType":"VIAS URBANAS","street":"RUA GALILEU LOPES DA SILVA","fatal":false,"fatalVictims":0,"seriousVictims":0,"pedestrian":0,"bicycle":1,"motorcycle":0,"automobile":1,"bus":0,"truck":0,"resourceId":"eb2b7394-bad8-483e-ad5a-f7968283e8d3"},"geometry":{"type":"Point","coordinates":[-45.824974,-23.233477]}},{"type":"Feature","id":"2754367","properties":{"period":"2026-02","date":"22/02/2026","hour":"22:11","type":"COLISAO","turn":"NOITE","roadType":"VIAS URBANAS","street":"RUA DELFINO MASCARENHAS","fatal":false,"fatalVictims":0,"seriousVictims":0,"pedestrian":0,"bicycle":0,"motorcycle":1,"automobile":0,"bus":0,"truck":0,"resourceId":"eb2b7394-bad8-483e-ad5a-f7968283e8d3"},"geometry":{"type":"Point","coordinates":[-45.8906255,-23.175844]}},{"type":"Feature","id":"2753365","properties":{"period":"2026-02","date":"23/02/2026","hour":"21:33","type":"COLISAO","turn":"NOITE","roadType":"VIAS URBANAS","street":"AVENIDA DOS EVANGELICOS","fatal":false,"fatalVictims":0,"seriousVictims":0,"pedestrian":0,"bicycle":0,"motorcycle":1,"automobile":0,"bus":0,"truck":0,"resourceId":"eb2b7394-bad8-483e-ad5a-f7968283e8d3"},"geometry":{"type":"Point","coordinates":[-45.8889359,-23.2700632]}},{"type":"Feature","id":"2757067","properties":{"period":"2026-02","date":"12/02/2026","hour":"12:00","type":"COLISAO","turn":"TARDE","roadType":"VIAS URBANAS","street":"RUA MARTINS FONTES","fatal":false,"fatalVictims":0,"seriousVictims":0,"pedestrian":0,"bicycle":0,"motorcycle":1,"automobile":1,"bus":0,"truck":0,"resourceId":"eb2b7394-bad8-483e-ad5a-f7968283e8d3"},"geometry":{"type":"Point","coordinates":[-45.8726693,-23.1814748]}},{"type":"Feature","id":"2756777","properties":{"period":"2026-02","date":"13/02/2026","hour":"04:38","type":"ATROPELAMENTO","turn":"MADRUGADA","roadType":"VIAS URBANAS","street":"RUA ANTONIO RODRIGUES VIEIRA","fatal":false,"fatalVictims":0,"seriousVictims":0,"pedestrian":0,"bicycle":0,"motorcycle":0,"automobile":0,"bus":0,"truck":0,"resourceId":"eb2b7394-bad8-483e-ad5a-f7968283e8d3"},"geometry":{"type":"Point","coordinates":[-45.8889346,-23.2745097]}},{"type":"Feature","id":"2762486","properties":{"period":"2026-02","date":"13/02/2026","hour":"12:16","type":"NAO DISPONIVEL","turn":"TARDE","roadType":"VIAS URBANAS","street":"ALAMEDA CLARA NUNES","fatal":false,"fatalVictims":0,"seriousVictims":0,"pedestrian":0,"bicycle":0,"motorcycle":0,"automobile":0,"bus":0,"truck":0,"resourceId":"eb2b7394-bad8-483e-ad5a-f7968283e8d3"},"geometry":{"type":"Point","coordinates":[-45.9585704,-23.1876174]}},{"type":"Feature","id":"2763074","properties":{"period":"2026-02","date":"15/02/2026","hour":"07:30","type":"COLISAO","turn":"MANHA","roadType":"VIAS URBANAS","street":"RUA ANAPOLIS","fatal":false,"fatalVictims":0,"seriousVictims":0,"pedestrian":0,"bicycle":0,"motorcycle":0,"automobile":0,"bus":0,"truck":0,"resourceId":"eb2b7394-bad8-483e-ad5a-f7968283e8d3"},"geometry":{"type":"Point","coordinates":[-45.9022693,-23.2309827]}},{"type":"Feature","id":"2755510","properties":{"period":"2026-02","date":"17/02/2026","hour":"20:35","type":"COLISAO","turn":"NOITE","roadType":"VIAS URBANAS","street":"RUA ISMAEL ALVES RODRIGUES","fatal":false,"fatalVictims":0,"seriousVictims":0,"pedestrian":0,"bicycle":0,"motorcycle":1,"automobile":1,"bus":0,"truck":0,"resourceId":"eb2b7394-bad8-483e-ad5a-f7968283e8d3"},"geometry":{"type":"Point","coordinates":[-45.9036187,-23.272311]}},{"type":"Feature","id":"2753928","properties":{"period":"2026-02","date":"21/02/2026","hour":"16:51","type":"COLISAO","turn":"TARDE","roadType":"VIAS URBANAS","street":"AVENIDA IGUAPE","fatal":false,"fatalVictims":0,"seriousVictims":0,"pedestrian":0,"bicycle":0,"motorcycle":0,"automobile":2,"bus":0,"truck":0,"resourceId":"eb2b7394-bad8-483e-ad5a-f7968283e8d3"},"geometry":{"type":"Point","coordinates":[-45.8816735,-23.2351238]}},{"type":"Feature","id":"2753302","properties":{"period":"2026-02","date":"27/02/2026","hour":"03:08","type":"OUTROS","turn":"MADRUGADA","roadType":"VIAS URBANAS","street":"AVENIDA PRESIDENTE TANCREDO NEVES","fatal":false,"fatalVictims":0,"seriousVictims":0,"pedestrian":0,"bicycle":0,"motorcycle":0,"automobile":0,"bus":0,"truck":0,"resourceId":"eb2b7394-bad8-483e-ad5a-f7968283e8d3"},"geometry":{"type":"Point","coordinates":[-45.8070661,-23.1831896]}},{"type":"Feature","id":"2752469","properties":{"period":"2026-02","date":"25/02/2026","hour":"02:28","type":"ATROPELAMENTO","turn":"MADRUGADA","roadType":"VIAS URBANAS","street":"AVENIDA PEDRO FRIGGI","fatal":false,"fatalVictims":0,"seriousVictims":0,"pedestrian":1,"bicycle":0,"motorcycle":0,"automobile":0,"bus":0,"truck":0,"resourceId":"eb2b7394-bad8-483e-ad5a-f7968283e8d3"},"geometry":{"type":"Point","coordinates":[-45.832482,-23.180185]}},{"type":"Feature","id":"2761051","properties":{"period":"2026-02","date":"24/02/2026","hour":"10:09","type":"COLISAO","turn":"MANHA","roadType":"VIAS URBANAS","street":"RUA PALMARES","fatal":false,"fatalVictims":0,"seriousVictims":0,"pedestrian":0,"bicycle":0,"motorcycle":1,"automobile":0,"bus":0,"truck":1,"resourceId":"eb2b7394-bad8-483e-ad5a-f7968283e8d3"},"geometry":{"type":"Point","coordinates":[-45.9051205,-23.2339745]}},{"type":"Feature","id":"2749879","properties":{"period":"2026-02","date":"25/02/2026","hour":"18:22","type":"ATROPELAMENTO","turn":"NOITE","roadType":"VIAS URBANAS","street":"RUA AUDEMO VENEZIANI","fatal":false,"fatalVictims":0,"seriousVictims":1,"pedestrian":1,"bicycle":0,"motorcycle":0,"automobile":0,"bus":1,"truck":0,"resourceId":"eb2b7394-bad8-483e-ad5a-f7968283e8d3"},"geometry":{"type":"Point","coordinates":[-45.9036908,-23.1514089]}},{"type":"Feature","id":"2760176","properties":{"period":"2026-02","date":"26/02/2026","hour":"14:00","type":"COLISAO","turn":"TARDE","roadType":"ESTRADAS E RODOVIAS","street":"BR 116","fatal":false,"fatalVictims":0,"seriousVictims":0,"pedestrian":0,"bicycle":0,"motorcycle":0,"automobile":1,"bus":0,"truck":1,"resourceId":"eb2b7394-bad8-483e-ad5a-f7968283e8d3"},"geometry":{"type":"Point","coordinates":[-45.7953084671,-23.1569030265]}},{"type":"Feature","id":"2761047","properties":{"period":"2026-02","date":"27/02/2026","hour":"09:43","type":"ATROPELAMENTO","turn":"MANHA","roadType":"VIAS URBANAS","street":"RUA HUMAITA","fatal":false,"fatalVictims":0,"seriousVictims":0,"pedestrian":1,"bicycle":0,"motorcycle":0,"automobile":1,"bus":0,"truck":0,"resourceId":"eb2b7394-bad8-483e-ad5a-f7968283e8d3"},"geometry":{"type":"Point","coordinates":[-45.8873964,-23.1872953]}},{"type":"Feature","id":"2760796","properties":{"period":"2026-02","date":"26/02/2026","hour":"09:53","type":"OUTROS","turn":"MANHA","roadType":"VIAS URBANAS","street":"RUA FRANCISCA MARIA DE SOUZA","fatal":false,"fatalVictims":0,"seriousVictims":0,"pedestrian":0,"bicycle":0,"motorcycle":0,"automobile":0,"bus":0,"truck":0,"resourceId":"eb2b7394-bad8-483e-ad5a-f7968283e8d3"},"geometry":{"type":"Point","coordinates":[-45.8924975,-23.1577493]}},{"type":"Feature","id":"2758665","properties":{"period":"2026-02","date":"28/02/2026","hour":"06:45","type":"OUTROS","turn":"MANHA","roadType":"ESTRADAS E RODOVIAS","street":"BR 116","fatal":false,"fatalVictims":0,"seriousVictims":1,"pedestrian":0,"bicycle":0,"motorcycle":1,"automobile":0,"bus":0,"truck":0,"resourceId":"eb2b7394-bad8-483e-ad5a-f7968283e8d3"},"geometry":{"type":"Point","coordinates":[-45.7688280881,-23.1438137088]}},{"type":"Feature","id":"2749583","properties":{"period":"2026-02","date":"28/02/2026","hour":"13:23","type":"OUTROS","turn":"TARDE","roadType":"VIAS URBANAS","street":"AVENIDA MARIO COVAS","fatal":false,"fatalVictims":0,"seriousVictims":0,"pedestrian":0,"bicycle":0,"motorcycle":1,"automobile":0,"bus":0,"truck":0,"resourceId":"eb2b7394-bad8-483e-ad5a-f7968283e8d3"},"geometry":{"type":"Point","coordinates":[-45.887536,-23.2155672]}},{"type":"Feature","id":"2758324","properties":{"period":"2026-02","date":"28/02/2026","hour":"05:58","type":"COLISAO","turn":"MADRUGADA","roadType":"VIAS URBANAS","street":"RUA DANILO EDUARDO RIOS RAMOS","fatal":false,"fatalVictims":0,"seriousVictims":0,"pedestrian":0,"bicycle":0,"motorcycle":0,"automobile":2,"bus":0,"truck":0,"resourceId":"eb2b7394-bad8-483e-ad5a-f7968283e8d3"},"geometry":{"type":"Point","coordinates":[-45.7782981,-23.1669609]}},{"type":"Feature","id":"2755214","properties":{"period":"2026-02","date":"26/02/2026","hour":"07:47","type":"ATROPELAMENTO","turn":"MANHA","roadType":"VIAS URBANAS","street":"RUA PROFESSOR FREDERICO EYER","fatal":false,"fatalVictims":0,"seriousVictims":0,"pedestrian":1,"bicycle":0,"motorcycle":0,"automobile":1,"bus":0,"truck":0,"resourceId":"eb2b7394-bad8-483e-ad5a-f7968283e8d3"},"geometry":{"type":"Point","coordinates":[-45.8895895,-23.1993072]}},{"type":"Feature","id":"2761921","properties":{"period":"2026-02","date":"25/02/2026","hour":"11:52","type":"COLISAO","turn":"MANHA","roadType":"VIAS URBANAS","street":"AVENIDA PRESIDENTE JUSCELINO KUBITSCHEK","fatal":false,"fatalVictims":0,"seriousVictims":0,"pedestrian":0,"bicycle":0,"motorcycle":0,"automobile":1,"bus":1,"truck":0,"resourceId":"eb2b7394-bad8-483e-ad5a-f7968283e8d3"},"geometry":{"type":"Point","coordinates":[-45.8717975,-23.1865816]}},{"type":"Feature","id":"2751695","properties":{"period":"2026-02","date":"25/02/2026","hour":"20:02","type":"COLISAO","turn":"NOITE","roadType":"VIAS URBANAS","street":"AVENIDA FLORESTAN FERNANDES","fatal":false,"fatalVictims":0,"seriousVictims":0,"pedestrian":0,"bicycle":0,"motorcycle":0,"automobile":1,"bus":0,"truck":0,"resourceId":"eb2b7394-bad8-483e-ad5a-f7968283e8d3"},"geometry":{"type":"Point","coordinates":[-45.8841887,-23.1936441]}},{"type":"Feature","id":"2760551","properties":{"period":"2026-02","date":"27/02/2026","hour":"12:38","type":"COLISAO","turn":"TARDE","roadType":"VIAS URBANAS","street":"ESTRADA MUNICIPAL JOAQUIM GONCALVES DA SILVA","fatal":false,"fatalVictims":0,"seriousVictims":0,"pedestrian":0,"bicycle":0,"motorcycle":1,"automobile":1,"bus":0,"truck":0,"resourceId":"eb2b7394-bad8-483e-ad5a-f7968283e8d3"},"geometry":{"type":"Point","coordinates":[-45.7851549,-23.1780956]}},{"type":"Feature","id":"2757075","properties":{"period":"2026-02","date":"27/02/2026","hour":"07:21","type":"ATROPELAMENTO","turn":"MANHA","roadType":"VIAS URBANAS","street":"PRACA AFONSO PENA","fatal":false,"fatalVictims":0,"seriousVictims":0,"pedestrian":2,"bicycle":0,"motorcycle":0,"automobile":0,"bus":0,"truck":0,"resourceId":"eb2b7394-bad8-483e-ad5a-f7968283e8d3"},"geometry":{"type":"Point","coordinates":[-45.8866655,-23.1846788]}},{"type":"Feature","id":"2758744","properties":{"period":"2026-02","date":"24/02/2026","hour":"07:56","type":"COLISAO","turn":"MANHA","roadType":"VIAS URBANAS","street":"RUA BACABAL","fatal":false,"fatalVictims":0,"seriousVictims":0,"pedestrian":0,"bicycle":0,"motorcycle":0,"automobile":2,"bus":0,"truck":0,"resourceId":"eb2b7394-bad8-483e-ad5a-f7968283e8d3"},"geometry":{"type":"Point","coordinates":[-45.9118053,-23.2502352]}},{"type":"Feature","id":"2747832","properties":{"period":"2026-02","date":"26/02/2026","hour":"09:04","type":"ATROPELAMENTO","turn":"MANHA","roadType":"ESTRADAS E RODOVIAS","street":"SP 070","fatal":true,"fatalVictims":1,"seriousVictims":0,"pedestrian":1,"bicycle":0,"motorcycle":0,"automobile":0,"bus":0,"truck":1,"resourceId":"eb2b7394-bad8-483e-ad5a-f7968283e8d3"},"geometry":{"type":"Point","coordinates":[-45.8703050702,-23.2916922354]}},{"type":"Feature","id":"2759926","properties":{"period":"2026-02","date":"27/02/2026","hour":"13:09","type":"ATROPELAMENTO","turn":"TARDE","roadType":"VIAS URBANAS","street":"RUA GISELE MARTINS","fatal":false,"fatalVictims":0,"seriousVictims":0,"pedestrian":1,"bicycle":0,"motorcycle":1,"automobile":0,"bus":0,"truck":0,"resourceId":"eb2b7394-bad8-483e-ad5a-f7968283e8d3"},"geometry":{"type":"Point","coordinates":[-45.897151,-23.247526]}},{"type":"Feature","id":"2755122","properties":{"period":"2026-02","date":"27/02/2026","hour":"22:39","type":"OUTROS","turn":"NOITE","roadType":"VIAS URBANAS","street":"AVENIDA CIDADE JARDIM","fatal":false,"fatalVictims":0,"seriousVictims":0,"pedestrian":0,"bicycle":0,"motorcycle":0,"automobile":0,"bus":0,"truck":0,"resourceId":"eb2b7394-bad8-483e-ad5a-f7968283e8d3"},"geometry":{"type":"Point","coordinates":[-45.8880267,-23.2174272]}},{"type":"Feature","id":"2754531","properties":{"period":"2026-02","date":"28/02/2026","hour":"18:19","type":"COLISAO","turn":"NOITE","roadType":"VIAS URBANAS","street":"AVENIDA GERALDO FERNANDES DA SILVA","fatal":false,"fatalVictims":0,"seriousVictims":1,"pedestrian":0,"bicycle":0,"motorcycle":1,"automobile":1,"bus":0,"truck":0,"resourceId":"eb2b7394-bad8-483e-ad5a-f7968283e8d3"},"geometry":{"type":"Point","coordinates":[-45.7680141,-23.1341026]}},{"type":"Feature","id":"2753263","properties":{"period":"2026-02","date":"25/02/2026","hour":"23:33","type":"NAO DISPONIVEL","turn":"NOITE","roadType":"VIAS URBANAS","street":"RUA JOSE DE ALENCAR","fatal":false,"fatalVictims":0,"seriousVictims":0,"pedestrian":0,"bicycle":0,"motorcycle":0,"automobile":0,"bus":0,"truck":0,"resourceId":"eb2b7394-bad8-483e-ad5a-f7968283e8d3"},"geometry":{"type":"Point","coordinates":[-45.8788405,-23.1844617]}},{"type":"Feature","id":"2762116","properties":{"period":"2026-02","date":"25/02/2026","hour":"12:49","type":"ATROPELAMENTO","turn":"TARDE","roadType":"VIAS URBANAS","street":"RUA AYRTON SENNA DA SILVA","fatal":false,"fatalVictims":0,"seriousVictims":0,"pedestrian":0,"bicycle":0,"motorcycle":0,"automobile":0,"bus":0,"truck":0,"resourceId":"eb2b7394-bad8-483e-ad5a-f7968283e8d3"},"geometry":{"type":"Point","coordinates":[-45.7775843,-23.1666925]}},{"type":"Feature","id":"2760041","properties":{"period":"2026-02","date":"27/02/2026","hour":"15:11","type":"OUTROS","turn":"TARDE","roadType":"VIAS URBANAS","street":"RUA JOSE RODRIGUES SALGADO","fatal":false,"fatalVictims":0,"seriousVictims":0,"pedestrian":0,"bicycle":0,"motorcycle":0,"automobile":0,"bus":0,"truck":0,"resourceId":"eb2b7394-bad8-483e-ad5a-f7968283e8d3"},"geometry":{"type":"Point","coordinates":[-45.8915483,-23.2707474]}},{"type":"Feature","id":"2755180","properties":{"period":"2026-02","date":"28/02/2026","hour":"19:02","type":"OUTROS","turn":"NOITE","roadType":"VIAS URBANAS","street":"RUA PANACEIA","fatal":false,"fatalVictims":0,"seriousVictims":0,"pedestrian":0,"bicycle":0,"motorcycle":0,"automobile":0,"bus":0,"truck":0,"resourceId":"eb2b7394-bad8-483e-ad5a-f7968283e8d3"},"geometry":{"type":"Point","coordinates":[-45.7933639,-23.2142208]}},{"type":"Feature","id":"2752525","properties":{"period":"2026-03","date":"02/03/2026","hour":"20:26","type":"ATROPELAMENTO","turn":"NOITE","roadType":"VIAS URBANAS","street":"AVENIDA SAO JOAO","fatal":false,"fatalVictims":0,"seriousVictims":0,"pedestrian":0,"bicycle":0,"motorcycle":1,"automobile":0,"bus":0,"truck":0,"resourceId":"50ff2517-de3a-4ccf-9846-1edbc79fff3e"},"geometry":{"type":"Point","coordinates":[-45.8935377,-23.1926705]}},{"type":"Feature","id":"2757543","properties":{"period":"2026-03","date":"04/03/2026","hour":"12:01","type":"COLISAO","turn":"TARDE","roadType":"VIAS URBANAS","street":"TRAVESSA LINEU DE MOURA","fatal":false,"fatalVictims":0,"seriousVictims":0,"pedestrian":0,"bicycle":0,"motorcycle":1,"automobile":1,"bus":0,"truck":0,"resourceId":"50ff2517-de3a-4ccf-9846-1edbc79fff3e"},"geometry":{"type":"Point","coordinates":[-45.9184505,-23.1908291]}},{"type":"Feature","id":"2755189","properties":{"period":"2026-03","date":"05/03/2026","hour":"07:28","type":"COLISAO","turn":"MANHA","roadType":"VIAS URBANAS","street":"RUA GOMIDE SANTOS","fatal":false,"fatalVictims":0,"seriousVictims":0,"pedestrian":0,"bicycle":0,"motorcycle":0,"automobile":2,"bus":0,"truck":0,"resourceId":"50ff2517-de3a-4ccf-9846-1edbc79fff3e"},"geometry":{"type":"Point","coordinates":[-45.8726589,-23.1844805]}},{"type":"Feature","id":"2771215","properties":{"period":"2026-03","date":"03/03/2026","hour":"23:45","type":"COLISAO","turn":"NOITE","roadType":"VIAS URBANAS","street":"MIRANTE DO ANEL VIARIO VILA ZELFA","fatal":false,"fatalVictims":0,"seriousVictims":0,"pedestrian":0,"bicycle":0,"motorcycle":0,"automobile":1,"bus":0,"truck":0,"resourceId":"50ff2517-de3a-4ccf-9846-1edbc79fff3e"},"geometry":{"type":"Point","coordinates":[-45.8946444,-23.2088412]}},{"type":"Feature","id":"2751052","properties":{"period":"2026-03","date":"05/03/2026","hour":"19:53","type":"ATROPELAMENTO","turn":"NOITE","roadType":"VIAS URBANAS","street":"AVENIDA PRESIDENTE JUSCELINO KUBITSCHEK","fatal":false,"fatalVictims":0,"seriousVictims":1,"pedestrian":1,"bicycle":0,"motorcycle":1,"automobile":0,"bus":0,"truck":0,"resourceId":"50ff2517-de3a-4ccf-9846-1edbc79fff3e"},"geometry":{"type":"Point","coordinates":[-45.856677,-23.1828084]}},{"type":"Feature","id":"2759081","properties":{"period":"2026-03","date":"06/03/2026","hour":"07:12","type":"OUTROS","turn":"MANHA","roadType":"VIAS URBANAS","street":"RUA CARAVELAS","fatal":false,"fatalVictims":0,"seriousVictims":0,"pedestrian":0,"bicycle":0,"motorcycle":0,"automobile":0,"bus":0,"truck":0,"resourceId":"50ff2517-de3a-4ccf-9846-1edbc79fff3e"},"geometry":{"type":"Point","coordinates":[-45.9169499,-23.2563812]}},{"type":"Feature","id":"2762258","properties":{"period":"2026-03","date":"06/03/2026","hour":"15:56","type":"COLISAO","turn":"TARDE","roadType":"VIAS URBANAS","street":"AVENIDA COMENDADOR VICENTE DE PAULO PENIDO","fatal":false,"fatalVictims":0,"seriousVictims":0,"pedestrian":0,"bicycle":1,"motorcycle":0,"automobile":1,"bus":0,"truck":0,"resourceId":"50ff2517-de3a-4ccf-9846-1edbc79fff3e"},"geometry":{"type":"Point","coordinates":[-45.902112,-23.2166665]}},{"type":"Feature","id":"2766852","properties":{"period":"2026-03","date":"02/03/2026","hour":"01:25","type":"OUTROS","turn":"MADRUGADA","roadType":"ESTRADAS E RODOVIAS","street":"BR 116","fatal":true,"fatalVictims":1,"seriousVictims":0,"pedestrian":0,"bicycle":0,"motorcycle":0,"automobile":2,"bus":0,"truck":0,"resourceId":"50ff2517-de3a-4ccf-9846-1edbc79fff3e"},"geometry":{"type":"Point","coordinates":[-45.9293500849,-23.2467157727]}},{"type":"Feature","id":"2748305","properties":{"period":"2026-03","date":"02/03/2026","hour":"14:30","type":"CHOQUE","turn":"TARDE","roadType":"ESTRADAS E RODOVIAS","street":"SP 070","fatal":false,"fatalVictims":0,"seriousVictims":0,"pedestrian":0,"bicycle":0,"motorcycle":0,"automobile":1,"bus":0,"truck":0,"resourceId":"50ff2517-de3a-4ccf-9846-1edbc79fff3e"},"geometry":{"type":"Point","coordinates":[-45.7891582937,-23.2429988472]}},{"type":"Feature","id":"2759503","properties":{"period":"2026-03","date":"04/03/2026","hour":"11:05","type":"NAO DISPONIVEL","turn":"MANHA","roadType":"VIAS URBANAS","street":"RUA IONE MITICO HAYASHI","fatal":false,"fatalVictims":0,"seriousVictims":0,"pedestrian":0,"bicycle":0,"motorcycle":1,"automobile":0,"bus":0,"truck":0,"resourceId":"50ff2517-de3a-4ccf-9846-1edbc79fff3e"},"geometry":{"type":"Point","coordinates":[-45.8937877,-23.2533225]}},{"type":"Feature","id":"2759445","properties":{"period":"2026-03","date":"02/03/2026","hour":"06:56","type":"NAO DISPONIVEL","turn":"MANHA","roadType":"VIAS URBANAS","street":"RUA PATATIVA","fatal":false,"fatalVictims":0,"seriousVictims":0,"pedestrian":0,"bicycle":0,"motorcycle":0,"automobile":0,"bus":0,"truck":0,"resourceId":"50ff2517-de3a-4ccf-9846-1edbc79fff3e"},"geometry":{"type":"Point","coordinates":[-45.8557156,-23.1852416]}},{"type":"Feature","id":"2749986","properties":{"period":"2026-03","date":"02/03/2026","hour":"17:16","type":"ATROPELAMENTO","turn":"TARDE","roadType":"VIAS URBANAS","street":"AVENIDA DOUTOR SEBASTIAO HENRIQUE DA CUNHA PONTES","fatal":false,"fatalVictims":0,"seriousVictims":0,"pedestrian":1,"bicycle":0,"motorcycle":0,"automobile":2,"bus":0,"truck":0,"resourceId":"50ff2517-de3a-4ccf-9846-1edbc79fff3e"},"geometry":{"type":"Point","coordinates":[-45.9152225,-23.2348186]}},{"type":"Feature","id":"2759679","properties":{"period":"2026-03","date":"04/03/2026","hour":"12:31","type":"ATROPELAMENTO","turn":"TARDE","roadType":"VIAS URBANAS","street":"RUA BRENO DE MOURA","fatal":false,"fatalVictims":0,"seriousVictims":0,"pedestrian":0,"bicycle":0,"motorcycle":0,"automobile":0,"bus":0,"truck":0,"resourceId":"50ff2517-de3a-4ccf-9846-1edbc79fff3e"},"geometry":{"type":"Point","coordinates":[-45.8837315,-23.2492184]}},{"type":"Feature","id":"2749225","properties":{"period":"2026-03","date":"06/03/2026","hour":"17:44","type":"ATROPELAMENTO","turn":"TARDE","roadType":"VIAS URBANAS","street":"AVENIDA JOSE MARTINS FERREIRA","fatal":false,"fatalVictims":0,"seriousVictims":0,"pedestrian":0,"bicycle":0,"motorcycle":0,"automobile":0,"bus":0,"truck":0,"resourceId":"50ff2517-de3a-4ccf-9846-1edbc79fff3e"},"geometry":{"type":"Point","coordinates":[-45.8180155,-23.2207511]}},{"type":"Feature","id":"2756894","properties":{"period":"2026-03","date":"06/03/2026","hour":"07:31","type":"COLISAO","turn":"MANHA","roadType":"VIAS URBANAS","street":"AVENIDA DEPUTADO BENEDITO MATARAZZO","fatal":false,"fatalVictims":0,"seriousVictims":0,"pedestrian":0,"bicycle":0,"motorcycle":1,"automobile":0,"bus":0,"truck":0,"resourceId":"50ff2517-de3a-4ccf-9846-1edbc79fff3e"},"geometry":{"type":"Point","coordinates":[-45.898502,-23.2178537]}},{"type":"Feature","id":"2753668","properties":{"period":"2026-03","date":"01/03/2026","hour":"19:08","type":"NAO DISPONIVEL","turn":"NOITE","roadType":"VIAS URBANAS","street":"AVENIDA JOAO BATISTA DE SOUZA SOARES","fatal":false,"fatalVictims":0,"seriousVictims":0,"pedestrian":0,"bicycle":0,"motorcycle":0,"automobile":0,"bus":0,"truck":0,"resourceId":"50ff2517-de3a-4ccf-9846-1edbc79fff3e"},"geometry":{"type":"Point","coordinates":[-45.9093281,-23.2544057]}},{"type":"Feature","id":"2759049","properties":{"period":"2026-03","date":"04/03/2026","hour":"10:07","type":"NAO DISPONIVEL","turn":"MANHA","roadType":"VIAS URBANAS","street":"PRACA AIDA MONTEIRO DE CASTRO VELOSO","fatal":false,"fatalVictims":0,"seriousVictims":0,"pedestrian":0,"bicycle":0,"motorcycle":0,"automobile":0,"bus":0,"truck":0,"resourceId":"50ff2517-de3a-4ccf-9846-1edbc79fff3e"},"geometry":{"type":"Point","coordinates":[-45.8527457,-23.1799714]}},{"type":"Feature","id":"2754958","properties":{"period":"2026-03","date":"05/03/2026","hour":"07:11","type":"COLISAO","turn":"MANHA","roadType":"VIAS URBANAS","street":"RUA 7 DE SETEMBRO","fatal":false,"fatalVictims":0,"seriousVictims":0,"pedestrian":0,"bicycle":0,"motorcycle":1,"automobile":0,"bus":1,"truck":0,"resourceId":"50ff2517-de3a-4ccf-9846-1edbc79fff3e"},"geometry":{"type":"Point","coordinates":[-45.7840817,-23.1372754]}},{"type":"Feature","id":"2748231","properties":{"period":"2026-03","date":"06/03/2026","hour":"16:44","type":"NAO DISPONIVEL","turn":"TARDE","roadType":"VIAS URBANAS","street":"RUA SAIGIRO NAKAMURA","fatal":false,"fatalVictims":0,"seriousVictims":0,"pedestrian":0,"bicycle":0,"motorcycle":0,"automobile":0,"bus":0,"truck":0,"resourceId":"50ff2517-de3a-4ccf-9846-1edbc79fff3e"},"geometry":{"type":"Point","coordinates":[-45.855122,-23.1814909]}},{"type":"Feature","id":"2758891","properties":{"period":"2026-03","date":"06/03/2026","hour":"13:58","type":"COLISAO","turn":"TARDE","roadType":"VIAS URBANAS","street":"RUA DOS CARVALHOS","fatal":false,"fatalVictims":0,"seriousVictims":0,"pedestrian":0,"bicycle":0,"motorcycle":1,"automobile":1,"bus":0,"truck":0,"resourceId":"50ff2517-de3a-4ccf-9846-1edbc79fff3e"},"geometry":{"type":"Point","coordinates":[-45.9233095,-23.2301312]}},{"type":"Feature","id":"2757890","properties":{"period":"2026-03","date":"04/03/2026","hour":"12:33","type":"COLISAO","turn":"TARDE","roadType":"VIAS URBANAS","street":"RUA APARECIDA SANTOS","fatal":false,"fatalVictims":0,"seriousVictims":0,"pedestrian":0,"bicycle":0,"motorcycle":1,"automobile":1,"bus":0,"truck":0,"resourceId":"50ff2517-de3a-4ccf-9846-1edbc79fff3e"},"geometry":{"type":"Point","coordinates":[-45.7943357,-23.1929179]}},{"type":"Feature","id":"2769946","properties":{"period":"2026-03","date":"04/03/2026","hour":"22:03","type":"COLISAO","turn":"NOITE","roadType":"ESTRADAS E RODOVIAS","street":"SP 050","fatal":false,"fatalVictims":0,"seriousVictims":2,"pedestrian":0,"bicycle":0,"motorcycle":1,"automobile":1,"bus":0,"truck":0,"resourceId":"50ff2517-de3a-4ccf-9846-1edbc79fff3e"},"geometry":{"type":"Point","coordinates":[-45.9200904431,-23.0981359274]}},{"type":"Feature","id":"2756842","properties":{"period":"2026-03","date":"04/03/2026","hour":"11:04","type":"COLISAO","turn":"MANHA","roadType":"VIAS URBANAS","street":"RUA MARTINS FONTES","fatal":false,"fatalVictims":0,"seriousVictims":0,"pedestrian":0,"bicycle":0,"motorcycle":0,"automobile":2,"bus":0,"truck":0,"resourceId":"50ff2517-de3a-4ccf-9846-1edbc79fff3e"},"geometry":{"type":"Point","coordinates":[-45.8757832,-23.1807236]}},{"type":"Feature","id":"2748557","properties":{"period":"2026-03","date":"05/03/2026","hour":"17:31","type":"OUTROS","turn":"TARDE","roadType":"VIAS URBANAS","street":"RUA BENEDITO OSVALDO LECQUES","fatal":false,"fatalVictims":0,"seriousVictims":0,"pedestrian":0,"bicycle":0,"motorcycle":0,"automobile":0,"bus":0,"truck":0,"resourceId":"50ff2517-de3a-4ccf-9846-1edbc79fff3e"},"geometry":{"type":"Point","coordinates":[-45.9080034,-23.2229217]}},{"type":"Feature","id":"2755322","properties":{"period":"2026-03","date":"05/03/2026","hour":"07:40","type":"COLISAO","turn":"MANHA","roadType":"VIAS URBANAS","street":"RUA SERRA DO JAPI","fatal":false,"fatalVictims":0,"seriousVictims":0,"pedestrian":0,"bicycle":0,"motorcycle":0,"automobile":0,"bus":0,"truck":0,"resourceId":"50ff2517-de3a-4ccf-9846-1edbc79fff3e"},"geometry":{"type":"Point","coordinates":[-45.9184391,-23.1602156]}},{"type":"Feature","id":"2750824","properties":{"period":"2026-03","date":"06/03/2026","hour":"19:22","type":"OUTROS","turn":"NOITE","roadType":"VIAS URBANAS","street":"AVENIDA 9 DE JULHO","fatal":false,"fatalVictims":0,"seriousVictims":0,"pedestrian":0,"bicycle":0,"motorcycle":0,"automobile":0,"bus":0,"truck":0,"resourceId":"50ff2517-de3a-4ccf-9846-1edbc79fff3e"},"geometry":{"type":"Point","coordinates":[-45.8929556,-23.1925011]}},{"type":"Feature","id":"2758724","properties":{"period":"2026-03","date":"06/03/2026","hour":"10:28","type":"COLISAO","turn":"MANHA","roadType":"VIAS URBANAS","street":"AVENIDA MADRE TEREZA DE CALCUTA","fatal":false,"fatalVictims":0,"seriousVictims":0,"pedestrian":0,"bicycle":0,"motorcycle":0,"automobile":0,"bus":0,"truck":0,"resourceId":"50ff2517-de3a-4ccf-9846-1edbc79fff3e"},"geometry":{"type":"Point","coordinates":[-45.8433608,-23.2125835]}},{"type":"Feature","id":"2751444","properties":{"period":"2026-03","date":"02/03/2026","hour":"19:54","type":"COLISAO","turn":"NOITE","roadType":"VIAS URBANAS","street":"AVENIDA DOUTOR ADEMAR DE BARROS","fatal":false,"fatalVictims":0,"seriousVictims":0,"pedestrian":0,"bicycle":0,"motorcycle":0,"automobile":2,"bus":0,"truck":0,"resourceId":"50ff2517-de3a-4ccf-9846-1edbc79fff3e"},"geometry":{"type":"Point","coordinates":[-45.8907274,-23.1935041]}},{"type":"Feature","id":"2754099","properties":{"period":"2026-03","date":"02/03/2026","hour":"01:50","type":"COLISAO","turn":"MADRUGADA","roadType":"VIAS URBANAS","street":"VIA CAMBUI","fatal":false,"fatalVictims":0,"seriousVictims":0,"pedestrian":0,"bicycle":0,"motorcycle":1,"automobile":1,"bus":0,"truck":0,"resourceId":"50ff2517-de3a-4ccf-9846-1edbc79fff3e"},"geometry":{"type":"Point","coordinates":[-45.840911,-23.2239579]}},{"type":"Feature","id":"2761742","properties":{"period":"2026-03","date":"04/03/2026","hour":"16:32","type":"COLISAO","turn":"TARDE","roadType":"VIAS URBANAS","street":"RUA MADAGASCAR","fatal":false,"fatalVictims":0,"seriousVictims":0,"pedestrian":0,"bicycle":0,"motorcycle":1,"automobile":1,"bus":0,"truck":0,"resourceId":"50ff2517-de3a-4ccf-9846-1edbc79fff3e"},"geometry":{"type":"Point","coordinates":[-45.9041417,-23.2380309]}},{"type":"Feature","id":"2751764","properties":{"period":"2026-03","date":"06/03/2026","hour":"01:48","type":"ATROPELAMENTO","turn":"MADRUGADA","roadType":"VIAS URBANAS","street":"RUA DANILO EDUARDO RIOS RAMOS","fatal":false,"fatalVictims":0,"seriousVictims":0,"pedestrian":1,"bicycle":0,"motorcycle":0,"automobile":0,"bus":0,"truck":0,"resourceId":"50ff2517-de3a-4ccf-9846-1edbc79fff3e"},"geometry":{"type":"Point","coordinates":[-45.7827306,-23.1728464]}},{"type":"Feature","id":"2754907","properties":{"period":"2026-03","date":"01/03/2026","hour":"01:14","type":"COLISAO","turn":"MADRUGADA","roadType":"VIAS URBANAS","street":"AVENIDA SALINAS","fatal":false,"fatalVictims":0,"seriousVictims":0,"pedestrian":0,"bicycle":0,"motorcycle":1,"automobile":1,"bus":0,"truck":0,"resourceId":"50ff2517-de3a-4ccf-9846-1edbc79fff3e"},"geometry":{"type":"Point","coordinates":[-45.8913627,-23.2371266]}},{"type":"Feature","id":"2751275","properties":{"period":"2026-03","date":"02/03/2026","hour":"18:00","type":"OUTROS","turn":"NOITE","roadType":"VIAS URBANAS","street":"RUA SCORPIUS","fatal":false,"fatalVictims":0,"seriousVictims":0,"pedestrian":0,"bicycle":0,"motorcycle":0,"automobile":0,"bus":0,"truck":0,"resourceId":"50ff2517-de3a-4ccf-9846-1edbc79fff3e"},"geometry":{"type":"Point","coordinates":[-45.8934574,-23.2238063]}},{"type":"Feature","id":"2755288","properties":{"period":"2026-03","date":"03/03/2026","hour":"06:59","type":"COLISAO","turn":"MANHA","roadType":"VIAS URBANAS","street":"AVENIDA PRESIDENTE JUSCELINO KUBITSCHEK","fatal":false,"fatalVictims":0,"seriousVictims":0,"pedestrian":0,"bicycle":0,"motorcycle":1,"automobile":1,"bus":0,"truck":0,"resourceId":"50ff2517-de3a-4ccf-9846-1edbc79fff3e"},"geometry":{"type":"Point","coordinates":[-45.8450322,-23.1808983]}},{"type":"Feature","id":"2774615","properties":{"period":"2026-03","date":"06/03/2026","hour":"15:20","type":"COLISAO","turn":"TARDE","roadType":"ESTRADAS E RODOVIAS","street":"BR 116","fatal":false,"fatalVictims":0,"seriousVictims":0,"pedestrian":0,"bicycle":0,"motorcycle":2,"automobile":1,"bus":0,"truck":0,"resourceId":"50ff2517-de3a-4ccf-9846-1edbc79fff3e"},"geometry":{"type":"Point","coordinates":[-45.8463212984,-23.1825759251]}},{"type":"Feature","id":"2751041","properties":{"period":"2026-03","date":"06/03/2026","hour":"01:48","type":"ATROPELAMENTO","turn":"MADRUGADA","roadType":"VIAS URBANAS","street":"RUA MARIA BENEDITA","fatal":false,"fatalVictims":0,"seriousVictims":0,"pedestrian":0,"bicycle":0,"motorcycle":0,"automobile":0,"bus":0,"truck":0,"resourceId":"50ff2517-de3a-4ccf-9846-1edbc79fff3e"},"geometry":{"type":"Point","coordinates":[-45.8237705,-23.2379739]}},{"type":"Feature","id":"2757164","properties":{"period":"2026-03","date":"06/03/2026","hour":"07:06","type":"COLISAO","turn":"MANHA","roadType":"VIAS URBANAS","street":"AVENIDA JOAO MARSON","fatal":false,"fatalVictims":0,"seriousVictims":0,"pedestrian":0,"bicycle":1,"motorcycle":0,"automobile":1,"bus":0,"truck":0,"resourceId":"50ff2517-de3a-4ccf-9846-1edbc79fff3e"},"geometry":{"type":"Point","coordinates":[-45.8691474,-23.1798472]}},{"type":"Feature","id":"2757283","properties":{"period":"2026-03","date":"05/03/2026","hour":"07:28","type":"OUTROS","turn":"MANHA","roadType":"VIAS URBANAS","street":"RUA CORONEL DONATO MASCARENHAS","fatal":false,"fatalVictims":0,"seriousVictims":0,"pedestrian":0,"bicycle":0,"motorcycle":0,"automobile":0,"bus":0,"truck":0,"resourceId":"50ff2517-de3a-4ccf-9846-1edbc79fff3e"},"geometry":{"type":"Point","coordinates":[-45.8726245,-23.1847546]}},{"type":"Feature","id":"2749695","properties":{"period":"2026-03","date":"05/03/2026","hour":"18:30","type":"COLISAO","turn":"NOITE","roadType":"VIAS URBANAS","street":"RUA ANTONIO JOSE MATOS LIMA","fatal":false,"fatalVictims":0,"seriousVictims":0,"pedestrian":0,"bicycle":0,"motorcycle":1,"automobile":1,"bus":0,"truck":0,"resourceId":"50ff2517-de3a-4ccf-9846-1edbc79fff3e"},"geometry":{"type":"Point","coordinates":[-45.904671,-23.267128]}},{"type":"Feature","id":"2757167","properties":{"period":"2026-03","date":"06/03/2026","hour":"10:50","type":"COLISAO","turn":"MANHA","roadType":"VIAS URBANAS","street":"AVENIDA PROFESSOR SEBASTIAO PAULO DE TOLEDO PONTES","fatal":false,"fatalVictims":0,"seriousVictims":0,"pedestrian":0,"bicycle":0,"motorcycle":0,"automobile":2,"bus":0,"truck":0,"resourceId":"50ff2517-de3a-4ccf-9846-1edbc79fff3e"},"geometry":{"type":"Point","coordinates":[-45.8551777,-23.1751825]}},{"type":"Feature","id":"2763621","properties":{"period":"2026-03","date":"09/03/2026","hour":"09:38","type":"COLISAO","turn":"MANHA","roadType":"VIAS URBANAS","street":"RUA GUAIANESIA","fatal":false,"fatalVictims":0,"seriousVictims":0,"pedestrian":0,"bicycle":0,"motorcycle":1,"automobile":1,"bus":0,"truck":0,"resourceId":"50ff2517-de3a-4ccf-9846-1edbc79fff3e"},"geometry":{"type":"Point","coordinates":[-45.9326469,-23.2527174]}},{"type":"Feature","id":"2763863","properties":{"period":"2026-03","date":"10/03/2026","hour":"11:56","type":"OUTROS","turn":"MANHA","roadType":"VIAS URBANAS","street":"RUA DOUTOR PEDRO LUIZ DE OLIVEIRA COSTA","fatal":false,"fatalVictims":0,"seriousVictims":0,"pedestrian":0,"bicycle":0,"motorcycle":0,"automobile":0,"bus":0,"truck":0,"resourceId":"50ff2517-de3a-4ccf-9846-1edbc79fff3e"},"geometry":{"type":"Point","coordinates":[-45.9430339,-23.2470743]}},{"type":"Feature","id":"2764111","properties":{"period":"2026-03","date":"11/03/2026","hour":"18:58","type":"ATROPELAMENTO","turn":"NOITE","roadType":"VIAS URBANAS","street":"AVENIDA MARIO FRIGGI","fatal":false,"fatalVictims":0,"seriousVictims":0,"pedestrian":0,"bicycle":1,"motorcycle":0,"automobile":1,"bus":0,"truck":0,"resourceId":"50ff2517-de3a-4ccf-9846-1edbc79fff3e"},"geometry":{"type":"Point","coordinates":[-45.8973378,-23.2567776]}},{"type":"Feature","id":"2774543","properties":{"period":"2026-03","date":"11/03/2026","hour":"17:20","type":"COLISAO","turn":"TARDE","roadType":"ESTRADAS E RODOVIAS","street":"BR 116","fatal":false,"fatalVictims":0,"seriousVictims":0,"pedestrian":0,"bicycle":0,"motorcycle":1,"automobile":1,"bus":0,"truck":0,"resourceId":"50ff2517-de3a-4ccf-9846-1edbc79fff3e"},"geometry":{"type":"Point","coordinates":[-45.8481077544,-23.1834056725]}},{"type":"Feature","id":"2764599","properties":{"period":"2026-03","date":"14/03/2026","hour":"13:54","type":"NAO DISPONIVEL","turn":"TARDE","roadType":"VIAS URBANAS","street":"RUA SAIGIRO NAKAMURA","fatal":false,"fatalVictims":0,"seriousVictims":0,"pedestrian":0,"bicycle":0,"motorcycle":0,"automobile":0,"bus":0,"truck":0,"resourceId":"50ff2517-de3a-4ccf-9846-1edbc79fff3e"},"geometry":{"type":"Point","coordinates":[-45.855122,-23.1814909]}},{"type":"Feature","id":"2774532","properties":{"period":"2026-03","date":"14/03/2026","hour":"12:45","type":"COLISAO","turn":"TARDE","roadType":"ESTRADAS E RODOVIAS","street":"BR 116","fatal":false,"fatalVictims":0,"seriousVictims":1,"pedestrian":0,"bicycle":0,"motorcycle":1,"automobile":0,"bus":0,"truck":0,"resourceId":"50ff2517-de3a-4ccf-9846-1edbc79fff3e"},"geometry":{"type":"Point","coordinates":[-45.8570354662,-23.1875637462]}},{"type":"Feature","id":"2754857","properties":{"period":"2026-03","date":"07/03/2026","hour":"19:06","type":"COLISAO","turn":"NOITE","roadType":"VIAS URBANAS","street":"RUA TALIM","fatal":false,"fatalVictims":0,"seriousVictims":0,"pedestrian":0,"bicycle":0,"motorcycle":1,"automobile":1,"bus":0,"truck":0,"resourceId":"50ff2517-de3a-4ccf-9846-1edbc79fff3e"},"geometry":{"type":"Point","coordinates":[-45.8871861,-23.2154861]}},{"type":"Feature","id":"2773189","properties":{"period":"2026-03","date":"07/03/2026","hour":"23:54","type":"COLISAO","turn":"NOITE","roadType":"VIAS URBANAS","street":"AVENIDA CIDADE JARDIM","fatal":false,"fatalVictims":0,"seriousVictims":0,"pedestrian":0,"bicycle":0,"motorcycle":1,"automobile":0,"bus":0,"truck":0,"resourceId":"50ff2517-de3a-4ccf-9846-1edbc79fff3e"},"geometry":{"type":"Point","coordinates":[-45.8800012,-23.2297876]}},{"type":"Feature","id":"2752821","properties":{"period":"2026-03","date":"08/03/2026","hour":"13:58","type":"NAO DISPONIVEL","turn":"TARDE","roadType":"VIAS URBANAS","street":"RUA SAIGIRO NAKAMURA","fatal":false,"fatalVictims":0,"seriousVictims":0,"pedestrian":0,"bicycle":0,"motorcycle":0,"automobile":0,"bus":0,"truck":0,"resourceId":"50ff2517-de3a-4ccf-9846-1edbc79fff3e"},"geometry":{"type":"Point","coordinates":[-45.855122,-23.1814909]}},{"type":"Feature","id":"2750118","properties":{"period":"2026-03","date":"08/03/2026","hour":"11:53","type":"COLISAO","turn":"MANHA","roadType":"VIAS URBANAS","street":"AVENIDA DOUTOR NELSON D'AVILA","fatal":false,"fatalVictims":0,"seriousVictims":0,"pedestrian":0,"bicycle":0,"motorcycle":0,"automobile":2,"bus":0,"truck":0,"resourceId":"50ff2517-de3a-4ccf-9846-1edbc79fff3e"},"geometry":{"type":"Point","coordinates":[-45.8864026,-23.1966689]}},{"type":"Feature","id":"2765782","properties":{"period":"2026-03","date":"11/03/2026","hour":"13:51","type":"COLISAO","turn":"TARDE","roadType":"VIAS URBANAS","street":"AVENIDA ANDROMEDA","fatal":false,"fatalVictims":0,"seriousVictims":0,"pedestrian":0,"bicycle":0,"motorcycle":1,"automobile":1,"bus":0,"truck":0,"resourceId":"50ff2517-de3a-4ccf-9846-1edbc79fff3e"},"geometry":{"type":"Point","coordinates":[-45.8853665,-23.2393631]}},{"type":"Feature","id":"2765853","properties":{"period":"2026-03","date":"12/03/2026","hour":"07:28","type":"COLISAO","turn":"MANHA","roadType":"VIAS URBANAS","street":"RUA DOS ARMADORES","fatal":false,"fatalVictims":0,"seriousVictims":0,"pedestrian":0,"bicycle":0,"motorcycle":0,"automobile":2,"bus":0,"truck":0,"resourceId":"50ff2517-de3a-4ccf-9846-1edbc79fff3e"},"geometry":{"type":"Point","coordinates":[-45.7873113,-23.1949557]}},{"type":"Feature","id":"2766149","properties":{"period":"2026-03","date":"13/03/2026","hour":"00:30","type":"ATROPELAMENTO","turn":"MADRUGADA","roadType":"VIAS URBANAS","street":"AVENIDA OURO FINO","fatal":false,"fatalVictims":0,"seriousVictims":0,"pedestrian":1,"bicycle":0,"motorcycle":0,"automobile":0,"bus":0,"truck":0,"resourceId":"50ff2517-de3a-4ccf-9846-1edbc79fff3e"},"geometry":{"type":"Point","coordinates":[-45.8881706,-23.2416619]}},{"type":"Feature","id":"2764331","properties":{"period":"2026-03","date":"14/03/2026","hour":"13:29","type":"COLISAO","turn":"TARDE","roadType":"VIAS URBANAS","street":"RUA LOLA ROBERTO BATISTA ROCCO","fatal":false,"fatalVictims":0,"seriousVictims":0,"pedestrian":0,"bicycle":0,"motorcycle":1,"automobile":1,"bus":0,"truck":0,"resourceId":"50ff2517-de3a-4ccf-9846-1edbc79fff3e"},"geometry":{"type":"Point","coordinates":[-45.8814087,-23.1955408]}},{"type":"Feature","id":"2765491","properties":{"period":"2026-03","date":"15/03/2026","hour":"17:49","type":"NAO DISPONIVEL","turn":"TARDE","roadType":"VIAS URBANAS","street":"MONTEIRO LOBATO","fatal":false,"fatalVictims":0,"seriousVictims":0,"pedestrian":0,"bicycle":0,"motorcycle":0,"automobile":0,"bus":0,"truck":0,"resourceId":"50ff2517-de3a-4ccf-9846-1edbc79fff3e"},"geometry":{"type":"Point","coordinates":[-45.9103322029,-23.1204941857]}},{"type":"Feature","id":"2766517","properties":{"period":"2026-03","date":"17/03/2026","hour":"11:58","type":"NAO DISPONIVEL","turn":"MANHA","roadType":"VIAS URBANAS","street":"RUA PIRAQUARA CLUB","fatal":false,"fatalVictims":0,"seriousVictims":0,"pedestrian":0,"bicycle":0,"motorcycle":0,"automobile":0,"bus":0,"truck":0,"resourceId":"50ff2517-de3a-4ccf-9846-1edbc79fff3e"},"geometry":{"type":"Point","coordinates":[-45.90289,-23.1577336]}},{"type":"Feature","id":"2755578","properties":{"period":"2026-03","date":"07/03/2026","hour":"19:44","type":"NAO DISPONIVEL","turn":"NOITE","roadType":"VIAS URBANAS","street":"AVENIDA DEPUTADO BENEDITO MATARAZZO","fatal":false,"fatalVictims":0,"seriousVictims":0,"pedestrian":0,"bicycle":0,"motorcycle":0,"automobile":0,"bus":0,"truck":0,"resourceId":"50ff2517-de3a-4ccf-9846-1edbc79fff3e"},"geometry":{"type":"Point","coordinates":[-45.9066428,-23.2248288]}},{"type":"Feature","id":"2769416","properties":{"period":"2026-03","date":"10/03/2026","hour":"23:26","type":"COLISAO","turn":"NOITE","roadType":"VIAS URBANAS","street":"AVENIDA ANDROMEDA","fatal":false,"fatalVictims":0,"seriousVictims":0,"pedestrian":0,"bicycle":0,"motorcycle":1,"automobile":1,"bus":0,"truck":0,"resourceId":"50ff2517-de3a-4ccf-9846-1edbc79fff3e"},"geometry":{"type":"Point","coordinates":[-45.884379,-23.2324576]}},{"type":"Feature","id":"2765968","properties":{"period":"2026-03","date":"11/03/2026","hour":"13:02","type":"OUTROS","turn":"TARDE","roadType":"VIAS URBANAS","street":"AVENIDA SAO JOSE","fatal":false,"fatalVictims":0,"seriousVictims":0,"pedestrian":0,"bicycle":0,"motorcycle":0,"automobile":0,"bus":0,"truck":0,"resourceId":"50ff2517-de3a-4ccf-9846-1edbc79fff3e"},"geometry":{"type":"Point","coordinates":[-45.8879394,-23.1829085]}},{"type":"Feature","id":"2765646","properties":{"period":"2026-03","date":"13/03/2026","hour":"09:11","type":"OUTROS","turn":"MANHA","roadType":"VIAS URBANAS","street":"AVENIDA LAUDELINO GONCALVES DE MIRANDA","fatal":false,"fatalVictims":0,"seriousVictims":0,"pedestrian":0,"bicycle":0,"motorcycle":0,"automobile":0,"bus":0,"truck":1,"resourceId":"50ff2517-de3a-4ccf-9846-1edbc79fff3e"},"geometry":{"type":"Point","coordinates":[-45.8235573,-23.2382283]}},{"type":"Feature","id":"2766128","properties":{"period":"2026-03","date":"16/03/2026","hour":"14:00","type":"OUTROS","turn":"TARDE","roadType":"VIAS URBANAS","street":"RUA POLAR","fatal":false,"fatalVictims":0,"seriousVictims":0,"pedestrian":0,"bicycle":0,"motorcycle":0,"automobile":0,"bus":0,"truck":0,"resourceId":"50ff2517-de3a-4ccf-9846-1edbc79fff3e"},"geometry":{"type":"Point","coordinates":[-45.8941561,-23.2200881]}},{"type":"Feature","id":"2763489","properties":{"period":"2026-03","date":"09/03/2026","hour":"12:59","type":"OUTROS","turn":"TARDE","roadType":"VIAS URBANAS","street":"AVENIDA 23 DE MAIO","fatal":false,"fatalVictims":0,"seriousVictims":0,"pedestrian":0,"bicycle":0,"motorcycle":0,"automobile":0,"bus":0,"truck":0,"resourceId":"50ff2517-de3a-4ccf-9846-1edbc79fff3e"},"geometry":{"type":"Point","coordinates":[-45.8808479,-23.1783048]}},{"type":"Feature","id":"2763355","properties":{"period":"2026-03","date":"09/03/2026","hour":"22:02","type":"COLISAO","turn":"NOITE","roadType":"VIAS URBANAS","street":"RUA ANA MARIA NARDO SILVA","fatal":false,"fatalVictims":0,"seriousVictims":0,"pedestrian":0,"bicycle":0,"motorcycle":1,"automobile":1,"bus":0,"truck":0,"resourceId":"50ff2517-de3a-4ccf-9846-1edbc79fff3e"},"geometry":{"type":"Point","coordinates":[-45.9118316,-23.1980715]}},{"type":"Feature","id":"2774519","properties":{"period":"2026-03","date":"10/03/2026","hour":"08:10","type":"COLISAO","turn":"MANHA","roadType":"ESTRADAS E RODOVIAS","street":"BR 116","fatal":false,"fatalVictims":0,"seriousVictims":0,"pedestrian":0,"bicycle":0,"motorcycle":1,"automobile":0,"bus":0,"truck":1,"resourceId":"50ff2517-de3a-4ccf-9846-1edbc79fff3e"},"geometry":{"type":"Point","coordinates":[-45.8128522953,-23.1658508086]}},{"type":"Feature","id":"2777282","properties":{"period":"2026-03","date":"12/03/2026","hour":"20:15","type":"OUTROS","turn":"NOITE","roadType":"ESTRADAS E RODOVIAS","street":"BR 116","fatal":false,"fatalVictims":0,"seriousVictims":0,"pedestrian":0,"bicycle":0,"motorcycle":1,"automobile":0,"bus":0,"truck":0,"resourceId":"50ff2517-de3a-4ccf-9846-1edbc79fff3e"},"geometry":{"type":"Point","coordinates":[-45.9274189147,-23.2449722376]}},{"type":"Feature","id":"2765714","properties":{"period":"2026-03","date":"12/03/2026","hour":"06:57","type":"NAO DISPONIVEL","turn":"MANHA","roadType":"VIAS URBANAS","street":"RUA GUAIANESIA","fatal":false,"fatalVictims":0,"seriousVictims":0,"pedestrian":0,"bicycle":0,"motorcycle":0,"automobile":0,"bus":0,"truck":0,"resourceId":"50ff2517-de3a-4ccf-9846-1edbc79fff3e"},"geometry":{"type":"Point","coordinates":[-45.9335201,-23.2507896]}},{"type":"Feature","id":"2766371","properties":{"period":"2026-03","date":"13/03/2026","hour":"16:11","type":"COLISAO","turn":"TARDE","roadType":"VIAS URBANAS","street":"RUA TERESINA","fatal":false,"fatalVictims":0,"seriousVictims":0,"pedestrian":0,"bicycle":0,"motorcycle":1,"automobile":1,"bus":0,"truck":0,"resourceId":"50ff2517-de3a-4ccf-9846-1edbc79fff3e"},"geometry":{"type":"Point","coordinates":[-45.9043959,-23.2321808]}},{"type":"Feature","id":"2764467","properties":{"period":"2026-03","date":"13/03/2026","hour":"20:03","type":"NAO DISPONIVEL","turn":"NOITE","roadType":"VIAS URBANAS","street":"AVENIDA PRESIDENTE TANCREDO NEVES","fatal":false,"fatalVictims":0,"seriousVictims":0,"pedestrian":0,"bicycle":0,"motorcycle":0,"automobile":0,"bus":0,"truck":0,"resourceId":"50ff2517-de3a-4ccf-9846-1edbc79fff3e"},"geometry":{"type":"Point","coordinates":[-45.782181,-23.1943148]}},{"type":"Feature","id":"2765139","properties":{"period":"2026-03","date":"13/03/2026","hour":"06:47","type":"NAO DISPONIVEL","turn":"MANHA","roadType":"VIAS URBANAS","street":"AVENIDA ENGENHEIRO SEBASTIAO GUALBERTO","fatal":false,"fatalVictims":0,"seriousVictims":0,"pedestrian":0,"bicycle":0,"motorcycle":0,"automobile":0,"bus":0,"truck":0,"resourceId":"50ff2517-de3a-4ccf-9846-1edbc79fff3e"},"geometry":{"type":"Point","coordinates":[-45.8775707,-23.1830781]}},{"type":"Feature","id":"2764984","properties":{"period":"2026-03","date":"14/03/2026","hour":"18:39","type":"NAO DISPONIVEL","turn":"NOITE","roadType":"VIAS URBANAS","street":"AVENIDA CONSTANCIA DA CUNHA PAIVA","fatal":false,"fatalVictims":0,"seriousVictims":0,"pedestrian":0,"bicycle":0,"motorcycle":0,"automobile":0,"bus":0,"truck":0,"resourceId":"50ff2517-de3a-4ccf-9846-1edbc79fff3e"},"geometry":{"type":"Point","coordinates":[-45.8043147,-23.1636674]}},{"type":"Feature","id":"2766042","properties":{"period":"2026-03","date":"16/03/2026","hour":"13:28","type":"CHOQUE","turn":"TARDE","roadType":"VIAS URBANAS","street":"RUA JOSE COBRA","fatal":false,"fatalVictims":0,"seriousVictims":0,"pedestrian":0,"bicycle":0,"motorcycle":0,"automobile":0,"bus":0,"truck":0,"resourceId":"50ff2517-de3a-4ccf-9846-1edbc79fff3e"},"geometry":{"type":"Point","coordinates":[-45.9097519,-23.2378705]}},{"type":"Feature","id":"2765416","properties":{"period":"2026-03","date":"17/03/2026","hour":"07:36","type":"OUTROS","turn":"MANHA","roadType":"VIAS URBANAS","street":"ESTRADA SANTO ANTONIO DO ALTO","fatal":false,"fatalVictims":0,"seriousVictims":0,"pedestrian":0,"bicycle":0,"motorcycle":0,"automobile":0,"bus":0,"truck":0,"resourceId":"50ff2517-de3a-4ccf-9846-1edbc79fff3e"},"geometry":{"type":"Point","coordinates":[-45.7847677,-23.1902895]}},{"type":"Feature","id":"2771518","properties":{"period":"2026-03","date":"08/03/2026","hour":"20:49","type":"OUTROS","turn":"NOITE","roadType":"VIAS URBANAS","street":"AVENIDA PICO DAS AGULHAS NEGRAS","fatal":false,"fatalVictims":0,"seriousVictims":0,"pedestrian":0,"bicycle":0,"motorcycle":0,"automobile":2,"bus":0,"truck":0,"resourceId":"50ff2517-de3a-4ccf-9846-1edbc79fff3e"},"geometry":{"type":"Point","coordinates":[-45.910575,-23.1626137]}},{"type":"Feature","id":"2774539","properties":{"period":"2026-03","date":"09/03/2026","hour":"19:00","type":"COLISAO","turn":"NOITE","roadType":"ESTRADAS E RODOVIAS","street":"BR 116","fatal":false,"fatalVictims":0,"seriousVictims":0,"pedestrian":0,"bicycle":0,"motorcycle":1,"automobile":1,"bus":0,"truck":0,"resourceId":"50ff2517-de3a-4ccf-9846-1edbc79fff3e"},"geometry":{"type":"Point","coordinates":[-45.8498943173,-23.1842351899]}},{"type":"Feature","id":"2766594","properties":{"period":"2026-03","date":"12/03/2026","hour":"14:49","type":"NAO DISPONIVEL","turn":"TARDE","roadType":"VIAS URBANAS","street":"AVENIDA DEPUTADO BENEDITO MATARAZZO","fatal":false,"fatalVictims":0,"seriousVictims":0,"pedestrian":0,"bicycle":0,"motorcycle":0,"automobile":0,"bus":0,"truck":0,"resourceId":"50ff2517-de3a-4ccf-9846-1edbc79fff3e"},"geometry":{"type":"Point","coordinates":[-45.892415,-23.21209]}},{"type":"Feature","id":"2764354","properties":{"period":"2026-03","date":"13/03/2026","hour":"19:20","type":"COLISAO","turn":"NOITE","roadType":"VIAS URBANAS","street":"PRACA BERLIM","fatal":false,"fatalVictims":0,"seriousVictims":0,"pedestrian":0,"bicycle":0,"motorcycle":0,"automobile":1,"bus":0,"truck":0,"resourceId":"50ff2517-de3a-4ccf-9846-1edbc79fff3e"},"geometry":{"type":"Point","coordinates":[-45.8804132,-23.1966132]}},{"type":"Feature","id":"2764865","properties":{"period":"2026-03","date":"16/03/2026","hour":"22:30","type":"OUTROS","turn":"NOITE","roadType":"VIAS URBANAS","street":"TRAVESSA CONSTANTINO PINTUS","fatal":false,"fatalVictims":0,"seriousVictims":0,"pedestrian":0,"bicycle":0,"motorcycle":0,"automobile":0,"bus":0,"truck":0,"resourceId":"50ff2517-de3a-4ccf-9846-1edbc79fff3e"},"geometry":{"type":"Point","coordinates":[-45.8930083,-23.1668561]}},{"type":"Feature","id":"2755049","properties":{"period":"2026-03","date":"07/03/2026","hour":"21:30","type":"NAO DISPONIVEL","turn":"NOITE","roadType":"VIAS URBANAS","street":"RUA CARLOS MARCONDES","fatal":false,"fatalVictims":0,"seriousVictims":0,"pedestrian":0,"bicycle":0,"motorcycle":0,"automobile":0,"bus":0,"truck":0,"resourceId":"50ff2517-de3a-4ccf-9846-1edbc79fff3e"},"geometry":{"type":"Point","coordinates":[-45.9400818,-23.2443715]}},{"type":"Feature","id":"2754646","properties":{"period":"2026-03","date":"07/03/2026","hour":"01:33","type":"NAO DISPONIVEL","turn":"MADRUGADA","roadType":"VIAS URBANAS","street":"AVENIDA CIDADE JARDIM","fatal":false,"fatalVictims":0,"seriousVictims":0,"pedestrian":0,"bicycle":0,"motorcycle":0,"automobile":0,"bus":0,"truck":0,"resourceId":"50ff2517-de3a-4ccf-9846-1edbc79fff3e"},"geometry":{"type":"Point","coordinates":[-45.886332,-23.2633462]}},{"type":"Feature","id":"2755386","properties":{"period":"2026-03","date":"07/03/2026","hour":"19:24","type":"COLISAO","turn":"NOITE","roadType":"VIAS URBANAS","street":"RUA PENEDO","fatal":false,"fatalVictims":0,"seriousVictims":0,"pedestrian":0,"bicycle":0,"motorcycle":1,"automobile":1,"bus":0,"truck":0,"resourceId":"50ff2517-de3a-4ccf-9846-1edbc79fff3e"},"geometry":{"type":"Point","coordinates":[-45.9106911,-23.2417207]}},{"type":"Feature","id":"2774628","properties":{"period":"2026-03","date":"10/03/2026","hour":"15:30","type":"COLISAO","turn":"TARDE","roadType":"ESTRADAS E RODOVIAS","street":"BR 116","fatal":false,"fatalVictims":0,"seriousVictims":0,"pedestrian":0,"bicycle":0,"motorcycle":1,"automobile":1,"bus":0,"truck":0,"resourceId":"50ff2517-de3a-4ccf-9846-1edbc79fff3e"},"geometry":{"type":"Point","coordinates":[-45.8233063813,-23.171362847]}},{"type":"Feature","id":"2764370","properties":{"period":"2026-03","date":"13/03/2026","hour":"19:26","type":"COLISAO","turn":"NOITE","roadType":"VIAS URBANAS","street":"AVENIDA SALINAS","fatal":false,"fatalVictims":0,"seriousVictims":0,"pedestrian":0,"bicycle":0,"motorcycle":1,"automobile":1,"bus":0,"truck":0,"resourceId":"50ff2517-de3a-4ccf-9846-1edbc79fff3e"},"geometry":{"type":"Point","coordinates":[-45.8909158,-23.2351395]}},{"type":"Feature","id":"2764686","properties":{"period":"2026-03","date":"13/03/2026","hour":"21:02","type":"COLISAO","turn":"NOITE","roadType":"VIAS URBANAS","street":"RUA BACABAL","fatal":false,"fatalVictims":0,"seriousVictims":0,"pedestrian":0,"bicycle":0,"motorcycle":1,"automobile":1,"bus":0,"truck":0,"resourceId":"50ff2517-de3a-4ccf-9846-1edbc79fff3e"},"geometry":{"type":"Point","coordinates":[-45.9044724,-23.2370866]}},{"type":"Feature","id":"2766861","properties":{"period":"2026-03","date":"15/03/2026","hour":"01:36","type":"COLISAO","turn":"MADRUGADA","roadType":"VIAS URBANAS","street":"ESTRADA MUNICIPAL JOSE BENEDITO DE OLIVEIRA","fatal":true,"fatalVictims":1,"seriousVictims":0,"pedestrian":0,"bicycle":0,"motorcycle":1,"automobile":0,"bus":1,"truck":0,"resourceId":"50ff2517-de3a-4ccf-9846-1edbc79fff3e"},"geometry":{"type":"Point","coordinates":[-45.9233952567,-23.1044591882]}},{"type":"Feature","id":"2772894","properties":{"period":"2026-03","date":"07/03/2026","hour":"22:47","type":"NAO DISPONIVEL","turn":"NOITE","roadType":"VIAS URBANAS","street":"PRACA VICTOR HUGO","fatal":false,"fatalVictims":0,"seriousVictims":0,"pedestrian":0,"bicycle":0,"motorcycle":0,"automobile":0,"bus":0,"truck":0,"resourceId":"50ff2517-de3a-4ccf-9846-1edbc79fff3e"},"geometry":{"type":"Point","coordinates":[-45.9009728,-23.2413582]}},{"type":"Feature","id":"2774693","properties":{"period":"2026-03","date":"07/03/2026","hour":"05:00","type":"COLISAO","turn":"MADRUGADA","roadType":"ESTRADAS E RODOVIAS","street":"BR 116","fatal":false,"fatalVictims":0,"seriousVictims":0,"pedestrian":0,"bicycle":0,"motorcycle":2,"automobile":1,"bus":0,"truck":0,"resourceId":"50ff2517-de3a-4ccf-9846-1edbc79fff3e"},"geometry":{"type":"Point","coordinates":[-45.8744528945,-23.1967197687]}},{"type":"Feature","id":"2764487","properties":{"period":"2026-03","date":"11/03/2026","hour":"21:09","type":"OUTROS","turn":"NOITE","roadType":"VIAS URBANAS","street":"AVENIDA PRINCESA ISABEL","fatal":false,"fatalVictims":0,"seriousVictims":0,"pedestrian":0,"bicycle":0,"motorcycle":0,"automobile":0,"bus":0,"truck":0,"resourceId":"50ff2517-de3a-4ccf-9846-1edbc79fff3e"},"geometry":{"type":"Point","coordinates":[-45.8953047,-23.1568953]}},{"type":"Feature","id":"2764265","properties":{"period":"2026-03","date":"16/03/2026","hour":"17:39","type":"OUTROS","turn":"TARDE","roadType":"VIAS URBANAS","street":"RUA UBIRAJARA RAIMUNDO DE SOUZA","fatal":false,"fatalVictims":0,"seriousVictims":0,"pedestrian":0,"bicycle":0,"motorcycle":0,"automobile":0,"bus":0,"truck":0,"resourceId":"50ff2517-de3a-4ccf-9846-1edbc79fff3e"},"geometry":{"type":"Point","coordinates":[-45.8631709,-23.2720827]}},{"type":"Feature","id":"2750417","properties":{"period":"2026-03","date":"07/03/2026","hour":"14:52","type":"COLISAO","turn":"TARDE","roadType":"VIAS URBANAS","street":"AVENIDA PERSEU","fatal":false,"fatalVictims":0,"seriousVictims":0,"pedestrian":0,"bicycle":0,"motorcycle":1,"automobile":1,"bus":0,"truck":0,"resourceId":"50ff2517-de3a-4ccf-9846-1edbc79fff3e"},"geometry":{"type":"Point","coordinates":[-45.8908953,-23.2297206]}},{"type":"Feature","id":"2757287","properties":{"period":"2026-03","date":"08/03/2026","hour":"19:34","type":"NAO DISPONIVEL","turn":"NOITE","roadType":"VIAS URBANAS","street":"AVENIDA MADRE THEREZA","fatal":false,"fatalVictims":0,"seriousVictims":0,"pedestrian":0,"bicycle":0,"motorcycle":0,"automobile":0,"bus":0,"truck":0,"resourceId":"50ff2517-de3a-4ccf-9846-1edbc79fff3e"},"geometry":{"type":"Point","coordinates":[-45.8879828,-23.1867275]}},{"type":"Feature","id":"2763761","properties":{"period":"2026-03","date":"10/03/2026","hour":"05:57","type":"OUTROS","turn":"MADRUGADA","roadType":"VIAS URBANAS","street":"AVENIDA DOS ASTRONAUTAS","fatal":false,"fatalVictims":0,"seriousVictims":0,"pedestrian":0,"bicycle":0,"motorcycle":0,"automobile":0,"bus":0,"truck":0,"resourceId":"50ff2517-de3a-4ccf-9846-1edbc79fff3e"},"geometry":{"type":"Point","coordinates":[-45.8596336,-23.2065167]}},{"type":"Feature","id":"2776719","properties":{"period":"2026-03","date":"10/03/2026","hour":"09:45","type":"OUTROS","turn":"MANHA","roadType":"ESTRADAS E RODOVIAS","street":"BR 116","fatal":false,"fatalVictims":0,"seriousVictims":0,"pedestrian":0,"bicycle":0,"motorcycle":1,"automobile":0,"bus":0,"truck":0,"resourceId":"50ff2517-de3a-4ccf-9846-1edbc79fff3e"},"geometry":{"type":"Point","coordinates":[-45.8744528945,-23.1967197687]}},{"type":"Feature","id":"2765963","properties":{"period":"2026-03","date":"12/03/2026","hour":"13:30","type":"NAO DISPONIVEL","turn":"TARDE","roadType":"VIAS URBANAS","street":"AVENIDA DEPUTADO BENEDITO MATARAZZO","fatal":false,"fatalVictims":0,"seriousVictims":0,"pedestrian":0,"bicycle":0,"motorcycle":0,"automobile":0,"bus":0,"truck":0,"resourceId":"50ff2517-de3a-4ccf-9846-1edbc79fff3e"},"geometry":{"type":"Point","coordinates":[-45.8813349,-23.1995944]}},{"type":"Feature","id":"2778057","properties":{"period":"2026-03","date":"14/03/2026","hour":"07:39","type":"CHOQUE","turn":"MANHA","roadType":"ESTRADAS E RODOVIAS","street":"SP 070","fatal":true,"fatalVictims":1,"seriousVictims":0,"pedestrian":0,"bicycle":0,"motorcycle":0,"automobile":1,"bus":0,"truck":0,"resourceId":"50ff2517-de3a-4ccf-9846-1edbc79fff3e"},"geometry":{"type":"Point","coordinates":[-45.7891582937,-23.2429988472]}},{"type":"Feature","id":"2764856","properties":{"period":"2026-03","date":"16/03/2026","hour":"22:28","type":"NAO DISPONIVEL","turn":"NOITE","roadType":"VIAS URBANAS","street":"RUA ANGELO SCARPEL","fatal":false,"fatalVictims":0,"seriousVictims":0,"pedestrian":0,"bicycle":0,"motorcycle":0,"automobile":0,"bus":0,"truck":0,"resourceId":"50ff2517-de3a-4ccf-9846-1edbc79fff3e"},"geometry":{"type":"Point","coordinates":[-45.7845033,-23.2011841]}},{"type":"Feature","id":"2754447","properties":{"period":"2026-03","date":"08/03/2026","hour":"20:59","type":"COLISAO","turn":"NOITE","roadType":"VIAS URBANAS","street":"AVENIDA PROFESSOR ALFREDO FERNANDES DE ALMEIDA","fatal":false,"fatalVictims":0,"seriousVictims":0,"pedestrian":0,"bicycle":0,"motorcycle":1,"automobile":1,"bus":0,"truck":0,"resourceId":"50ff2517-de3a-4ccf-9846-1edbc79fff3e"},"geometry":{"type":"Point","coordinates":[-45.9164454,-23.2197078]}},{"type":"Feature","id":"2777279","properties":{"period":"2026-03","date":"10/03/2026","hour":"18:30","type":"COLISAO","turn":"NOITE","roadType":"ESTRADAS E RODOVIAS","street":"BR 116","fatal":false,"fatalVictims":0,"seriousVictims":0,"pedestrian":0,"bicycle":0,"motorcycle":1,"automobile":0,"bus":0,"truck":0,"resourceId":"50ff2517-de3a-4ccf-9846-1edbc79fff3e"},"geometry":{"type":"Point","coordinates":[-45.8294314394,-23.1745271021]}},{"type":"Feature","id":"2765863","properties":{"period":"2026-03","date":"11/03/2026","hour":"14:29","type":"COLISAO","turn":"TARDE","roadType":"VIAS URBANAS","street":"ESTRADA DOM JOSE ANTONIO DO COUTO","fatal":false,"fatalVictims":0,"seriousVictims":0,"pedestrian":0,"bicycle":0,"motorcycle":1,"automobile":1,"bus":0,"truck":0,"resourceId":"50ff2517-de3a-4ccf-9846-1edbc79fff3e"},"geometry":{"type":"Point","coordinates":[-45.7946021,-23.2215346]}},{"type":"Feature","id":"2765531","properties":{"period":"2026-03","date":"12/03/2026","hour":"06:18","type":"COLISAO","turn":"MANHA","roadType":"VIAS URBANAS","street":"AVENIDA PRESIDENTE JUSCELINO KUBITSCHEK","fatal":false,"fatalVictims":0,"seriousVictims":0,"pedestrian":0,"bicycle":0,"motorcycle":1,"automobile":1,"bus":0,"truck":0,"resourceId":"50ff2517-de3a-4ccf-9846-1edbc79fff3e"},"geometry":{"type":"Point","coordinates":[-45.8677247,-23.1805871]}},{"type":"Feature","id":"2764740","properties":{"period":"2026-03","date":"13/03/2026","hour":"22:11","type":"NAO DISPONIVEL","turn":"NOITE","roadType":"VIAS URBANAS","street":"RUA JOAO MIACCI","fatal":false,"fatalVictims":0,"seriousVictims":0,"pedestrian":0,"bicycle":0,"motorcycle":0,"automobile":0,"bus":0,"truck":0,"resourceId":"50ff2517-de3a-4ccf-9846-1edbc79fff3e"},"geometry":{"type":"Point","coordinates":[-45.884925,-23.274833]}},{"type":"Feature","id":"2765253","properties":{"period":"2026-03","date":"13/03/2026","hour":"07:56","type":"ATROPELAMENTO","turn":"MANHA","roadType":"VIAS URBANAS","street":"RUA AUDEMO VENEZIANI","fatal":false,"fatalVictims":0,"seriousVictims":0,"pedestrian":1,"bicycle":0,"motorcycle":0,"automobile":1,"bus":0,"truck":0,"resourceId":"50ff2517-de3a-4ccf-9846-1edbc79fff3e"},"geometry":{"type":"Point","coordinates":[-45.9017633,-23.151851]}},{"type":"Feature","id":"2764898","properties":{"period":"2026-03","date":"14/03/2026","hour":"17:54","type":"ATROPELAMENTO","turn":"TARDE","roadType":"VIAS URBANAS","street":"RUA JOAO MIACCI","fatal":false,"fatalVictims":0,"seriousVictims":0,"pedestrian":0,"bicycle":0,"motorcycle":0,"automobile":0,"bus":0,"truck":0,"resourceId":"50ff2517-de3a-4ccf-9846-1edbc79fff3e"},"geometry":{"type":"Point","coordinates":[-45.884925,-23.274833]}},{"type":"Feature","id":"2764569","properties":{"period":"2026-03","date":"16/03/2026","hour":"19:09","type":"NAO DISPONIVEL","turn":"NOITE","roadType":"VIAS URBANAS","street":"ESTRADA DOM JOSE ANTONIO DO COUTO","fatal":false,"fatalVictims":0,"seriousVictims":0,"pedestrian":0,"bicycle":0,"motorcycle":0,"automobile":0,"bus":0,"truck":0,"resourceId":"50ff2517-de3a-4ccf-9846-1edbc79fff3e"},"geometry":{"type":"Point","coordinates":[-45.7915812,-23.2274059]}},{"type":"Feature","id":"2766453","properties":{"period":"2026-03","date":"16/03/2026","hour":"09:38","type":"ATROPELAMENTO","turn":"MANHA","roadType":"VIAS URBANAS","street":"RUA PALMARES","fatal":false,"fatalVictims":0,"seriousVictims":0,"pedestrian":1,"bicycle":0,"motorcycle":0,"automobile":1,"bus":0,"truck":0,"resourceId":"50ff2517-de3a-4ccf-9846-1edbc79fff3e"},"geometry":{"type":"Point","coordinates":[-45.906825,-23.236954]}},{"type":"Feature","id":"2776746","properties":{"period":"2026-03","date":"08/03/2026","hour":"14:45","type":"COLISAO","turn":"TARDE","roadType":"ESTRADAS E RODOVIAS","street":"BR 116","fatal":false,"fatalVictims":0,"seriousVictims":0,"pedestrian":0,"bicycle":0,"motorcycle":0,"automobile":1,"bus":0,"truck":0,"resourceId":"50ff2517-de3a-4ccf-9846-1edbc79fff3e"},"geometry":{"type":"Point","coordinates":[-45.9391798168,-23.2523458558]}},{"type":"Feature","id":"2763960","properties":{"period":"2026-03","date":"10/03/2026","hour":"10:02","type":"OUTROS","turn":"MANHA","roadType":"VIAS URBANAS","street":"AVENIDA BRASIL","fatal":false,"fatalVictims":0,"seriousVictims":0,"pedestrian":0,"bicycle":0,"motorcycle":0,"automobile":0,"bus":0,"truck":0,"resourceId":"50ff2517-de3a-4ccf-9846-1edbc79fff3e"},"geometry":{"type":"Point","coordinates":[-45.859049,-23.1891013]}},{"type":"Feature","id":"2766254","properties":{"period":"2026-03","date":"11/03/2026","hour":"17:25","type":"NAO DISPONIVEL","turn":"TARDE","roadType":"VIAS URBANAS","street":"AVENIDA PERSEU","fatal":false,"fatalVictims":0,"seriousVictims":0,"pedestrian":0,"bicycle":0,"motorcycle":0,"automobile":0,"bus":0,"truck":0,"resourceId":"50ff2517-de3a-4ccf-9846-1edbc79fff3e"},"geometry":{"type":"Point","coordinates":[-45.8888974,-23.2235804]}},{"type":"Feature","id":"2765272","properties":{"period":"2026-03","date":"12/03/2026","hour":"07:29","type":"COLISAO","turn":"MANHA","roadType":"VIAS URBANAS","street":"ESTRADA DOUTOR BEZERRA DE MENEZES","fatal":false,"fatalVictims":0,"seriousVictims":0,"pedestrian":0,"bicycle":0,"motorcycle":0,"automobile":0,"bus":0,"truck":0,"resourceId":"50ff2517-de3a-4ccf-9846-1edbc79fff3e"},"geometry":{"type":"Point","coordinates":[-45.861709,-23.247779]}},{"type":"Feature","id":"2764497","properties":{"period":"2026-03","date":"13/03/2026","hour":"19:44","type":"COLISAO","turn":"NOITE","roadType":"VIAS URBANAS","street":"AVENIDA PRESIDENTE TANCREDO NEVES","fatal":false,"fatalVictims":0,"seriousVictims":0,"pedestrian":0,"bicycle":0,"motorcycle":0,"automobile":0,"bus":0,"truck":0,"resourceId":"50ff2517-de3a-4ccf-9846-1edbc79fff3e"},"geometry":{"type":"Point","coordinates":[-45.7882604,-23.1901099]}},{"type":"Feature","id":"2764644","properties":{"period":"2026-03","date":"13/03/2026","hour":"00:12","type":"COLISAO","turn":"MADRUGADA","roadType":"VIAS URBANAS","street":"RUA HUMAITA","fatal":false,"fatalVictims":0,"seriousVictims":0,"pedestrian":0,"bicycle":0,"motorcycle":0,"automobile":1,"bus":1,"truck":0,"resourceId":"50ff2517-de3a-4ccf-9846-1edbc79fff3e"},"geometry":{"type":"Point","coordinates":[-45.8871356,-23.1883681]}},{"type":"Feature","id":"2765656","properties":{"period":"2026-03","date":"13/03/2026","hour":"09:39","type":"NAO DISPONIVEL","turn":"MANHA","roadType":"VIAS URBANAS","street":"AVENIDA OLIVO GOMES","fatal":false,"fatalVictims":0,"seriousVictims":0,"pedestrian":0,"bicycle":0,"motorcycle":0,"automobile":0,"bus":0,"truck":0,"resourceId":"50ff2517-de3a-4ccf-9846-1edbc79fff3e"},"geometry":{"type":"Point","coordinates":[-45.8899338,-23.171546]}},{"type":"Feature","id":"2771684","properties":{"period":"2026-03","date":"15/03/2026","hour":"21:39","type":"COLISAO","turn":"NOITE","roadType":"VIAS URBANAS","street":"RUA BACABAL","fatal":false,"fatalVictims":0,"seriousVictims":0,"pedestrian":0,"bicycle":0,"motorcycle":1,"automobile":1,"bus":0,"truck":0,"resourceId":"50ff2517-de3a-4ccf-9846-1edbc79fff3e"},"geometry":{"type":"Point","coordinates":[-45.9011328,-23.2279257]}},{"type":"Feature","id":"2764298","properties":{"period":"2026-03","date":"16/03/2026","hour":"17:30","type":"ATROPELAMENTO","turn":"TARDE","roadType":"VIAS URBANAS","street":"RUA JOAO MIACCI","fatal":false,"fatalVictims":0,"seriousVictims":0,"pedestrian":0,"bicycle":0,"motorcycle":0,"automobile":0,"bus":0,"truck":0,"resourceId":"50ff2517-de3a-4ccf-9846-1edbc79fff3e"},"geometry":{"type":"Point","coordinates":[-45.884925,-23.274833]}},{"type":"Feature","id":"2777182","properties":{"period":"2026-03","date":"18/03/2026","hour":"19:10","type":"COLISAO","turn":"NOITE","roadType":"ESTRADAS E RODOVIAS","street":"BR 116","fatal":false,"fatalVictims":0,"seriousVictims":0,"pedestrian":0,"bicycle":0,"motorcycle":1,"automobile":1,"bus":0,"truck":0,"resourceId":"50ff2517-de3a-4ccf-9846-1edbc79fff3e"},"geometry":{"type":"Point","coordinates":[-45.8658086399,-23.1920391312]}},{"type":"Feature","id":"2777349","properties":{"period":"2026-03","date":"20/03/2026","hour":"14:09","type":"COLISAO","turn":"TARDE","roadType":"VIAS URBANAS","street":"AVENIDA GEORGE EASTMAN","fatal":false,"fatalVictims":0,"seriousVictims":0,"pedestrian":0,"bicycle":0,"motorcycle":1,"automobile":1,"bus":0,"truck":0,"resourceId":"50ff2517-de3a-4ccf-9846-1edbc79fff3e"},"geometry":{"type":"Point","coordinates":[-45.9161667,-23.2372278]}},{"type":"Feature","id":"2776967","properties":{"period":"2026-03","date":"21/03/2026","hour":"23:33","type":"COLISAO","turn":"NOITE","roadType":"ESTRADAS E RODOVIAS","street":"BR 116","fatal":false,"fatalVictims":0,"seriousVictims":0,"pedestrian":0,"bicycle":0,"motorcycle":1,"automobile":1,"bus":0,"truck":0,"resourceId":"50ff2517-de3a-4ccf-9846-1edbc79fff3e"},"geometry":{"type":"Point","coordinates":[-45.8303064477,-23.1749791386]}},{"type":"Feature","id":"2773826","properties":{"period":"2026-03","date":"24/03/2026","hour":"07:10","type":"ATROPELAMENTO","turn":"MANHA","roadType":"VIAS URBANAS","street":"AVENIDA ALBERTO RENART","fatal":false,"fatalVictims":0,"seriousVictims":0,"pedestrian":0,"bicycle":0,"motorcycle":0,"automobile":0,"bus":0,"truck":0,"resourceId":"50ff2517-de3a-4ccf-9846-1edbc79fff3e"},"geometry":{"type":"Point","coordinates":[-45.7902951,-23.1755927]}},{"type":"Feature","id":"2768994","properties":{"period":"2026-03","date":"28/03/2026","hour":"14:35","type":"OUTROS","turn":"TARDE","roadType":"VIAS URBANAS","street":"AVENIDA SENADOR TEOTONIO VILELA","fatal":false,"fatalVictims":0,"seriousVictims":0,"pedestrian":0,"bicycle":0,"motorcycle":0,"automobile":0,"bus":0,"truck":0,"resourceId":"50ff2517-de3a-4ccf-9846-1edbc79fff3e"},"geometry":{"type":"Point","coordinates":[-45.8760874,-23.1772269]}},{"type":"Feature","id":"2772738","properties":{"period":"2026-03","date":"18/03/2026","hour":"09:20","type":"COLISAO","turn":"MANHA","roadType":"VIAS URBANAS","street":"AVENIDA DOS EVANGELICOS","fatal":false,"fatalVictims":0,"seriousVictims":0,"pedestrian":0,"bicycle":0,"motorcycle":0,"automobile":0,"bus":0,"truck":0,"resourceId":"50ff2517-de3a-4ccf-9846-1edbc79fff3e"},"geometry":{"type":"Point","coordinates":[-45.892825,-23.2674]}},{"type":"Feature","id":"2769580","properties":{"period":"2026-03","date":"19/03/2026","hour":"20:24","type":"OUTROS","turn":"NOITE","roadType":"VIAS URBANAS","street":"AVENIDA ALFREDO IGNACIO NOGUEIRA PENIDO","fatal":false,"fatalVictims":0,"seriousVictims":0,"pedestrian":0,"bicycle":0,"motorcycle":0,"automobile":0,"bus":0,"truck":0,"resourceId":"50ff2517-de3a-4ccf-9846-1edbc79fff3e"},"geometry":{"type":"Point","coordinates":[-45.9036078,-23.2163417]}},{"type":"Feature","id":"2767520","properties":{"period":"2026-03","date":"21/03/2026","hour":"11:42","type":"COLISAO","turn":"MANHA","roadType":"VIAS URBANAS","street":"AVENIDA JOAO BATISTA DE SOUZA SOARES","fatal":false,"fatalVictims":0,"seriousVictims":1,"pedestrian":0,"bicycle":0,"motorcycle":1,"automobile":1,"bus":0,"truck":0,"resourceId":"50ff2517-de3a-4ccf-9846-1edbc79fff3e"},"geometry":{"type":"Point","coordinates":[-45.905212,-23.240003]}},{"type":"Feature","id":"2770297","properties":{"period":"2026-03","date":"25/03/2026","hour":"23:25","type":"COLISAO","turn":"NOITE","roadType":"VIAS URBANAS","street":"AVENIDA DOUTOR JOAO BAPTISTA SOARES DE QUEIROZ JUN","fatal":false,"fatalVictims":0,"seriousVictims":0,"pedestrian":0,"bicycle":0,"motorcycle":1,"automobile":0,"bus":0,"truck":0,"resourceId":"50ff2517-de3a-4ccf-9846-1edbc79fff3e"},"geometry":{"type":"Point","coordinates":[-45.9221878,-23.2259097]}},{"type":"Feature","id":"2774966","properties":{"period":"2026-03","date":"26/03/2026","hour":"07:35","type":"NAO DISPONIVEL","turn":"MANHA","roadType":"VIAS URBANAS","street":"AVENIDA DEPUTADO BENEDITO MATARAZZO","fatal":false,"fatalVictims":0,"seriousVictims":0,"pedestrian":0,"bicycle":0,"motorcycle":0,"automobile":0,"bus":0,"truck":0,"resourceId":"50ff2517-de3a-4ccf-9846-1edbc79fff3e"},"geometry":{"type":"Point","coordinates":[-45.8521245,-23.1848452]}},{"type":"Feature","id":"2777256","properties":{"period":"2026-03","date":"27/03/2026","hour":"17:40","type":"COLISAO","turn":"TARDE","roadType":"ESTRADAS E RODOVIAS","street":"BR 116","fatal":false,"fatalVictims":0,"seriousVictims":0,"pedestrian":0,"bicycle":0,"motorcycle":1,"automobile":1,"bus":0,"truck":0,"resourceId":"50ff2517-de3a-4ccf-9846-1edbc79fff3e"},"geometry":{"type":"Point","coordinates":[-45.8658086399,-23.1920391312]}},{"type":"Feature","id":"2776264","properties":{"period":"2026-03","date":"18/03/2026","hour":"10:36","type":"NAO DISPONIVEL","turn":"MANHA","roadType":"VIAS URBANAS","street":"RUA SAIGIRO NAKAMURA","fatal":false,"fatalVictims":0,"seriousVictims":0,"pedestrian":0,"bicycle":0,"motorcycle":0,"automobile":0,"bus":0,"truck":0,"resourceId":"50ff2517-de3a-4ccf-9846-1edbc79fff3e"},"geometry":{"type":"Point","coordinates":[-45.855122,-23.1814909]}},{"type":"Feature","id":"2774101","properties":{"period":"2026-03","date":"18/03/2026","hour":"13:07","type":"OUTROS","turn":"TARDE","roadType":"VIAS URBANAS","street":"AVENIDA JOAO BATISTA DE SOUZA SOARES","fatal":false,"fatalVictims":0,"seriousVictims":0,"pedestrian":0,"bicycle":0,"motorcycle":0,"automobile":2,"bus":0,"truck":0,"resourceId":"50ff2517-de3a-4ccf-9846-1edbc79fff3e"},"geometry":{"type":"Point","coordinates":[-45.9009406,-23.2218607]}},{"type":"Feature","id":"2773322","properties":{"period":"2026-03","date":"21/03/2026","hour":"21:02","type":"OUTROS","turn":"NOITE","roadType":"VIAS URBANAS","street":"RUA SUMATRA","fatal":false,"fatalVictims":0,"seriousVictims":0,"pedestrian":0,"bicycle":0,"motorcycle":0,"automobile":0,"bus":0,"truck":0,"resourceId":"50ff2517-de3a-4ccf-9846-1edbc79fff3e"},"geometry":{"type":"Point","coordinates":[-45.9016539,-23.2357519]}},{"type":"Feature","id":"2775972","properties":{"period":"2026-03","date":"21/03/2026","hour":"03:35","type":"OUTROS","turn":"MADRUGADA","roadType":"VIAS URBANAS","street":"AVENIDA PRESIDENTE JUSCELINO KUBITSCHEK","fatal":false,"fatalVictims":0,"seriousVictims":0,"pedestrian":0,"bicycle":0,"motorcycle":1,"automobile":0,"bus":0,"truck":0,"resourceId":"50ff2517-de3a-4ccf-9846-1edbc79fff3e"},"geometry":{"type":"Point","coordinates":[-45.8480738,-23.1805648]}},{"type":"Feature","id":"2772470","properties":{"period":"2026-03","date":"25/03/2026","hour":"08:29","type":"COLISAO","turn":"MANHA","roadType":"VIAS URBANAS","street":"AVENIDA ALFREDO ASDENTE","fatal":false,"fatalVictims":0,"seriousVictims":0,"pedestrian":0,"bicycle":0,"motorcycle":1,"automobile":1,"bus":0,"truck":0,"resourceId":"50ff2517-de3a-4ccf-9846-1edbc79fff3e"},"geometry":{"type":"Point","coordinates":[-45.9246165,-23.2243508]}},{"type":"Feature","id":"2776954","properties":{"period":"2026-03","date":"26/03/2026","hour":"08:10","type":"COLISAO","turn":"MANHA","roadType":"ESTRADAS E RODOVIAS","street":"BR 116","fatal":false,"fatalVictims":0,"seriousVictims":0,"pedestrian":0,"bicycle":0,"motorcycle":1,"automobile":1,"bus":0,"truck":0,"resourceId":"50ff2517-de3a-4ccf-9846-1edbc79fff3e"},"geometry":{"type":"Point","coordinates":[-45.8215563647,-23.1704587741]}},{"type":"Feature","id":"2769313","properties":{"period":"2026-03","date":"28/03/2026","hour":"14:00","type":"COLISAO","turn":"TARDE","roadType":"VIAS URBANAS","street":"AVENIDA PRESIDENTE TANCREDO NEVES","fatal":false,"fatalVictims":0,"seriousVictims":0,"pedestrian":0,"bicycle":0,"motorcycle":0,"automobile":2,"bus":0,"truck":0,"resourceId":"50ff2517-de3a-4ccf-9846-1edbc79fff3e"},"geometry":{"type":"Point","coordinates":[-45.8107074,-23.1803384]}},{"type":"Feature","id":"2772807","properties":{"period":"2026-03","date":"28/03/2026","hour":"03:12","type":"COLISAO","turn":"MADRUGADA","roadType":"VIAS URBANAS","street":"AVENIDA PEDRO FRIGGI","fatal":false,"fatalVictims":0,"seriousVictims":0,"pedestrian":0,"bicycle":0,"motorcycle":0,"automobile":1,"bus":0,"truck":0,"resourceId":"50ff2517-de3a-4ccf-9846-1edbc79fff3e"},"geometry":{"type":"Point","coordinates":[-45.8349215,-23.1785103]}},{"type":"Feature","id":"2774471","properties":{"period":"2026-03","date":"28/03/2026","hour":"03:00","type":"CHOQUE","turn":"MADRUGADA","roadType":"ESTRADAS E RODOVIAS","street":"BR 116","fatal":false,"fatalVictims":0,"seriousVictims":0,"pedestrian":0,"bicycle":0,"motorcycle":0,"automobile":1,"bus":0,"truck":0,"resourceId":"50ff2517-de3a-4ccf-9846-1edbc79fff3e"},"geometry":{"type":"Point","coordinates":[-45.8570354662,-23.1875637462]}},{"type":"Feature","id":"2770345","properties":{"period":"2026-03","date":"18/03/2026","hour":"23:28","type":"COLISAO","turn":"NOITE","roadType":"VIAS URBANAS","street":"AVENIDA OURO FINO","fatal":false,"fatalVictims":0,"seriousVictims":0,"pedestrian":0,"bicycle":0,"motorcycle":2,"automobile":0,"bus":0,"truck":0,"resourceId":"50ff2517-de3a-4ccf-9846-1edbc79fff3e"},"geometry":{"type":"Point","coordinates":[-45.8879682,-23.2350677]}},{"type":"Feature","id":"2774547","properties":{"period":"2026-03","date":"21/03/2026","hour":"14:20","type":"COLISAO","turn":"TARDE","roadType":"ESTRADAS E RODOVIAS","street":"BR 116","fatal":false,"fatalVictims":0,"seriousVictims":0,"pedestrian":0,"bicycle":0,"motorcycle":0,"automobile":2,"bus":0,"truck":0,"resourceId":"50ff2517-de3a-4ccf-9846-1edbc79fff3e"},"geometry":{"type":"Point","coordinates":[-45.7855638022,-23.152169248]}},{"type":"Feature","id":"2768629","properties":{"period":"2026-03","date":"25/03/2026","hour":"19:20","type":"ATROPELAMENTO","turn":"NOITE","roadType":"VIAS URBANAS","street":"ESTRADA JUCA CARVALHO","fatal":false,"fatalVictims":0,"seriousVictims":0,"pedestrian":1,"bicycle":0,"motorcycle":0,"automobile":0,"bus":0,"truck":1,"resourceId":"50ff2517-de3a-4ccf-9846-1edbc79fff3e"},"geometry":{"type":"Point","coordinates":[-45.9436345,-23.1392658]}},{"type":"Feature","id":"2768524","properties":{"period":"2026-03","date":"27/03/2026","hour":"17:59","type":"ATROPELAMENTO","turn":"TARDE","roadType":"VIAS URBANAS","street":"RUA RUI DORIA","fatal":false,"fatalVictims":0,"seriousVictims":0,"pedestrian":0,"bicycle":0,"motorcycle":0,"automobile":0,"bus":0,"truck":0,"resourceId":"50ff2517-de3a-4ccf-9846-1edbc79fff3e"},"geometry":{"type":"Point","coordinates":[-45.8878951,-23.1822701]}},{"type":"Feature","id":"2769894","properties":{"period":"2026-03","date":"20/03/2026","hour":"20:45","type":"ATROPELAMENTO","turn":"NOITE","roadType":"VIAS URBANAS","street":"RUA PARAIBUNA","fatal":false,"fatalVictims":0,"seriousVictims":0,"pedestrian":1,"bicycle":0,"motorcycle":0,"automobile":0,"bus":0,"truck":0,"resourceId":"50ff2517-de3a-4ccf-9846-1edbc79fff3e"},"geometry":{"type":"Point","coordinates":[-45.8871451,-23.1981849]}},{"type":"Feature","id":"2769717","properties":{"period":"2026-03","date":"23/03/2026","hour":"19:08","type":"COLISAO","turn":"NOITE","roadType":"VIAS URBANAS","street":"ESTRADA MUNICIPAL MARTINS GUIMARAES","fatal":false,"fatalVictims":0,"seriousVictims":0,"pedestrian":0,"bicycle":0,"motorcycle":0,"automobile":0,"bus":0,"truck":0,"resourceId":"50ff2517-de3a-4ccf-9846-1edbc79fff3e"},"geometry":{"type":"Point","coordinates":[-45.8367431,-23.1710688]}},{"type":"Feature","id":"2773016","properties":{"period":"2026-03","date":"23/03/2026","hour":"07:52","type":"COLISAO","turn":"MANHA","roadType":"VIAS URBANAS","street":"RUA RAIMUNDO CORREIA","fatal":false,"fatalVictims":0,"seriousVictims":0,"pedestrian":0,"bicycle":0,"motorcycle":0,"automobile":0,"bus":0,"truck":0,"resourceId":"50ff2517-de3a-4ccf-9846-1edbc79fff3e"},"geometry":{"type":"Point","coordinates":[-45.7802357,-23.1484784]}},{"type":"Feature","id":"2767268","properties":{"period":"2026-03","date":"28/03/2026","hour":"11:50","type":"ATROPELAMENTO","turn":"MANHA","roadType":"VIAS URBANAS","street":"RUA ANTONIO BERNARDO HENKEMEIER","fatal":false,"fatalVictims":0,"seriousVictims":0,"pedestrian":1,"bicycle":0,"motorcycle":0,"automobile":0,"bus":0,"truck":0,"resourceId":"50ff2517-de3a-4ccf-9846-1edbc79fff3e"},"geometry":{"type":"Point","coordinates":[-45.8107218,-23.2149313]}},{"type":"Feature","id":"2776987","properties":{"period":"2026-03","date":"18/03/2026","hour":"14:36","type":"ATROPELAMENTO","turn":"TARDE","roadType":"VIAS URBANAS","street":"RUA BENEDITO OSVALDO LECQUES","fatal":false,"fatalVictims":0,"seriousVictims":0,"pedestrian":0,"bicycle":0,"motorcycle":0,"automobile":0,"bus":0,"truck":0,"resourceId":"50ff2517-de3a-4ccf-9846-1edbc79fff3e"},"geometry":{"type":"Point","coordinates":[-45.9093666,-23.2224944]}},{"type":"Feature","id":"2774861","properties":{"period":"2026-03","date":"18/03/2026","hour":"14:04","type":"COLISAO","turn":"TARDE","roadType":"VIAS URBANAS","street":"RUA BACABAL","fatal":false,"fatalVictims":0,"seriousVictims":0,"pedestrian":0,"bicycle":0,"motorcycle":2,"automobile":0,"bus":0,"truck":0,"resourceId":"50ff2517-de3a-4ccf-9846-1edbc79fff3e"},"geometry":{"type":"Point","coordinates":[-45.901425,-23.2267184]}},{"type":"Feature","id":"2772028","properties":{"period":"2026-03","date":"20/03/2026","hour":"18:20","type":"COLISAO","turn":"NOITE","roadType":"VIAS URBANAS","street":"ESTRADA MONTEIRO LOBATO","fatal":false,"fatalVictims":0,"seriousVictims":0,"pedestrian":0,"bicycle":0,"motorcycle":0,"automobile":0,"bus":0,"truck":0,"resourceId":"50ff2517-de3a-4ccf-9846-1edbc79fff3e"},"geometry":{"type":"Point","coordinates":[-45.90462,-23.1436909]}},{"type":"Feature","id":"2769288","properties":{"period":"2026-03","date":"20/03/2026","hour":"19:35","type":"COLISAO","turn":"NOITE","roadType":"VIAS URBANAS","street":"RUA GISELE MARTINS","fatal":false,"fatalVictims":0,"seriousVictims":0,"pedestrian":0,"bicycle":0,"motorcycle":1,"automobile":1,"bus":0,"truck":0,"resourceId":"50ff2517-de3a-4ccf-9846-1edbc79fff3e"},"geometry":{"type":"Point","coordinates":[-45.8975792,-23.2465404]}},{"type":"Feature","id":"2767259","properties":{"period":"2026-03","date":"23/03/2026","hour":"15:30","type":"ATROPELAMENTO","turn":"TARDE","roadType":"VIAS URBANAS","street":"RUA SAIGIRO NAKAMURA","fatal":false,"fatalVictims":0,"seriousVictims":0,"pedestrian":1,"bicycle":0,"motorcycle":0,"automobile":0,"bus":0,"truck":0,"resourceId":"50ff2517-de3a-4ccf-9846-1edbc79fff3e"},"geometry":{"type":"Point","coordinates":[-45.855122,-23.1814909]}},{"type":"Feature","id":"2773092","properties":{"period":"2026-03","date":"25/03/2026","hour":"10:26","type":"COLISAO","turn":"MANHA","roadType":"VIAS URBANAS","street":"RUA HAITI","fatal":false,"fatalVictims":0,"seriousVictims":0,"pedestrian":0,"bicycle":0,"motorcycle":0,"automobile":2,"bus":0,"truck":0,"resourceId":"50ff2517-de3a-4ccf-9846-1edbc79fff3e"},"geometry":{"type":"Point","coordinates":[-45.8943548,-23.233186]}},{"type":"Feature","id":"2773900","properties":{"period":"2026-03","date":"26/03/2026","hour":"12:12","type":"COLISAO","turn":"TARDE","roadType":"VIAS URBANAS","street":"AVENIDA CASSIOPEIA","fatal":false,"fatalVictims":0,"seriousVictims":0,"pedestrian":0,"bicycle":0,"motorcycle":1,"automobile":1,"bus":0,"truck":0,"resourceId":"50ff2517-de3a-4ccf-9846-1edbc79fff3e"},"geometry":{"type":"Point","coordinates":[-45.8890878,-23.2292541]}},{"type":"Feature","id":"2774863","properties":{"period":"2026-03","date":"26/03/2026","hour":"13:40","type":"COLISAO","turn":"TARDE","roadType":"VIAS URBANAS","street":"AVENIDA CASSIANO RICARDO","fatal":false,"fatalVictims":0,"seriousVictims":1,"pedestrian":0,"bicycle":0,"motorcycle":1,"automobile":1,"bus":0,"truck":0,"resourceId":"50ff2517-de3a-4ccf-9846-1edbc79fff3e"},"geometry":{"type":"Point","coordinates":[-45.9122235,-23.2259121]}},{"type":"Feature","id":"2773920","properties":{"period":"2026-03","date":"26/03/2026","hour":"12:24","type":"COLISAO","turn":"TARDE","roadType":"VIAS URBANAS","street":"RUA TREMEMBE","fatal":false,"fatalVictims":0,"seriousVictims":0,"pedestrian":0,"bicycle":0,"motorcycle":1,"automobile":1,"bus":0,"truck":0,"resourceId":"50ff2517-de3a-4ccf-9846-1edbc79fff3e"},"geometry":{"type":"Point","coordinates":[-45.8859885,-23.2091972]}},{"type":"Feature","id":"2776966","properties":{"period":"2026-03","date":"26/03/2026","hour":"14:24","type":"ATROPELAMENTO","turn":"TARDE","roadType":"VIAS URBANAS","street":"AVENIDA PRINCESA ISABEL","fatal":false,"fatalVictims":0,"seriousVictims":0,"pedestrian":1,"bicycle":0,"motorcycle":1,"automobile":0,"bus":0,"truck":0,"resourceId":"50ff2517-de3a-4ccf-9846-1edbc79fff3e"},"geometry":{"type":"Point","coordinates":[-45.8949608,-23.1570721]}},{"type":"Feature","id":"2774864","properties":{"period":"2026-03","date":"27/03/2026","hour":"08:30","type":"COLISAO","turn":"MANHA","roadType":"ESTRADAS E RODOVIAS","street":"BR 116","fatal":false,"fatalVictims":0,"seriousVictims":0,"pedestrian":0,"bicycle":0,"motorcycle":1,"automobile":1,"bus":0,"truck":1,"resourceId":"50ff2517-de3a-4ccf-9846-1edbc79fff3e"},"geometry":{"type":"Point","coordinates":[-45.7617094122,-23.1404423493]}},{"type":"Feature","id":"2775948","properties":{"period":"2026-03","date":"19/03/2026","hour":"16:28","type":"COLISAO","turn":"TARDE","roadType":"VIAS URBANAS","street":"AVENIDA GENERAL MOTORS","fatal":false,"fatalVictims":0,"seriousVictims":0,"pedestrian":0,"bicycle":0,"motorcycle":0,"automobile":2,"bus":0,"truck":0,"resourceId":"50ff2517-de3a-4ccf-9846-1edbc79fff3e"},"geometry":{"type":"Point","coordinates":[-45.8112617,-23.1645679]}},{"type":"Feature","id":"2776468","properties":{"period":"2026-03","date":"20/03/2026","hour":"12:32","type":"OUTROS","turn":"TARDE","roadType":"VIAS URBANAS","street":"RUA JOSE AUGUSTO DOS SANTOS","fatal":false,"fatalVictims":0,"seriousVictims":0,"pedestrian":0,"bicycle":0,"motorcycle":0,"automobile":0,"bus":0,"truck":0,"resourceId":"50ff2517-de3a-4ccf-9846-1edbc79fff3e"},"geometry":{"type":"Point","coordinates":[-45.8866498,-23.2202498]}},{"type":"Feature","id":"2777774","properties":{"period":"2026-03","date":"20/03/2026","hour":"15:53","type":"COLISAO","turn":"TARDE","roadType":"VIAS URBANAS","street":"RUA PADRE WILSON CUNHA","fatal":false,"fatalVictims":0,"seriousVictims":1,"pedestrian":0,"bicycle":0,"motorcycle":1,"automobile":1,"bus":0,"truck":0,"resourceId":"50ff2517-de3a-4ccf-9846-1edbc79fff3e"},"geometry":{"type":"Point","coordinates":[-45.8954799,-23.2745561]}},{"type":"Feature","id":"2767518","properties":{"period":"2026-03","date":"21/03/2026","hour":"11:39","type":"ATROPELAMENTO","turn":"MANHA","roadType":"VIAS URBANAS","street":"RUA BENEDITO FRAGA DA SILVA","fatal":false,"fatalVictims":0,"seriousVictims":0,"pedestrian":2,"bicycle":0,"motorcycle":1,"automobile":0,"bus":0,"truck":0,"resourceId":"50ff2517-de3a-4ccf-9846-1edbc79fff3e"},"geometry":{"type":"Point","coordinates":[-45.7769286,-23.1399714]}},{"type":"Feature","id":"2766982","properties":{"period":"2026-03","date":"24/03/2026","hour":"03:14","type":"CHOQUE","turn":"MADRUGADA","roadType":"VIAS URBANAS","street":"RUA ARGENTINA","fatal":true,"fatalVictims":1,"seriousVictims":0,"pedestrian":0,"bicycle":0,"motorcycle":0,"automobile":1,"bus":0,"truck":0,"resourceId":"50ff2517-de3a-4ccf-9846-1edbc79fff3e"},"geometry":{"type":"Point","coordinates":[-45.832554579,-23.1807085641]}},{"type":"Feature","id":"2768927","properties":{"period":"2026-03","date":"28/03/2026","hour":"13:27","type":"NAO DISPONIVEL","turn":"TARDE","roadType":"VIAS URBANAS","street":"RUA ANTONIO BERNARDO HENKEMEIER","fatal":false,"fatalVictims":0,"seriousVictims":0,"pedestrian":0,"bicycle":0,"motorcycle":0,"automobile":0,"bus":0,"truck":0,"resourceId":"50ff2517-de3a-4ccf-9846-1edbc79fff3e"},"geometry":{"type":"Point","coordinates":[-45.8104955,-23.2149701]}},{"type":"Feature","id":"2768764","properties":{"period":"2026-03","date":"28/03/2026","hour":"13:34","type":"COLISAO","turn":"TARDE","roadType":"VIAS URBANAS","street":"PRACA PARIS","fatal":false,"fatalVictims":0,"seriousVictims":0,"pedestrian":0,"bicycle":0,"motorcycle":0,"automobile":0,"bus":0,"truck":0,"resourceId":"50ff2517-de3a-4ccf-9846-1edbc79fff3e"},"geometry":{"type":"Point","coordinates":[-45.8775407,-23.1975973]}},{"type":"Feature","id":"2769000","properties":{"period":"2026-03","date":"28/03/2026","hour":"13:49","type":"NAO DISPONIVEL","turn":"TARDE","roadType":"VIAS URBANAS","street":"PRACA PARIS","fatal":false,"fatalVictims":0,"seriousVictims":0,"pedestrian":0,"bicycle":0,"motorcycle":0,"automobile":0,"bus":0,"truck":0,"resourceId":"50ff2517-de3a-4ccf-9846-1edbc79fff3e"},"geometry":{"type":"Point","coordinates":[-45.877974,-23.1980359]}},{"type":"Feature","id":"2769936","properties":{"period":"2026-03","date":"28/03/2026","hour":"00:52","type":"NAO DISPONIVEL","turn":"MADRUGADA","roadType":"VIAS URBANAS","street":"AVENIDA ANCHIETA","fatal":false,"fatalVictims":0,"seriousVictims":0,"pedestrian":0,"bicycle":0,"motorcycle":0,"automobile":0,"bus":0,"truck":0,"resourceId":"50ff2517-de3a-4ccf-9846-1edbc79fff3e"},"geometry":{"type":"Point","coordinates":[-45.9010352,-23.1929194]}},{"type":"Feature","id":"2775913","properties":{"period":"2026-03","date":"28/03/2026","hour":"11:12","type":"COLISAO","turn":"MANHA","roadType":"VIAS URBANAS","street":"AVENIDA JOAO RODOLFO CASTELLI","fatal":false,"fatalVictims":0,"seriousVictims":0,"pedestrian":0,"bicycle":0,"motorcycle":1,"automobile":1,"bus":0,"truck":0,"resourceId":"50ff2517-de3a-4ccf-9846-1edbc79fff3e"},"geometry":{"type":"Point","coordinates":[-45.832256,-23.244567]}},{"type":"Feature","id":"2777691","properties":{"period":"2026-03","date":"18/03/2026","hour":"15:45","type":"COLISAO","turn":"TARDE","roadType":"VIAS URBANAS","street":"RUA DELFINO MASCARENHAS","fatal":false,"fatalVictims":0,"seriousVictims":0,"pedestrian":0,"bicycle":0,"motorcycle":1,"automobile":1,"bus":0,"truck":0,"resourceId":"50ff2517-de3a-4ccf-9846-1edbc79fff3e"},"geometry":{"type":"Point","coordinates":[-45.8905824,-23.1757338]}},{"type":"Feature","id":"2771500","properties":{"period":"2026-03","date":"21/03/2026","hour":"21:47","type":"COLISAO","turn":"NOITE","roadType":"VIAS URBANAS","street":"AVENIDA MARIO FRIGGI","fatal":false,"fatalVictims":0,"seriousVictims":0,"pedestrian":0,"bicycle":0,"motorcycle":1,"automobile":1,"bus":0,"truck":0,"resourceId":"50ff2517-de3a-4ccf-9846-1edbc79fff3e"},"geometry":{"type":"Point","coordinates":[-45.8971345,-23.255762]}},{"type":"Feature","id":"2775628","properties":{"period":"2026-03","date":"23/03/2026","hour":"07:48","type":"COLISAO","turn":"MANHA","roadType":"VIAS URBANAS","street":"AVENIDA POSSIDONIO JOSE DE FREITAS","fatal":false,"fatalVictims":0,"seriousVictims":0,"pedestrian":0,"bicycle":0,"motorcycle":1,"automobile":1,"bus":0,"truck":0,"resourceId":"50ff2517-de3a-4ccf-9846-1edbc79fff3e"},"geometry":{"type":"Point","coordinates":[-45.9319669,-23.1904214]}},{"type":"Feature","id":"2774908","properties":{"period":"2026-03","date":"25/03/2026","hour":"14:17","type":"COLISAO","turn":"TARDE","roadType":"VIAS URBANAS","street":"AVENIDA SALINAS","fatal":false,"fatalVictims":0,"seriousVictims":0,"pedestrian":0,"bicycle":0,"motorcycle":1,"automobile":1,"bus":0,"truck":0,"resourceId":"50ff2517-de3a-4ccf-9846-1edbc79fff3e"},"geometry":{"type":"Point","coordinates":[-45.8894822,-23.2467975]}},{"type":"Feature","id":"2767429","properties":{"period":"2026-03","date":"28/03/2026","hour":"12:12","type":"COLISAO","turn":"TARDE","roadType":"VIAS URBANAS","street":"AVENIDA COMENDADOR VICENTE DE PAULO PENIDO","fatal":false,"fatalVictims":0,"seriousVictims":0,"pedestrian":0,"bicycle":0,"motorcycle":1,"automobile":2,"bus":0,"truck":0,"resourceId":"50ff2517-de3a-4ccf-9846-1edbc79fff3e"},"geometry":{"type":"Point","coordinates":[-45.9033492,-23.2185319]}},{"type":"Feature","id":"2770355","properties":{"period":"2026-03","date":"18/03/2026","hour":"23:33","type":"COLISAO","turn":"NOITE","roadType":"VIAS URBANAS","street":"AVENIDA GENERAL MOTORS","fatal":false,"fatalVictims":0,"seriousVictims":1,"pedestrian":0,"bicycle":0,"motorcycle":1,"automobile":1,"bus":0,"truck":0,"resourceId":"50ff2517-de3a-4ccf-9846-1edbc79fff3e"},"geometry":{"type":"Point","coordinates":[-45.8112617,-23.1645679]}},{"type":"Feature","id":"2776879","properties":{"period":"2026-03","date":"18/03/2026","hour":"08:10","type":"COLISAO","turn":"MANHA","roadType":"ESTRADAS E RODOVIAS","street":"BR 116","fatal":false,"fatalVictims":0,"seriousVictims":0,"pedestrian":0,"bicycle":0,"motorcycle":1,"automobile":0,"bus":0,"truck":2,"resourceId":"50ff2517-de3a-4ccf-9846-1edbc79fff3e"},"geometry":{"type":"Point","coordinates":[-45.7688280881,-23.1438137088]}},{"type":"Feature","id":"2770017","properties":{"period":"2026-03","date":"20/03/2026","hour":"20:57","type":"OUTROS","turn":"NOITE","roadType":"VIAS URBANAS","street":"RUA NELSON CESAR DE OLIVEIRA","fatal":false,"fatalVictims":0,"seriousVictims":0,"pedestrian":0,"bicycle":0,"motorcycle":0,"automobile":0,"bus":0,"truck":0,"resourceId":"50ff2517-de3a-4ccf-9846-1edbc79fff3e"},"geometry":{"type":"Point","coordinates":[-45.9214945,-23.2279809]}},{"type":"Feature","id":"2773783","properties":{"period":"2026-03","date":"23/03/2026","hour":"00:25","type":"NAO DISPONIVEL","turn":"MADRUGADA","roadType":"VIAS URBANAS","street":"AVENIDA JOSE MARTINS FERREIRA","fatal":false,"fatalVictims":0,"seriousVictims":0,"pedestrian":0,"bicycle":0,"motorcycle":1,"automobile":0,"bus":0,"truck":0,"resourceId":"50ff2517-de3a-4ccf-9846-1edbc79fff3e"},"geometry":{"type":"Point","coordinates":[-45.8156873,-23.2178183]}},{"type":"Feature","id":"2776662","properties":{"period":"2026-03","date":"24/03/2026","hour":"13:34","type":"NAO DISPONIVEL","turn":"TARDE","roadType":"VIAS URBANAS","street":"AVENIDA DOS CEGONHEIROS","fatal":false,"fatalVictims":0,"seriousVictims":0,"pedestrian":0,"bicycle":0,"motorcycle":0,"automobile":0,"bus":0,"truck":0,"resourceId":"50ff2517-de3a-4ccf-9846-1edbc79fff3e"},"geometry":{"type":"Point","coordinates":[-45.8357322,-23.1709283]}},{"type":"Feature","id":"2774993","properties":{"period":"2026-03","date":"25/03/2026","hour":"08:05","type":"COLISAO","turn":"MANHA","roadType":"VIAS URBANAS","street":"AVENIDA CIDADE JARDIM","fatal":false,"fatalVictims":0,"seriousVictims":0,"pedestrian":0,"bicycle":0,"motorcycle":1,"automobile":0,"bus":0,"truck":1,"resourceId":"50ff2517-de3a-4ccf-9846-1edbc79fff3e"},"geometry":{"type":"Point","coordinates":[-45.8853083,-23.2518347]}},{"type":"Feature","id":"2774046","properties":{"period":"2026-03","date":"26/03/2026","hour":"12:41","type":"COLISAO","turn":"TARDE","roadType":"VIAS URBANAS","street":"RUA MAURICIO CARDOSO","fatal":false,"fatalVictims":0,"seriousVictims":0,"pedestrian":0,"bicycle":0,"motorcycle":0,"automobile":0,"bus":0,"truck":0,"resourceId":"50ff2517-de3a-4ccf-9846-1edbc79fff3e"},"geometry":{"type":"Point","coordinates":[-45.8954746,-23.249981]}},{"type":"Feature","id":"2766858","properties":{"period":"2026-03","date":"28/03/2026","hour":"00:00","type":"OUTROS","turn":"MADRUGADA","roadType":"ESTRADAS E RODOVIAS","street":"SP 066","fatal":true,"fatalVictims":1,"seriousVictims":0,"pedestrian":0,"bicycle":0,"motorcycle":1,"automobile":0,"bus":0,"truck":0,"resourceId":"50ff2517-de3a-4ccf-9846-1edbc79fff3e"},"geometry":{"type":"Point","coordinates":[-45.9009854799,-23.2230876132]}},{"type":"Feature","id":"2771937","properties":{"period":"2026-03","date":"28/03/2026","hour":"23:49","type":"COLISAO","turn":"NOITE","roadType":"VIAS URBANAS","street":"AVENIDA PRINCESA ISABEL","fatal":false,"fatalVictims":0,"seriousVictims":0,"pedestrian":0,"bicycle":0,"motorcycle":0,"automobile":0,"bus":0,"truck":0,"resourceId":"50ff2517-de3a-4ccf-9846-1edbc79fff3e"},"geometry":{"type":"Point","coordinates":[-45.8950012,-23.1578192]}},{"type":"Feature","id":"2775232","properties":{"period":"2026-03","date":"28/03/2026","hour":"00:11","type":"COLISAO","turn":"MADRUGADA","roadType":"VIAS URBANAS","street":"AVENIDA DOS EVANGELICOS","fatal":false,"fatalVictims":0,"seriousVictims":0,"pedestrian":0,"bicycle":0,"motorcycle":1,"automobile":0,"bus":0,"truck":0,"resourceId":"50ff2517-de3a-4ccf-9846-1edbc79fff3e"},"geometry":{"type":"Point","coordinates":[-45.8888988,-23.269244]}},{"type":"Feature","id":"2771825","properties":{"period":"2026-03","date":"21/03/2026","hour":"18:26","type":"NAO DISPONIVEL","turn":"NOITE","roadType":"VIAS URBANAS","street":"VIADUTO RAQUEL MARCONDES","fatal":false,"fatalVictims":0,"seriousVictims":0,"pedestrian":0,"bicycle":0,"motorcycle":0,"automobile":0,"bus":0,"truck":0,"resourceId":"50ff2517-de3a-4ccf-9846-1edbc79fff3e"},"geometry":{"type":"Point","coordinates":[-45.8795187,-23.1867983]}},{"type":"Feature","id":"2774470","properties":{"period":"2026-03","date":"24/03/2026","hour":"07:54","type":"OUTROS","turn":"MANHA","roadType":"VIAS URBANAS","street":"RUA JOSE BORGES SOBRINHO","fatal":false,"fatalVictims":0,"seriousVictims":0,"pedestrian":0,"bicycle":0,"motorcycle":0,"automobile":0,"bus":0,"truck":0,"resourceId":"50ff2517-de3a-4ccf-9846-1edbc79fff3e"},"geometry":{"type":"Point","coordinates":[-45.9199182,-23.162008]}},{"type":"Feature","id":"2777195","properties":{"period":"2026-03","date":"26/03/2026","hour":"18:40","type":"COLISAO","turn":"NOITE","roadType":"ESTRADAS E RODOVIAS","street":"BR 116","fatal":false,"fatalVictims":0,"seriousVictims":0,"pedestrian":0,"bicycle":0,"motorcycle":1,"automobile":1,"bus":0,"truck":0,"resourceId":"50ff2517-de3a-4ccf-9846-1edbc79fff3e"},"geometry":{"type":"Point","coordinates":[-45.8744528945,-23.1967197687]}},{"type":"Feature","id":"2774472","properties":{"period":"2026-03","date":"28/03/2026","hour":"13:20","type":"COLISAO","turn":"TARDE","roadType":"ESTRADAS E RODOVIAS","street":"BR 116","fatal":false,"fatalVictims":0,"seriousVictims":0,"pedestrian":0,"bicycle":0,"motorcycle":1,"automobile":1,"bus":0,"truck":0,"resourceId":"50ff2517-de3a-4ccf-9846-1edbc79fff3e"},"geometry":{"type":"Point","coordinates":[-45.8391757632,-23.1792563135]}},{"type":"Feature","id":"2768311","properties":{"period":"2026-03","date":"29/03/2026","hour":"10:55","type":"NAO DISPONIVEL","turn":"MANHA","roadType":"VIAS URBANAS","street":"AVENIDA JOAO RODOLFO CASTELLI","fatal":false,"fatalVictims":0,"seriousVictims":0,"pedestrian":0,"bicycle":0,"motorcycle":0,"automobile":0,"bus":0,"truck":0,"resourceId":"50ff2517-de3a-4ccf-9846-1edbc79fff3e"},"geometry":{"type":"Point","coordinates":[-45.823379,-23.24921]}},{"type":"Feature","id":"2774000","properties":{"period":"2026-03","date":"29/03/2026","hour":"21:31","type":"OUTROS","turn":"NOITE","roadType":"VIAS URBANAS","street":"ESTRADA MUNICIPAL JOAO DE PAULA","fatal":false,"fatalVictims":0,"seriousVictims":0,"pedestrian":0,"bicycle":0,"motorcycle":0,"automobile":0,"bus":0,"truck":0,"resourceId":"50ff2517-de3a-4ccf-9846-1edbc79fff3e"},"geometry":{"type":"Point","coordinates":[-45.8942229,-23.2303071]}},{"type":"Feature","id":"2767884","properties":{"period":"2026-03","date":"31/03/2026","hour":"19:11","type":"OUTROS","turn":"NOITE","roadType":"VIAS URBANAS","street":"RUA CARLOS MARIA AURICCHIO","fatal":false,"fatalVictims":0,"seriousVictims":0,"pedestrian":0,"bicycle":0,"motorcycle":0,"automobile":3,"bus":0,"truck":0,"resourceId":"50ff2517-de3a-4ccf-9846-1edbc79fff3e"},"geometry":{"type":"Point","coordinates":[-45.9080853,-23.2258886]}},{"type":"Feature","id":"2775742","properties":{"period":"2026-03","date":"31/03/2026","hour":"11:10","type":"ATROPELAMENTO","turn":"MANHA","roadType":"VIAS URBANAS","street":"RUA BACABAL","fatal":false,"fatalVictims":0,"seriousVictims":0,"pedestrian":1,"bicycle":0,"motorcycle":0,"automobile":1,"bus":0,"truck":0,"resourceId":"50ff2517-de3a-4ccf-9846-1edbc79fff3e"},"geometry":{"type":"Point","coordinates":[-45.90139,-23.2295739]}},{"type":"Feature","id":"2769860","properties":{"period":"2026-03","date":"31/03/2026","hour":"19:50","type":"CHOQUE","turn":"NOITE","roadType":"VIAS URBANAS","street":"SP 070","fatal":false,"fatalVictims":0,"seriousVictims":0,"pedestrian":0,"bicycle":0,"motorcycle":0,"automobile":1,"bus":0,"truck":0,"resourceId":"50ff2517-de3a-4ccf-9846-1edbc79fff3e"},"geometry":{"type":"Point","coordinates":[-45.8086529,-23.2629792]}},{"type":"Feature","id":"2768944","properties":{"period":"2026-03","date":"29/03/2026","hour":"12:01","type":"NAO DISPONIVEL","turn":"TARDE","roadType":"VIAS URBANAS","street":"AVENIDA JOAO RODOLFO CASTELLI","fatal":false,"fatalVictims":0,"seriousVictims":0,"pedestrian":0,"bicycle":0,"motorcycle":0,"automobile":0,"bus":0,"truck":0,"resourceId":"50ff2517-de3a-4ccf-9846-1edbc79fff3e"},"geometry":{"type":"Point","coordinates":[-45.823379,-23.24921]}},{"type":"Feature","id":"2776902","properties":{"period":"2026-03","date":"30/03/2026","hour":"18:00","type":"OUTROS","turn":"NOITE","roadType":"ESTRADAS E RODOVIAS","street":"BR 116","fatal":false,"fatalVictims":0,"seriousVictims":0,"pedestrian":0,"bicycle":0,"motorcycle":1,"automobile":0,"bus":0,"truck":0,"resourceId":"50ff2517-de3a-4ccf-9846-1edbc79fff3e"},"geometry":{"type":"Point","coordinates":[-45.9400313332,-23.2528542621]}},{"type":"Feature","id":"2775712","properties":{"period":"2026-03","date":"30/03/2026","hour":"07:21","type":"NAO DISPONIVEL","turn":"MANHA","roadType":"VIAS URBANAS","street":"RUA SAIGIRO NAKAMURA","fatal":false,"fatalVictims":0,"seriousVictims":0,"pedestrian":0,"bicycle":0,"motorcycle":0,"automobile":0,"bus":0,"truck":0,"resourceId":"50ff2517-de3a-4ccf-9846-1edbc79fff3e"},"geometry":{"type":"Point","coordinates":[-45.855122,-23.1814909]}},{"type":"Feature","id":"2774649","properties":{"period":"2026-03","date":"30/03/2026","hour":"12:31","type":"COLISAO","turn":"TARDE","roadType":"VIAS URBANAS","street":"RUA JOAO GALDINO DOS SANTOS","fatal":false,"fatalVictims":0,"seriousVictims":0,"pedestrian":0,"bicycle":1,"motorcycle":2,"automobile":0,"bus":0,"truck":0,"resourceId":"50ff2517-de3a-4ccf-9846-1edbc79fff3e"},"geometry":{"type":"Point","coordinates":[-45.9121083,-23.1472973]}},{"type":"Feature","id":"2768145","properties":{"period":"2026-03","date":"31/03/2026","hour":"19:03","type":"COLISAO","turn":"NOITE","roadType":"VIAS URBANAS","street":"RUA WINSTON CHURCHILL","fatal":false,"fatalVictims":0,"seriousVictims":0,"pedestrian":0,"bicycle":0,"motorcycle":1,"automobile":1,"bus":0,"truck":0,"resourceId":"50ff2517-de3a-4ccf-9846-1edbc79fff3e"},"geometry":{"type":"Point","coordinates":[-45.9200072,-23.2181036]}},{"type":"Feature","id":"2776633","properties":{"period":"2026-03","date":"31/03/2026","hour":"12:57","type":"NAO DISPONIVEL","turn":"TARDE","roadType":"VIAS URBANAS","street":"AVENIDA DEPUTADO BENEDITO MATARAZZO","fatal":false,"fatalVictims":0,"seriousVictims":0,"pedestrian":0,"bicycle":0,"motorcycle":0,"automobile":0,"bus":0,"truck":0,"resourceId":"50ff2517-de3a-4ccf-9846-1edbc79fff3e"},"geometry":{"type":"Point","coordinates":[-45.8813349,-23.1995944]}},{"type":"Feature","id":"2770131","properties":{"period":"2026-03","date":"29/03/2026","hour":"14:58","type":"COLISAO","turn":"TARDE","roadType":"VIAS URBANAS","street":"RUA DOUTOR PEDRO LUIZ DE OLIVEIRA COSTA","fatal":false,"fatalVictims":0,"seriousVictims":0,"pedestrian":0,"bicycle":0,"motorcycle":0,"automobile":1,"bus":0,"truck":0,"resourceId":"50ff2517-de3a-4ccf-9846-1edbc79fff3e"},"geometry":{"type":"Point","coordinates":[-45.9442909,-23.2481929]}},{"type":"Feature","id":"2769465","properties":{"period":"2026-03","date":"31/03/2026","hour":"22:13","type":"COLISAO","turn":"NOITE","roadType":"VIAS URBANAS","street":"AVENIDA DOUTOR SEBASTIAO HENRIQUE DA CUNHA PONTES","fatal":false,"fatalVictims":0,"seriousVictims":0,"pedestrian":0,"bicycle":0,"motorcycle":1,"automobile":1,"bus":0,"truck":0,"resourceId":"50ff2517-de3a-4ccf-9846-1edbc79fff3e"},"geometry":{"type":"Point","coordinates":[-45.9078679,-23.2288496]}},{"type":"Feature","id":"2768973","properties":{"period":"2026-03","date":"29/03/2026","hour":"12:11","type":"NAO DISPONIVEL","turn":"TARDE","roadType":"VIAS URBANAS","street":"RUA SAIGIRO NAKAMURA","fatal":false,"fatalVictims":0,"seriousVictims":0,"pedestrian":0,"bicycle":0,"motorcycle":0,"automobile":0,"bus":0,"truck":0,"resourceId":"50ff2517-de3a-4ccf-9846-1edbc79fff3e"},"geometry":{"type":"Point","coordinates":[-45.855122,-23.1814909]}},{"type":"Feature","id":"2774916","properties":{"period":"2026-03","date":"30/03/2026","hour":"06:30","type":"OUTROS","turn":"MANHA","roadType":"ESTRADAS E RODOVIAS","street":"BR 116","fatal":false,"fatalVictims":0,"seriousVictims":0,"pedestrian":0,"bicycle":0,"motorcycle":0,"automobile":2,"bus":0,"truck":1,"resourceId":"50ff2517-de3a-4ccf-9846-1edbc79fff3e"},"geometry":{"type":"Point","coordinates":[-45.8128522953,-23.1658508086]}},{"type":"Feature","id":"2772676","properties":{"period":"2026-03","date":"31/03/2026","hour":"09:44","type":"COLISAO","turn":"MANHA","roadType":"VIAS URBANAS","street":"RUA MARCELO CUNHA FRAHYA","fatal":false,"fatalVictims":0,"seriousVictims":1,"pedestrian":0,"bicycle":0,"motorcycle":2,"automobile":0,"bus":0,"truck":0,"resourceId":"50ff2517-de3a-4ccf-9846-1edbc79fff3e"},"geometry":{"type":"Point","coordinates":[-45.8985806,-23.2717093]}},{"type":"Feature","id":"2772772","properties":{"period":"2026-03","date":"31/03/2026","hour":"06:04","type":"COLISAO","turn":"MANHA","roadType":"VIAS URBANAS","street":"AVENIDA GEORGE EASTMAN","fatal":false,"fatalVictims":0,"seriousVictims":0,"pedestrian":0,"bicycle":0,"motorcycle":0,"automobile":0,"bus":0,"truck":0,"resourceId":"50ff2517-de3a-4ccf-9846-1edbc79fff3e"},"geometry":{"type":"Point","coordinates":[-45.9186772,-23.2495844]}},{"type":"Feature","id":"2777654","properties":{"period":"2026-03","date":"31/03/2026","hour":"17:31","type":"OUTROS","turn":"TARDE","roadType":"VIAS URBANAS","street":"RUA PALOMA CINTIA SANTOS DE OLIVEIRA","fatal":false,"fatalVictims":0,"seriousVictims":0,"pedestrian":0,"bicycle":0,"motorcycle":0,"automobile":0,"bus":0,"truck":0,"resourceId":"50ff2517-de3a-4ccf-9846-1edbc79fff3e"},"geometry":{"type":"Point","coordinates":[-45.8900722,-23.2723113]}},{"type":"Feature","id":"2774125","properties":{"period":"2026-03","date":"29/03/2026","hour":"21:26","type":"COLISAO","turn":"NOITE","roadType":"VIAS URBANAS","street":"ESTRADA JOEL DE PAULA","fatal":false,"fatalVictims":0,"seriousVictims":0,"pedestrian":0,"bicycle":0,"motorcycle":0,"automobile":0,"bus":0,"truck":0,"resourceId":"50ff2517-de3a-4ccf-9846-1edbc79fff3e"},"geometry":{"type":"Point","coordinates":[-45.7831419,-23.1512601]}},{"type":"Feature","id":"2766859","properties":{"period":"2026-03","date":"30/03/2026","hour":"06:00","type":"OUTROS","turn":"MANHA","roadType":"ESTRADAS E RODOVIAS","street":"BR 116","fatal":true,"fatalVictims":2,"seriousVictims":0,"pedestrian":0,"bicycle":0,"motorcycle":1,"automobile":1,"bus":0,"truck":0,"resourceId":"50ff2517-de3a-4ccf-9846-1edbc79fff3e"},"geometry":{"type":"Point","coordinates":[-45.7811349286,-23.1500164613]}},{"type":"Feature","id":"2770938","properties":{"period":"2026-03","date":"29/03/2026","hour":"17:40","type":"ATROPELAMENTO","turn":"TARDE","roadType":"VIAS URBANAS","street":"RUA ARCILIO MOREIRA DA SILVA","fatal":false,"fatalVictims":0,"seriousVictims":0,"pedestrian":0,"bicycle":0,"motorcycle":0,"automobile":0,"bus":0,"truck":0,"resourceId":"50ff2517-de3a-4ccf-9846-1edbc79fff3e"},"geometry":{"type":"Point","coordinates":[-45.9000717,-23.2612299]}},{"type":"Feature","id":"2776460","properties":{"period":"2026-03","date":"31/03/2026","hour":"13:29","type":"OUTROS","turn":"TARDE","roadType":"VIAS URBANAS","street":"AVENIDA ANDROMEDA","fatal":false,"fatalVictims":0,"seriousVictims":0,"pedestrian":0,"bicycle":0,"motorcycle":0,"automobile":0,"bus":0,"truck":0,"resourceId":"50ff2517-de3a-4ccf-9846-1edbc79fff3e"},"geometry":{"type":"Point","coordinates":[-45.8857622,-23.2463916]}},{"type":"Feature","id":"2769620","properties":{"period":"2026-04","date":"04/04/2026","hour":"15:40","type":"COLISAO","turn":"TARDE","roadType":"ESTRADAS E RODOVIAS","street":"SP 099","fatal":false,"fatalVictims":0,"seriousVictims":0,"pedestrian":0,"bicycle":0,"motorcycle":1,"automobile":1,"bus":0,"truck":0,"resourceId":"a6e63f6e-0029-4dd6-8dda-757539fbaa1b"},"geometry":{"type":"Point","coordinates":[-45.8284335496,-23.2621425128]}},{"type":"Feature","id":"2772766","properties":{"period":"2026-04","date":"02/04/2026","hour":"09:06","type":"COLISAO","turn":"MANHA","roadType":"VIAS URBANAS","street":"AVENIDA DEPUTADO BENEDITO MATARAZZO","fatal":false,"fatalVictims":0,"seriousVictims":0,"pedestrian":0,"bicycle":0,"motorcycle":1,"automobile":1,"bus":0,"truck":0,"resourceId":"a6e63f6e-0029-4dd6-8dda-757539fbaa1b"},"geometry":{"type":"Point","coordinates":[-45.913534,-23.2315606]}},{"type":"Feature","id":"2769599","properties":{"period":"2026-04","date":"03/04/2026","hour":"14:55","type":"CHOQUE","turn":"TARDE","roadType":"VIAS URBANAS","street":"RUA ROMA","fatal":false,"fatalVictims":0,"seriousVictims":1,"pedestrian":0,"bicycle":0,"motorcycle":1,"automobile":0,"bus":0,"truck":0,"resourceId":"a6e63f6e-0029-4dd6-8dda-757539fbaa1b"},"geometry":{"type":"Point","coordinates":[-45.8824791,-23.1977544]}},{"type":"Feature","id":"2771424","properties":{"period":"2026-04","date":"03/04/2026","hour":"21:05","type":"COLISAO","turn":"NOITE","roadType":"VIAS URBANAS","street":"AVENIDA PRESIDENTE TANCREDO NEVES","fatal":false,"fatalVictims":0,"seriousVictims":0,"pedestrian":0,"bicycle":0,"motorcycle":0,"automobile":1,"bus":0,"truck":0,"resourceId":"a6e63f6e-0029-4dd6-8dda-757539fbaa1b"},"geometry":{"type":"Point","coordinates":[-45.8107099,-23.1815649]}},{"type":"Feature","id":"2777134","properties":{"period":"2026-04","date":"07/04/2026","hour":"13:52","type":"CHOQUE","turn":"TARDE","roadType":"VIAS URBANAS","street":"DOS TAMOIOS","fatal":false,"fatalVictims":0,"seriousVictims":0,"pedestrian":0,"bicycle":0,"motorcycle":1,"automobile":0,"bus":0,"truck":0,"resourceId":"a6e63f6e-0029-4dd6-8dda-757539fbaa1b"},"geometry":{"type":"Point","coordinates":[-45.8819961,-23.2158601]}},{"type":"Feature","id":"2777322","properties":{"period":"2026-04","date":"02/04/2026","hour":"13:54","type":"COLISAO","turn":"TARDE","roadType":"VIAS URBANAS","street":"VIADUTO SANTA INES","fatal":false,"fatalVictims":0,"seriousVictims":0,"pedestrian":0,"bicycle":0,"motorcycle":1,"automobile":1,"bus":0,"truck":0,"resourceId":"a6e63f6e-0029-4dd6-8dda-757539fbaa1b"},"geometry":{"type":"Point","coordinates":[-45.8045336,-23.1613457]}},{"type":"Feature","id":"2771225","properties":{"period":"2026-04","date":"03/04/2026","hour":"20:26","type":"COLISAO","turn":"NOITE","roadType":"VIAS URBANAS","street":"AVENIDA FLORESTAN FERNANDES","fatal":false,"fatalVictims":0,"seriousVictims":0,"pedestrian":0,"bicycle":0,"motorcycle":1,"automobile":1,"bus":0,"truck":0,"resourceId":"a6e63f6e-0029-4dd6-8dda-757539fbaa1b"},"geometry":{"type":"Point","coordinates":[-45.8847566,-23.1975899]}},{"type":"Feature","id":"2772896","properties":{"period":"2026-04","date":"03/04/2026","hour":"04:36","type":"CHOQUE","turn":"MADRUGADA","roadType":"VIAS URBANAS","street":"RUA ALZIRO LEBRAO","fatal":false,"fatalVictims":0,"seriousVictims":0,"pedestrian":0,"bicycle":0,"motorcycle":0,"automobile":1,"bus":0,"truck":0,"resourceId":"a6e63f6e-0029-4dd6-8dda-757539fbaa1b"},"geometry":{"type":"Point","coordinates":[-45.9013383,-23.1537243]}},{"type":"Feature","id":"2770325","properties":{"period":"2026-04","date":"07/04/2026","hour":"22:09","type":"COLISAO","turn":"NOITE","roadType":"VIAS URBANAS","street":"AVENIDA AGENOR ALVES DOS SANTOS","fatal":false,"fatalVictims":0,"seriousVictims":0,"pedestrian":0,"bicycle":0,"motorcycle":1,"automobile":0,"bus":0,"truck":0,"resourceId":"a6e63f6e-0029-4dd6-8dda-757539fbaa1b"},"geometry":{"type":"Point","coordinates":[-45.7736669,-23.1368015]}},{"type":"Feature","id":"2775776","properties":{"period":"2026-04","date":"08/04/2026","hour":"09:29","type":"OUTROS","turn":"MANHA","roadType":"ESTRADAS E RODOVIAS","street":"BR 116","fatal":false,"fatalVictims":0,"seriousVictims":0,"pedestrian":0,"bicycle":0,"motorcycle":0,"automobile":0,"bus":0,"truck":0,"resourceId":"a6e63f6e-0029-4dd6-8dda-757539fbaa1b"},"geometry":{"type":"Point","coordinates":[-45.7953084671,-23.1569030265]}},{"type":"Feature","id":"2776102","properties":{"period":"2026-04","date":"06/04/2026","hour":"15:27","type":"COLISAO","turn":"TARDE","roadType":"VIAS URBANAS","street":"AVENIDA PRESIDENTE TANCREDO NEVES","fatal":false,"fatalVictims":0,"seriousVictims":0,"pedestrian":0,"bicycle":0,"motorcycle":0,"automobile":1,"bus":0,"truck":1,"resourceId":"a6e63f6e-0029-4dd6-8dda-757539fbaa1b"},"geometry":{"type":"Point","coordinates":[-45.8085019,-23.1832367]}},{"type":"Feature","id":"2782263","properties":{"period":"2026-04","date":"04/04/2026","hour":"20:15","type":"COLISAO","turn":"NOITE","roadType":"VIAS URBANAS","street":"AVENIDA PRINCESA ISABEL","fatal":false,"fatalVictims":0,"seriousVictims":0,"pedestrian":0,"bicycle":0,"motorcycle":2,"automobile":0,"bus":0,"truck":0,"resourceId":"a6e63f6e-0029-4dd6-8dda-757539fbaa1b"},"geometry":{"type":"Point","coordinates":[-45.893889,-23.1606021]}},{"type":"Feature","id":"2768084","properties":{"period":"2026-04","date":"01/04/2026","hour":"19:01","type":"COLISAO","turn":"NOITE","roadType":"VIAS URBANAS","street":"RUA DANILO EDUARDO RIOS RAMOS","fatal":false,"fatalVictims":0,"seriousVictims":0,"pedestrian":0,"bicycle":0,"motorcycle":1,"automobile":1,"bus":0,"truck":0,"resourceId":"a6e63f6e-0029-4dd6-8dda-757539fbaa1b"},"geometry":{"type":"Point","coordinates":[-45.7898691,-23.1764843]}},{"type":"Feature","id":"2774459","properties":{"period":"2026-04","date":"02/04/2026","hour":"13:01","type":"COLISAO","turn":"TARDE","roadType":"VIAS URBANAS","street":"RUA IPIAU","fatal":false,"fatalVictims":0,"seriousVictims":0,"pedestrian":0,"bicycle":0,"motorcycle":1,"automobile":2,"bus":0,"truck":0,"resourceId":"a6e63f6e-0029-4dd6-8dda-757539fbaa1b"},"geometry":{"type":"Point","coordinates":[-45.8864729,-23.2311918]}},{"type":"Feature","id":"2776211","properties":{"period":"2026-04","date":"05/04/2026","hour":"09:32","type":"COLISAO","turn":"MANHA","roadType":"VIAS URBANAS","street":"RUA GENESIA BERARDINELLI TARANTINO","fatal":false,"fatalVictims":0,"seriousVictims":0,"pedestrian":0,"bicycle":0,"motorcycle":1,"automobile":1,"bus":0,"truck":0,"resourceId":"a6e63f6e-0029-4dd6-8dda-757539fbaa1b"},"geometry":{"type":"Point","coordinates":[-45.8786325,-23.1887604]}},{"type":"Feature","id":"2769054","properties":{"period":"2026-04","date":"04/04/2026","hour":"15:52","type":"COLISAO","turn":"TARDE","roadType":"VIAS URBANAS","street":"RUA DOS LIRIOS","fatal":false,"fatalVictims":0,"seriousVictims":0,"pedestrian":0,"bicycle":0,"motorcycle":1,"automobile":1,"bus":0,"truck":0,"resourceId":"a6e63f6e-0029-4dd6-8dda-757539fbaa1b"},"geometry":{"type":"Point","coordinates":[-45.8187707,-23.1741617]}},{"type":"Feature","id":"2781422","properties":{"period":"2026-04","date":"09/04/2026","hour":"02:25","type":"COLISAO","turn":"MADRUGADA","roadType":"VIAS URBANAS","street":"RUA HUMAITA","fatal":false,"fatalVictims":0,"seriousVictims":1,"pedestrian":0,"bicycle":0,"motorcycle":1,"automobile":1,"bus":0,"truck":0,"resourceId":"a6e63f6e-0029-4dd6-8dda-757539fbaa1b"},"geometry":{"type":"Point","coordinates":[-45.8871111,-23.1892583]}},{"type":"Feature","id":"2779385","properties":{"period":"2026-04","date":"20/04/2026","hour":"17:39","type":"CHOQUE","turn":"TARDE","roadType":"VIAS URBANAS","street":"AVENIDA JOSE DE RESENDE","fatal":false,"fatalVictims":0,"seriousVictims":0,"pedestrian":0,"bicycle":0,"motorcycle":0,"automobile":1,"bus":1,"truck":0,"resourceId":"a6e63f6e-0029-4dd6-8dda-757539fbaa1b"},"geometry":{"type":"Point","coordinates":[-45.8922723,-23.2503111]}},{"type":"Feature","id":"2784656","properties":{"period":"2026-04","date":"13/04/2026","hour":"09:41","type":"CHOQUE","turn":"MANHA","roadType":"VIAS URBANAS","street":"RUA AMANDA GABRIELE FRIGGI","fatal":false,"fatalVictims":0,"seriousVictims":0,"pedestrian":0,"bicycle":0,"motorcycle":0,"automobile":0,"bus":1,"truck":0,"resourceId":"a6e63f6e-0029-4dd6-8dda-757539fbaa1b"},"geometry":{"type":"Point","coordinates":[-45.8954816,-23.2924312]}},{"type":"Feature","id":"2778907","properties":{"period":"2026-04","date":"15/04/2026","hour":"18:04","type":"NAO DISPONIVEL","turn":"NOITE","roadType":"VIAS URBANAS","street":"MIRANTE DO ANEL VIARIO VILA ZELFA","fatal":false,"fatalVictims":0,"seriousVictims":0,"pedestrian":0,"bicycle":0,"motorcycle":1,"automobile":0,"bus":0,"truck":0,"resourceId":"a6e63f6e-0029-4dd6-8dda-757539fbaa1b"},"geometry":{"type":"Point","coordinates":[-45.8946444,-23.2088412]}},{"type":"Feature","id":"2783207","properties":{"period":"2026-04","date":"18/04/2026","hour":"22:35","type":"COLISAO","turn":"NOITE","roadType":"VIAS URBANAS","street":"AVENIDA ENGENHEIRO SEBASTIAO GUALBERTO","fatal":false,"fatalVictims":0,"seriousVictims":0,"pedestrian":0,"bicycle":0,"motorcycle":0,"automobile":0,"bus":0,"truck":0,"resourceId":"a6e63f6e-0029-4dd6-8dda-757539fbaa1b"},"geometry":{"type":"Point","coordinates":[-45.8813842,-23.1741069]}},{"type":"Feature","id":"2784578","properties":{"period":"2026-04","date":"10/04/2026","hour":"07:48","type":"COLISAO","turn":"MANHA","roadType":"VIAS URBANAS","street":"AVENIDA PRESIDENTE JUSCELINO KUBITSCHEK","fatal":false,"fatalVictims":0,"seriousVictims":1,"pedestrian":0,"bicycle":0,"motorcycle":0,"automobile":2,"bus":0,"truck":0,"resourceId":"a6e63f6e-0029-4dd6-8dda-757539fbaa1b"},"geometry":{"type":"Point","coordinates":[-45.84486,-23.1809704]}},{"type":"Feature","id":"2785515","properties":{"period":"2026-04","date":"13/04/2026","hour":"08:39","type":"COLISAO","turn":"MANHA","roadType":"VIAS URBANAS","street":"DOS TAMOIOS","fatal":false,"fatalVictims":0,"seriousVictims":0,"pedestrian":0,"bicycle":0,"motorcycle":1,"automobile":1,"bus":0,"truck":0,"resourceId":"a6e63f6e-0029-4dd6-8dda-757539fbaa1b"},"geometry":{"type":"Point","coordinates":[-45.8823898,-23.2075894]}},{"type":"Feature","id":"2786667","properties":{"period":"2026-04","date":"15/04/2026","hour":"16:41","type":"ATROPELAMENTO","turn":"TARDE","roadType":"VIAS URBANAS","street":"RUA MARIA PALMIRA FERREIRA IVO","fatal":false,"fatalVictims":0,"seriousVictims":0,"pedestrian":1,"bicycle":0,"motorcycle":0,"automobile":1,"bus":0,"truck":0,"resourceId":"a6e63f6e-0029-4dd6-8dda-757539fbaa1b"},"geometry":{"type":"Point","coordinates":[-45.887174,-23.2504424]}},{"type":"Feature","id":"2779057","properties":{"period":"2026-04","date":"11/04/2026","hour":"14:49","type":"COLISAO","turn":"TARDE","roadType":"VIAS URBANAS","street":"AVENIDA PEDRO FRIGGI","fatal":false,"fatalVictims":0,"seriousVictims":0,"pedestrian":0,"bicycle":0,"motorcycle":0,"automobile":0,"bus":0,"truck":0,"resourceId":"a6e63f6e-0029-4dd6-8dda-757539fbaa1b"},"geometry":{"type":"Point","coordinates":[-45.832482,-23.180185]}},{"type":"Feature","id":"2782689","properties":{"period":"2026-04","date":"12/04/2026","hour":"19:17","type":"ATROPELAMENTO","turn":"NOITE","roadType":"VIAS URBANAS","street":"RUA HILARIO SANTANA","fatal":false,"fatalVictims":0,"seriousVictims":1,"pedestrian":5,"bicycle":0,"motorcycle":0,"automobile":1,"bus":0,"truck":0,"resourceId":"a6e63f6e-0029-4dd6-8dda-757539fbaa1b"},"geometry":{"type":"Point","coordinates":[-45.8476031,-23.2140465]}},{"type":"Feature","id":"2785110","properties":{"period":"2026-04","date":"10/04/2026","hour":"09:01","type":"COLISAO","turn":"MANHA","roadType":"VIAS URBANAS","street":"AVENIDA CESARE MONSUETO GIULIO LATTES","fatal":false,"fatalVictims":0,"seriousVictims":0,"pedestrian":0,"bicycle":0,"motorcycle":0,"automobile":0,"bus":0,"truck":1,"resourceId":"a6e63f6e-0029-4dd6-8dda-757539fbaa1b"},"geometry":{"type":"Point","coordinates":[-45.7888909,-23.1586354]}},{"type":"Feature","id":"2785781","properties":{"period":"2026-04","date":"12/04/2026","hour":"02:52","type":"COLISAO","turn":"MADRUGADA","roadType":"VIAS URBANAS","street":"PRACA PRIMEIRO DE MAIO","fatal":false,"fatalVictims":0,"seriousVictims":0,"pedestrian":0,"bicycle":0,"motorcycle":1,"automobile":1,"bus":0,"truck":0,"resourceId":"a6e63f6e-0029-4dd6-8dda-757539fbaa1b"},"geometry":{"type":"Point","coordinates":[-45.7861512,-23.1964875]}},{"type":"Feature","id":"2780828","properties":{"period":"2026-04","date":"14/04/2026","hour":"22:03","type":"CHOQUE","turn":"NOITE","roadType":"VIAS URBANAS","street":"AVENIDA JORGE ZARUR","fatal":false,"fatalVictims":0,"seriousVictims":0,"pedestrian":0,"bicycle":0,"motorcycle":0,"automobile":1,"bus":0,"truck":0,"resourceId":"a6e63f6e-0029-4dd6-8dda-757539fbaa1b"},"geometry":{"type":"Point","coordinates":[-45.9042414,-23.2072848]}},{"type":"Feature","id":"2779158","properties":{"period":"2026-04","date":"15/04/2026","hour":"18:15","type":"ATROPELAMENTO","turn":"NOITE","roadType":"VIAS URBANAS","street":"RUA JOSE ALVES DOS SANTOS","fatal":false,"fatalVictims":0,"seriousVictims":0,"pedestrian":1,"bicycle":0,"motorcycle":1,"automobile":0,"bus":0,"truck":0,"resourceId":"a6e63f6e-0029-4dd6-8dda-757539fbaa1b"},"geometry":{"type":"Point","coordinates":[-45.8888239,-23.2175379]}},{"type":"Feature","id":"2780846","properties":{"period":"2026-04","date":"15/04/2026","hour":"22:04","type":"COLISAO","turn":"NOITE","roadType":"VIAS URBANAS","street":"ESTRADA MUNICIPAL JOAQUIM GONCALVES DA SILVA","fatal":false,"fatalVictims":0,"seriousVictims":0,"pedestrian":0,"bicycle":0,"motorcycle":1,"automobile":1,"bus":0,"truck":0,"resourceId":"a6e63f6e-0029-4dd6-8dda-757539fbaa1b"},"geometry":{"type":"Point","coordinates":[-45.7899233,-23.1835362]}},{"type":"Feature","id":"2779441","properties":{"period":"2026-04","date":"19/04/2026","hour":"11:35","type":"COLISAO","turn":"MANHA","roadType":"VIAS URBANAS","street":"RUA LETICIA","fatal":false,"fatalVictims":0,"seriousVictims":0,"pedestrian":0,"bicycle":0,"motorcycle":1,"automobile":1,"bus":0,"truck":0,"resourceId":"a6e63f6e-0029-4dd6-8dda-757539fbaa1b"},"geometry":{"type":"Point","coordinates":[-45.8892508,-23.233923]}},{"type":"Feature","id":"2783395","properties":{"period":"2026-04","date":"11/04/2026","hour":"02:58","type":"NAO DISPONIVEL","turn":"MADRUGADA","roadType":"VIAS URBANAS","street":"AVENIDA RUI BARBOSA","fatal":false,"fatalVictims":0,"seriousVictims":0,"pedestrian":0,"bicycle":0,"motorcycle":1,"automobile":0,"bus":0,"truck":0,"resourceId":"a6e63f6e-0029-4dd6-8dda-757539fbaa1b"},"geometry":{"type":"Point","coordinates":[-45.9012905,-23.1548872]}},{"type":"Feature","id":"2783511","properties":{"period":"2026-04","date":"16/04/2026","hour":"07:30","type":"NAO DISPONIVEL","turn":"MANHA","roadType":"ESTRADAS E RODOVIAS","street":"SP 099","fatal":false,"fatalVictims":0,"seriousVictims":0,"pedestrian":0,"bicycle":0,"motorcycle":1,"automobile":0,"bus":0,"truck":0,"resourceId":"a6e63f6e-0029-4dd6-8dda-757539fbaa1b"},"geometry":{"type":"Point","coordinates":[-45.8142348546,-23.2724021101]}},{"type":"Feature","id":"2781416","properties":{"period":"2026-04","date":"19/04/2026","hour":"15:32","type":"COLISAO","turn":"TARDE","roadType":"VIAS URBANAS","street":"AVENIDA DOUTOR NELSON D'AVILA","fatal":false,"fatalVictims":0,"seriousVictims":0,"pedestrian":0,"bicycle":0,"motorcycle":1,"automobile":1,"bus":0,"truck":0,"resourceId":"a6e63f6e-0029-4dd6-8dda-757539fbaa1b"},"geometry":{"type":"Point","coordinates":[-45.8858018,-23.1964492]}},{"type":"Feature","id":"2780387","properties":{"period":"2026-04","date":"20/04/2026","hour":"18:09","type":"COLISAO","turn":"NOITE","roadType":"ESTRADAS E RODOVIAS","street":"SP 070","fatal":false,"fatalVictims":0,"seriousVictims":0,"pedestrian":0,"bicycle":0,"motorcycle":1,"automobile":1,"bus":0,"truck":0,"resourceId":"a6e63f6e-0029-4dd6-8dda-757539fbaa1b"},"geometry":{"type":"Point","coordinates":[-45.8086529,-23.2629792]}},{"type":"Feature","id":"2784832","properties":{"period":"2026-04","date":"10/04/2026","hour":"08:29","type":"COLISAO","turn":"MANHA","roadType":"VIAS URBANAS","street":"RUA MARTINS FONTES","fatal":false,"fatalVictims":0,"seriousVictims":0,"pedestrian":0,"bicycle":0,"motorcycle":1,"automobile":1,"bus":0,"truck":0,"resourceId":"a6e63f6e-0029-4dd6-8dda-757539fbaa1b"},"geometry":{"type":"Point","coordinates":[-45.8758312,-23.1807121]}},{"type":"Feature","id":"2785725","properties":{"period":"2026-04","date":"11/04/2026","hour":"07:23","type":"COLISAO","turn":"MANHA","roadType":"VIAS URBANAS","street":"AVENIDA ENGENHEIRO SEBASTIAO GUALBERTO","fatal":false,"fatalVictims":0,"seriousVictims":0,"pedestrian":0,"bicycle":0,"motorcycle":1,"automobile":1,"bus":0,"truck":0,"resourceId":"a6e63f6e-0029-4dd6-8dda-757539fbaa1b"},"geometry":{"type":"Point","coordinates":[-45.8893515,-23.1746146]}},{"type":"Feature","id":"2781727","properties":{"period":"2026-04","date":"11/04/2026","hour":"19:09","type":"ATROPELAMENTO","turn":"NOITE","roadType":"VIAS URBANAS","street":"RUA FAUZE DIMAS LUMUMBA GONCALVES","fatal":false,"fatalVictims":0,"seriousVictims":0,"pedestrian":1,"bicycle":0,"motorcycle":0,"automobile":0,"bus":0,"truck":0,"resourceId":"a6e63f6e-0029-4dd6-8dda-757539fbaa1b"},"geometry":{"type":"Point","coordinates":[-45.7945779,-23.1728331]}},{"type":"Feature","id":"2784670","properties":{"period":"2026-04","date":"09/04/2026","hour":"08:03","type":"COLISAO","turn":"MANHA","roadType":"VIAS URBANAS","street":"AVENIDA PRESIDENTE TANCREDO NEVES","fatal":false,"fatalVictims":0,"seriousVictims":0,"pedestrian":0,"bicycle":0,"motorcycle":1,"automobile":1,"bus":0,"truck":0,"resourceId":"a6e63f6e-0029-4dd6-8dda-757539fbaa1b"},"geometry":{"type":"Point","coordinates":[-45.8012405,-23.1843502]}},{"type":"Feature","id":"2783917","properties":{"period":"2026-04","date":"12/04/2026","hour":"23:51","type":"OUTROS","turn":"NOITE","roadType":"VIAS URBANAS","street":"RUA DOUTOR MARIO SAMPAIO MARTINS","fatal":false,"fatalVictims":0,"seriousVictims":1,"pedestrian":0,"bicycle":0,"motorcycle":1,"automobile":0,"bus":0,"truck":0,"resourceId":"a6e63f6e-0029-4dd6-8dda-757539fbaa1b"},"geometry":{"type":"Point","coordinates":[-45.8851219,-23.1958181]}},{"type":"Feature","id":"2782324","properties":{"period":"2026-04","date":"18/04/2026","hour":"18:50","type":"COLISAO","turn":"NOITE","roadType":"ESTRADAS E RODOVIAS","street":"SP 050","fatal":false,"fatalVictims":0,"seriousVictims":2,"pedestrian":0,"bicycle":0,"motorcycle":1,"automobile":1,"bus":0,"truck":0,"resourceId":"a6e63f6e-0029-4dd6-8dda-757539fbaa1b"},"geometry":{"type":"Point","coordinates":[-45.9152489242,-23.1132555466]}},{"type":"Feature","id":"2782128","properties":{"period":"2026-04","date":"18/04/2026","hour":"19:42","type":"ATROPELAMENTO","turn":"NOITE","roadType":"VIAS URBANAS","street":"AVENIDA BARBACENA","fatal":false,"fatalVictims":0,"seriousVictims":0,"pedestrian":1,"bicycle":0,"motorcycle":0,"automobile":0,"bus":0,"truck":0,"resourceId":"a6e63f6e-0029-4dd6-8dda-757539fbaa1b"},"geometry":{"type":"Point","coordinates":[-45.8543227,-23.1750395]}},{"type":"Feature","id":"2785132","properties":{"period":"2026-04","date":"09/04/2026","hour":"08:00","type":"OUTROS","turn":"MANHA","roadType":"ESTRADAS E RODOVIAS","street":"SP 099","fatal":false,"fatalVictims":0,"seriousVictims":0,"pedestrian":0,"bicycle":0,"motorcycle":1,"automobile":0,"bus":0,"truck":0,"resourceId":"a6e63f6e-0029-4dd6-8dda-757539fbaa1b"},"geometry":{"type":"Point","coordinates":[-45.799921019,-23.2900043382]}},{"type":"Feature","id":"2786671","properties":{"period":"2026-04","date":"15/04/2026","hour":"13:03","type":"COLISAO","turn":"TARDE","roadType":"VIAS URBANAS","street":"RUA ANAPOLIS","fatal":false,"fatalVictims":0,"seriousVictims":0,"pedestrian":0,"bicycle":0,"motorcycle":1,"automobile":1,"bus":0,"truck":0,"resourceId":"a6e63f6e-0029-4dd6-8dda-757539fbaa1b"},"geometry":{"type":"Point","coordinates":[-45.9020832,-23.2272815]}},{"type":"Feature","id":"2782742","properties":{"period":"2026-04","date":"16/04/2026","hour":"04:51","type":"ATROPELAMENTO","turn":"MADRUGADA","roadType":"VIAS URBANAS","street":"RUA JOSE LUIZ DE SIQUEIRA","fatal":false,"fatalVictims":0,"seriousVictims":0,"pedestrian":2,"bicycle":0,"motorcycle":0,"automobile":0,"bus":0,"truck":0,"resourceId":"a6e63f6e-0029-4dd6-8dda-757539fbaa1b"},"geometry":{"type":"Point","coordinates":[-45.8915483,-23.2686433]}},{"type":"Feature","id":"2778377","properties":{"period":"2026-04","date":"08/04/2026","hour":"07:15","type":"CHOQUE","turn":"MANHA","roadType":"VIAS URBANAS","street":"AVENIDA DOS ASTRONAUTAS","fatal":true,"fatalVictims":1,"seriousVictims":0,"pedestrian":0,"bicycle":0,"motorcycle":1,"automobile":0,"bus":0,"truck":0,"resourceId":"a6e63f6e-0029-4dd6-8dda-757539fbaa1b"},"geometry":{"type":"Point","coordinates":[-45.8611001516,-23.2043524318]}},{"type":"Feature","id":"2777913","properties":{"period":"2026-04","date":"16/04/2026","hour":"03:22","type":"COLISAO","turn":"MADRUGADA","roadType":"VIAS URBANAS","street":"AVENIDA ANDROMEDA","fatal":true,"fatalVictims":1,"seriousVictims":0,"pedestrian":0,"bicycle":0,"motorcycle":1,"automobile":0,"bus":1,"truck":0,"resourceId":"a6e63f6e-0029-4dd6-8dda-757539fbaa1b"},"geometry":{"type":"Point","coordinates":[-45.8899502759,-23.2215534937]}},{"type":"Feature","id":"2777912","properties":{"period":"2026-04","date":"17/04/2026","hour":"19:00","type":"COLISAO","turn":"NOITE","roadType":"VIAS URBANAS","street":"AVENIDA BRIGADEIRO FARIA LIMA","fatal":true,"fatalVictims":1,"seriousVictims":0,"pedestrian":0,"bicycle":0,"motorcycle":1,"automobile":1,"bus":0,"truck":0,"resourceId":"a6e63f6e-0029-4dd6-8dda-757539fbaa1b"},"geometry":{"type":"Point","coordinates":[-45.8570810679,-23.2111157426]}},{"type":"Feature","id":"2782235","properties":{"period":"2026-04","date":"18/04/2026","hour":"19:54","type":"COLISAO","turn":"NOITE","roadType":"VIAS URBANAS","street":"AVENIDA CIDADE JARDIM","fatal":false,"fatalVictims":0,"seriousVictims":0,"pedestrian":0,"bicycle":0,"motorcycle":2,"automobile":0,"bus":0,"truck":0,"resourceId":"a6e63f6e-0029-4dd6-8dda-757539fbaa1b"},"geometry":{"type":"Point","coordinates":[-45.8802357,-23.2334818]}},{"type":"Feature","id":"2778908","properties":{"period":"2026-04","date":"18/04/2026","hour":"13:27","type":"COLISAO","turn":"TARDE","roadType":"VIAS URBANAS","street":"RUA ITAMBE","fatal":false,"fatalVictims":0,"seriousVictims":0,"pedestrian":0,"bicycle":0,"motorcycle":0,"automobile":2,"bus":0,"truck":0,"resourceId":"a6e63f6e-0029-4dd6-8dda-757539fbaa1b"},"geometry":{"type":"Point","coordinates":[-45.8906903,-23.2312021]}},{"type":"Feature","id":"2779123","properties":{"period":"2026-04","date":"22/04/2026","hour":"18:18","type":"COLISAO","turn":"NOITE","roadType":"VIAS URBANAS","street":"AVENIDA DOUTOR SEBASTIAO HENRIQUE DA CUNHA PONTES","fatal":false,"fatalVictims":0,"seriousVictims":0,"pedestrian":0,"bicycle":0,"motorcycle":1,"automobile":1,"bus":0,"truck":0,"resourceId":"a6e63f6e-0029-4dd6-8dda-757539fbaa1b"},"geometry":{"type":"Point","coordinates":[-45.9154476,-23.2345373]}},{"type":"Feature","id":"2781965","properties":{"period":"2026-04","date":"20/04/2026","hour":"23:36","type":"COLISAO","turn":"NOITE","roadType":"VIAS URBANAS","street":"AVENIDA BARBACENA","fatal":false,"fatalVictims":0,"seriousVictims":1,"pedestrian":0,"bicycle":0,"motorcycle":1,"automobile":1,"bus":0,"truck":0,"resourceId":"a6e63f6e-0029-4dd6-8dda-757539fbaa1b"},"geometry":{"type":"Point","coordinates":[-45.845853,-23.1723978]}},{"type":"Feature","id":"2782986","properties":{"period":"2026-04","date":"30/04/2026","hour":"06:05","type":"COLISAO","turn":"MANHA","roadType":"VIAS URBANAS","street":"AVENIDA SAO JOSE","fatal":false,"fatalVictims":0,"seriousVictims":0,"pedestrian":0,"bicycle":0,"motorcycle":1,"automobile":1,"bus":0,"truck":0,"resourceId":"a6e63f6e-0029-4dd6-8dda-757539fbaa1b"},"geometry":{"type":"Point","coordinates":[-45.8879101,-23.1832104]}},{"type":"Feature","id":"2778855","properties":{"period":"2026-04","date":"28/04/2026","hour":"18:35","type":"CHOQUE","turn":"NOITE","roadType":"ESTRADAS E RODOVIAS","street":"SP 070","fatal":false,"fatalVictims":0,"seriousVictims":0,"pedestrian":0,"bicycle":0,"motorcycle":0,"automobile":1,"bus":0,"truck":0,"resourceId":"a6e63f6e-0029-4dd6-8dda-757539fbaa1b"},"geometry":{"type":"Point","coordinates":[-45.7761627231,-23.2300929425]}},{"type":"Feature","id":"2787412","properties":{"period":"2026-04","date":"29/04/2026","hour":"17:43","type":"COLISAO","turn":"TARDE","roadType":"VIAS URBANAS","street":"AVENIDA PRESIDENTE TANCREDO NEVES","fatal":false,"fatalVictims":0,"seriousVictims":1,"pedestrian":0,"bicycle":0,"motorcycle":1,"automobile":0,"bus":1,"truck":0,"resourceId":"a6e63f6e-0029-4dd6-8dda-757539fbaa1b"},"geometry":{"type":"Point","coordinates":[-45.8118484,-23.1785776]}},{"type":"Feature","id":"2786534","properties":{"period":"2026-04","date":"24/04/2026","hour":"13:03","type":"ATROPELAMENTO","turn":"TARDE","roadType":"VIAS URBANAS","street":"AVENIDA MARECHAL FLORIANO PEIXOTO","fatal":false,"fatalVictims":0,"seriousVictims":0,"pedestrian":1,"bicycle":0,"motorcycle":0,"automobile":1,"bus":0,"truck":0,"resourceId":"a6e63f6e-0029-4dd6-8dda-757539fbaa1b"},"geometry":{"type":"Point","coordinates":[-45.8847068,-23.1873645]}},{"type":"Feature","id":"2778469","properties":{"period":"2026-04","date":"25/04/2026","hour":"13:28","type":"COLISAO","turn":"TARDE","roadType":"VIAS URBANAS","street":"AVENIDA LENI","fatal":false,"fatalVictims":0,"seriousVictims":0,"pedestrian":0,"bicycle":0,"motorcycle":1,"automobile":1,"bus":0,"truck":0,"resourceId":"a6e63f6e-0029-4dd6-8dda-757539fbaa1b"},"geometry":{"type":"Point","coordinates":[-45.96966604,-23.15307654]}},{"type":"Feature","id":"2780695","properties":{"period":"2026-04","date":"26/04/2026","hour":"12:37","type":"COLISAO","turn":"TARDE","roadType":"VIAS URBANAS","street":"AVENIDA PRESIDENTE JUSCELINO KUBITSCHEK","fatal":false,"fatalVictims":0,"seriousVictims":0,"pedestrian":0,"bicycle":0,"motorcycle":1,"automobile":1,"bus":0,"truck":0,"resourceId":"a6e63f6e-0029-4dd6-8dda-757539fbaa1b"},"geometry":{"type":"Point","coordinates":[-45.8677247,-23.1805871]}},{"type":"Feature","id":"2786042","properties":{"period":"2026-04","date":"22/04/2026","hour":"10:34","type":"COLISAO","turn":"MANHA","roadType":"VIAS URBANAS","street":"AVENIDA FLORESTAN FERNANDES","fatal":false,"fatalVictims":0,"seriousVictims":0,"pedestrian":0,"bicycle":0,"motorcycle":1,"automobile":1,"bus":0,"truck":0,"resourceId":"a6e63f6e-0029-4dd6-8dda-757539fbaa1b"},"geometry":{"type":"Point","coordinates":[-45.8855892,-23.1987149]}},{"type":"Feature","id":"2785864","properties":{"period":"2026-04","date":"25/04/2026","hour":"06:27","type":"COLISAO","turn":"MANHA","roadType":"VIAS URBANAS","street":"AVENIDA DOS CEGONHEIROS","fatal":false,"fatalVictims":0,"seriousVictims":0,"pedestrian":0,"bicycle":0,"motorcycle":0,"automobile":1,"bus":0,"truck":0,"resourceId":"a6e63f6e-0029-4dd6-8dda-757539fbaa1b"},"geometry":{"type":"Point","coordinates":[-45.8357322,-23.1709283]}},{"type":"Feature","id":"2785336","properties":{"period":"2026-04","date":"27/04/2026","hour":"08:19","type":"COLISAO","turn":"MANHA","roadType":"VIAS URBANAS","street":"AVENIDA PERSEU","fatal":false,"fatalVictims":0,"seriousVictims":0,"pedestrian":0,"bicycle":0,"motorcycle":1,"automobile":1,"bus":0,"truck":0,"resourceId":"a6e63f6e-0029-4dd6-8dda-757539fbaa1b"},"geometry":{"type":"Point","coordinates":[-45.8910749,-23.2318483]}},{"type":"Feature","id":"2785168","properties":{"period":"2026-04","date":"29/04/2026","hour":"10:37","type":"COLISAO","turn":"MANHA","roadType":"VIAS URBANAS","street":"RUA QUEBRAEIXO","fatal":false,"fatalVictims":0,"seriousVictims":0,"pedestrian":0,"bicycle":0,"motorcycle":1,"automobile":1,"bus":0,"truck":0,"resourceId":"a6e63f6e-0029-4dd6-8dda-757539fbaa1b"},"geometry":{"type":"Point","coordinates":[-45.7653724,-23.1899284]}},{"type":"Feature","id":"2783331","properties":{"period":"2026-04","date":"30/04/2026","hour":"07:30","type":"COLISAO","turn":"MANHA","roadType":"ESTRADAS E RODOVIAS","street":"BR 116","fatal":false,"fatalVictims":0,"seriousVictims":0,"pedestrian":0,"bicycle":0,"motorcycle":0,"automobile":0,"bus":0,"truck":0,"resourceId":"a6e63f6e-0029-4dd6-8dda-757539fbaa1b"},"geometry":{"type":"Point","coordinates":[-45.7776327422,-23.1482138203]}},{"type":"Feature","id":"2778885","properties":{"period":"2026-04","date":"30/04/2026","hour":"18:21","type":"COLISAO","turn":"NOITE","roadType":"VIAS URBANAS","street":"RUA GERALDO FERREIRA TAVARES","fatal":false,"fatalVictims":0,"seriousVictims":0,"pedestrian":0,"bicycle":0,"motorcycle":0,"automobile":2,"bus":0,"truck":0,"resourceId":"a6e63f6e-0029-4dd6-8dda-757539fbaa1b"},"geometry":{"type":"Point","coordinates":[-45.8846153,-23.2563948]}},{"type":"Feature","id":"2783895","properties":{"period":"2026-04","date":"22/04/2026","hour":"08:57","type":"COLISAO","turn":"MANHA","roadType":"VIAS URBANAS","street":"AVENIDA SENADOR TEOTONIO VILELA","fatal":false,"fatalVictims":0,"seriousVictims":0,"pedestrian":0,"bicycle":0,"motorcycle":1,"automobile":1,"bus":0,"truck":0,"resourceId":"a6e63f6e-0029-4dd6-8dda-757539fbaa1b"},"geometry":{"type":"Point","coordinates":[-45.8824674,-23.1908566]}},{"type":"Feature","id":"2778884","properties":{"period":"2026-04","date":"24/04/2026","hour":"18:03","type":"COLISAO","turn":"NOITE","roadType":"VIAS URBANAS","street":"ESTRADA DON JOSE DO COUTO","fatal":false,"fatalVictims":0,"seriousVictims":0,"pedestrian":0,"bicycle":0,"motorcycle":0,"automobile":2,"bus":0,"truck":0,"resourceId":"a6e63f6e-0029-4dd6-8dda-757539fbaa1b"},"geometry":{"type":"Point","coordinates":[-45.89548015,-23.28094641]}},{"type":"Feature","id":"2778945","properties":{"period":"2026-04","date":"28/04/2026","hour":"19:11","type":"COLISAO","turn":"NOITE","roadType":"VIAS URBANAS","street":"RUA SAIGIRO NAKAMURA","fatal":false,"fatalVictims":0,"seriousVictims":0,"pedestrian":0,"bicycle":0,"motorcycle":1,"automobile":0,"bus":0,"truck":0,"resourceId":"a6e63f6e-0029-4dd6-8dda-757539fbaa1b"},"geometry":{"type":"Point","coordinates":[-45.856031,-23.1802607]}},{"type":"Feature","id":"2786207","properties":{"period":"2026-04","date":"24/04/2026","hour":"14:32","type":"COLISAO","turn":"TARDE","roadType":"VIAS URBANAS","street":"AVENIDA PRESIDENTE TANCREDO NEVES","fatal":false,"fatalVictims":0,"seriousVictims":0,"pedestrian":0,"bicycle":0,"motorcycle":1,"automobile":1,"bus":0,"truck":0,"resourceId":"a6e63f6e-0029-4dd6-8dda-757539fbaa1b"},"geometry":{"type":"Point","coordinates":[-45.8117475,-23.1788151]}},{"type":"Feature","id":"2782659","properties":{"period":"2026-04","date":"25/04/2026","hour":"23:02","type":"COLISAO","turn":"NOITE","roadType":"VIAS URBANAS","street":"VIA CAMBUI","fatal":false,"fatalVictims":0,"seriousVictims":0,"pedestrian":0,"bicycle":0,"motorcycle":1,"automobile":1,"bus":0,"truck":0,"resourceId":"a6e63f6e-0029-4dd6-8dda-757539fbaa1b"},"geometry":{"type":"Point","coordinates":[-45.840911,-23.2239579]}},{"type":"Feature","id":"2787452","properties":{"period":"2026-04","date":"22/04/2026","hour":"14:51","type":"COLISAO","turn":"TARDE","roadType":"VIAS URBANAS","street":"AVENIDA CIDADE JARDIM","fatal":false,"fatalVictims":0,"seriousVictims":0,"pedestrian":0,"bicycle":0,"motorcycle":0,"automobile":1,"bus":0,"truck":0,"resourceId":"a6e63f6e-0029-4dd6-8dda-757539fbaa1b"},"geometry":{"type":"Point","coordinates":[-45.8816175,-23.24026]}},{"type":"Feature","id":"2786061","properties":{"period":"2026-04","date":"26/04/2026","hour":"02:51","type":"NAO DISPONIVEL","turn":"MADRUGADA","roadType":"VIAS URBANAS","street":"RUA BACABAL","fatal":false,"fatalVictims":0,"seriousVictims":0,"pedestrian":0,"bicycle":0,"motorcycle":0,"automobile":0,"bus":0,"truck":0,"resourceId":"a6e63f6e-0029-4dd6-8dda-757539fbaa1b"},"geometry":{"type":"Point","coordinates":[-45.9014114,-23.227308]}},{"type":"Feature","id":"2779495","properties":{"period":"2026-04","date":"24/04/2026","hour":"18:53","type":"COLISAO","turn":"NOITE","roadType":"VIAS URBANAS","street":"AVENIDA IGUAPE","fatal":false,"fatalVictims":0,"seriousVictims":0,"pedestrian":0,"bicycle":0,"motorcycle":1,"automobile":1,"bus":0,"truck":0,"resourceId":"a6e63f6e-0029-4dd6-8dda-757539fbaa1b"},"geometry":{"type":"Point","coordinates":[-45.8867987,-23.2352956]}},{"type":"Feature","id":"2784782","properties":{"period":"2026-04","date":"24/04/2026","hour":"13:31","type":"COLISAO","turn":"TARDE","roadType":"VIAS URBANAS","street":"AVENIDA ENGENHEIRO SEBASTIAO GUALBERTO","fatal":false,"fatalVictims":0,"seriousVictims":0,"pedestrian":0,"bicycle":0,"motorcycle":1,"automobile":0,"bus":0,"truck":0,"resourceId":"a6e63f6e-0029-4dd6-8dda-757539fbaa1b"},"geometry":{"type":"Point","coordinates":[-45.8893515,-23.1746146]}},{"type":"Feature","id":"2785353","properties":{"period":"2026-04","date":"26/04/2026","hour":"02:03","type":"COLISAO","turn":"MADRUGADA","roadType":"VIAS URBANAS","street":"RUA HUMAITA","fatal":false,"fatalVictims":0,"seriousVictims":0,"pedestrian":0,"bicycle":0,"motorcycle":1,"automobile":0,"bus":0,"truck":0,"resourceId":"a6e63f6e-0029-4dd6-8dda-757539fbaa1b"},"geometry":{"type":"Point","coordinates":[-45.8868881,-23.1887194]}},{"type":"Feature","id":"2782792","properties":{"period":"2026-04","date":"26/04/2026","hour":"19:40","type":"CHOQUE","turn":"NOITE","roadType":"VIAS URBANAS","street":"MONTEIRO LOBATO","fatal":false,"fatalVictims":0,"seriousVictims":0,"pedestrian":0,"bicycle":0,"motorcycle":0,"automobile":1,"bus":0,"truck":0,"resourceId":"a6e63f6e-0029-4dd6-8dda-757539fbaa1b"},"geometry":{"type":"Point","coordinates":[-45.9081017083,-23.1368597024]}},{"type":"Feature","id":"2796977","properties":{"period":"2026-05","date":"06/05/2026","hour":"16:15","type":"COLISAO","turn":"TARDE","roadType":"VIAS URBANAS","street":"RUA RIACHUELO","fatal":false,"fatalVictims":0,"seriousVictims":0,"pedestrian":0,"bicycle":0,"motorcycle":1,"automobile":1,"bus":0,"truck":0,"resourceId":"7576e651-0f03-412e-8469-2c8223530035"},"geometry":{"type":"Point","coordinates":[-45.8758193,-23.1894634]}},{"type":"Feature","id":"2794337","properties":{"period":"2026-05","date":"07/05/2026","hour":"10:00","type":"CHOQUE","turn":"MANHA","roadType":"VIAS URBANAS","street":"AVENIDA SENADOR TEOTONIO VILELA","fatal":false,"fatalVictims":0,"seriousVictims":0,"pedestrian":0,"bicycle":0,"motorcycle":1,"automobile":1,"bus":0,"truck":0,"resourceId":"7576e651-0f03-412e-8469-2c8223530035"},"geometry":{"type":"Point","coordinates":[-45.8748604,-23.1770577]}},{"type":"Feature","id":"2797073","properties":{"period":"2026-05","date":"07/05/2026","hour":"15:45","type":"OUTROS","turn":"TARDE","roadType":"VIAS URBANAS","street":"PRACA AFONSO PENA","fatal":false,"fatalVictims":0,"seriousVictims":0,"pedestrian":0,"bicycle":0,"motorcycle":1,"automobile":1,"bus":0,"truck":0,"resourceId":"7576e651-0f03-412e-8469-2c8223530035"},"geometry":{"type":"Point","coordinates":[-45.8872974,-23.1838178]}},{"type":"Feature","id":"2801802","properties":{"period":"2026-05","date":"10/05/2026","hour":"01:15","type":"COLISAO","turn":"MADRUGADA","roadType":"VIAS URBANAS","street":"AVENIDA JOAO BATISTA DE SOUZA SOARES","fatal":false,"fatalVictims":0,"seriousVictims":0,"pedestrian":0,"bicycle":0,"motorcycle":1,"automobile":1,"bus":0,"truck":0,"resourceId":"7576e651-0f03-412e-8469-2c8223530035"},"geometry":{"type":"Point","coordinates":[-45.9091703,-23.2536605]}},{"type":"Feature","id":"2795318","properties":{"period":"2026-05","date":"07/05/2026","hour":"12:28","type":"COLISAO","turn":"TARDE","roadType":"VIAS URBANAS","street":"AVENIDA MARIA CANDIDA DELGADO","fatal":false,"fatalVictims":0,"seriousVictims":0,"pedestrian":0,"bicycle":0,"motorcycle":0,"automobile":2,"bus":0,"truck":0,"resourceId":"7576e651-0f03-412e-8469-2c8223530035"},"geometry":{"type":"Point","coordinates":[-45.9016015,-23.1444884]}},{"type":"Feature","id":"2792935","properties":{"period":"2026-05","date":"08/05/2026","hour":"05:58","type":"COLISAO","turn":"MADRUGADA","roadType":"VIAS URBANAS","street":"AVENIDA SENADOR TEOTONIO VILELA","fatal":false,"fatalVictims":0,"seriousVictims":0,"pedestrian":0,"bicycle":0,"motorcycle":1,"automobile":1,"bus":0,"truck":0,"resourceId":"7576e651-0f03-412e-8469-2c8223530035"},"geometry":{"type":"Point","coordinates":[-45.8748604,-23.1770577]}},{"type":"Feature","id":"2802751","properties":{"period":"2026-05","date":"05/05/2026","hour":"19:20","type":"COLISAO","turn":"NOITE","roadType":"ESTRADAS E RODOVIAS","street":"BR 116","fatal":false,"fatalVictims":0,"seriousVictims":0,"pedestrian":0,"bicycle":0,"motorcycle":1,"automobile":1,"bus":0,"truck":0,"resourceId":"7576e651-0f03-412e-8469-2c8223530035"},"geometry":{"type":"Point","coordinates":[-45.8215563647,-23.1704587741]}},{"type":"Feature","id":"2794844","properties":{"period":"2026-05","date":"05/05/2026","hour":"12:48","type":"COLISAO","turn":"TARDE","roadType":"VIAS URBANAS","street":"AVENIDA FLORESTAN FERNANDES","fatal":false,"fatalVictims":0,"seriousVictims":0,"pedestrian":0,"bicycle":0,"motorcycle":1,"automobile":1,"bus":0,"truck":0,"resourceId":"7576e651-0f03-412e-8469-2c8223530035"},"geometry":{"type":"Point","coordinates":[-45.9015488,-23.2147739]}},{"type":"Feature","id":"2790219","properties":{"period":"2026-05","date":"08/05/2026","hour":"19:32","type":"COLISAO","turn":"NOITE","roadType":"VIAS URBANAS","street":"AVENIDA LEONOR DE ALMEIDA RIBEIRO SOUTO","fatal":false,"fatalVictims":0,"seriousVictims":0,"pedestrian":0,"bicycle":0,"motorcycle":1,"automobile":0,"bus":0,"truck":0,"resourceId":"7576e651-0f03-412e-8469-2c8223530035"},"geometry":{"type":"Point","coordinates":[-45.9052885,-23.2705782]}},{"type":"Feature","id":"2795121","properties":{"period":"2026-05","date":"08/05/2026","hour":"11:22","type":"NAO DISPONIVEL","turn":"MANHA","roadType":"VIAS URBANAS","street":"AVENIDA IGUAPE","fatal":false,"fatalVictims":0,"seriousVictims":0,"pedestrian":0,"bicycle":0,"motorcycle":1,"automobile":0,"bus":0,"truck":1,"resourceId":"7576e651-0f03-412e-8469-2c8223530035"},"geometry":{"type":"Point","coordinates":[-45.8908625,-23.2349715]}},{"type":"Feature","id":"2799251","properties":{"period":"2026-05","date":"10/05/2026","hour":"12:32","type":"CHOQUE","turn":"TARDE","roadType":"VIAS URBANAS","street":"ESTRADA DO PUTIM PARA A TAMOIOS","fatal":false,"fatalVictims":0,"seriousVictims":0,"pedestrian":0,"bicycle":0,"motorcycle":0,"automobile":1,"bus":0,"truck":0,"resourceId":"7576e651-0f03-412e-8469-2c8223530035"},"geometry":{"type":"Point","coordinates":[-45.8610863,-23.24734103]}},{"type":"Feature","id":"2790467","properties":{"period":"2026-05","date":"01/05/2026","hour":"17:28","type":"ATROPELAMENTO","turn":"TARDE","roadType":"VIAS URBANAS","street":"RUA BACABAL","fatal":false,"fatalVictims":0,"seriousVictims":0,"pedestrian":1,"bicycle":0,"motorcycle":0,"automobile":0,"bus":0,"truck":1,"resourceId":"7576e651-0f03-412e-8469-2c8223530035"},"geometry":{"type":"Point","coordinates":[-45.9022253,-23.2324824]}},{"type":"Feature","id":"2796291","properties":{"period":"2026-05","date":"03/05/2026","hour":"07:45","type":"COLISAO","turn":"MANHA","roadType":"VIAS URBANAS","street":"AVENIDA JOAO BDE PAULA","fatal":false,"fatalVictims":0,"seriousVictims":0,"pedestrian":0,"bicycle":0,"motorcycle":0,"automobile":1,"bus":0,"truck":0,"resourceId":"7576e651-0f03-412e-8469-2c8223530035"},"geometry":{"type":"Point","coordinates":[-45.7703719,-23.1870984]}},{"type":"Feature","id":"2794385","properties":{"period":"2026-05","date":"05/05/2026","hour":"11:55","type":"COLISAO","turn":"MANHA","roadType":"VIAS URBANAS","street":"RUA VOLANS","fatal":false,"fatalVictims":0,"seriousVictims":0,"pedestrian":0,"bicycle":0,"motorcycle":1,"automobile":1,"bus":0,"truck":0,"resourceId":"7576e651-0f03-412e-8469-2c8223530035"},"geometry":{"type":"Point","coordinates":[-45.8939015,-23.224491]}},{"type":"Feature","id":"2796169","properties":{"period":"2026-05","date":"07/05/2026","hour":"14:11","type":"COLISAO","turn":"TARDE","roadType":"VIAS URBANAS","street":"RUA PRESIDENTE JULIO PRESTES","fatal":false,"fatalVictims":0,"seriousVictims":0,"pedestrian":0,"bicycle":0,"motorcycle":1,"automobile":1,"bus":0,"truck":1,"resourceId":"7576e651-0f03-412e-8469-2c8223530035"},"geometry":{"type":"Point","coordinates":[-45.9008256,-23.1603516]}},{"type":"Feature","id":"2803006","properties":{"period":"2026-05","date":"01/05/2026","hour":"10:00","type":"COLISAO","turn":"MANHA","roadType":"ESTRADAS E RODOVIAS","street":"BR 116","fatal":false,"fatalVictims":0,"seriousVictims":0,"pedestrian":0,"bicycle":0,"motorcycle":1,"automobile":1,"bus":0,"truck":0,"resourceId":"7576e651-0f03-412e-8469-2c8223530035"},"geometry":{"type":"Point","coordinates":[-45.8032813748,-23.1607761181]}},{"type":"Feature","id":"2797069","properties":{"period":"2026-05","date":"02/05/2026","hour":"10:04","type":"COLISAO","turn":"MANHA","roadType":"VIAS URBANAS","street":"PRACA CANDIDA MARIA CESAR SAWAYA GIANA","fatal":false,"fatalVictims":0,"seriousVictims":0,"pedestrian":0,"bicycle":0,"motorcycle":1,"automobile":1,"bus":0,"truck":0,"resourceId":"7576e651-0f03-412e-8469-2c8223530035"},"geometry":{"type":"Point","coordinates":[-45.8929146,-23.1919086]}},{"type":"Feature","id":"2788437","properties":{"period":"2026-05","date":"05/05/2026","hour":"18:58","type":"COLISAO","turn":"NOITE","roadType":"VIAS URBANAS","street":"AVENIDA OURO FINO","fatal":false,"fatalVictims":0,"seriousVictims":0,"pedestrian":0,"bicycle":0,"motorcycle":2,"automobile":0,"bus":0,"truck":0,"resourceId":"7576e651-0f03-412e-8469-2c8223530035"},"geometry":{"type":"Point","coordinates":[-45.8881958,-23.2354434]}},{"type":"Feature","id":"2789227","properties":{"period":"2026-05","date":"05/05/2026","hour":"20:04","type":"OUTROS","turn":"NOITE","roadType":"VIAS URBANAS","street":"RUA JOSE BORGES SOBRINHO","fatal":false,"fatalVictims":0,"seriousVictims":0,"pedestrian":0,"bicycle":0,"motorcycle":1,"automobile":0,"bus":0,"truck":0,"resourceId":"7576e651-0f03-412e-8469-2c8223530035"},"geometry":{"type":"Point","coordinates":[-45.9240633,-23.161064]}},{"type":"Feature","id":"2802683","properties":{"period":"2026-05","date":"06/05/2026","hour":"11:20","type":"COLISAO","turn":"MANHA","roadType":"ESTRADAS E RODOVIAS","street":"BR 116","fatal":false,"fatalVictims":0,"seriousVictims":0,"pedestrian":0,"bicycle":0,"motorcycle":0,"automobile":0,"bus":0,"truck":4,"resourceId":"7576e651-0f03-412e-8469-2c8223530035"},"geometry":{"type":"Point","coordinates":[-45.9199652953,-23.2384381085]}},{"type":"Feature","id":"2791689","properties":{"period":"2026-05","date":"09/05/2026","hour":"20:21","type":"COLISAO","turn":"NOITE","roadType":"VIAS URBANAS","street":"RUA MARIA ROSA MACHADO BORGES","fatal":false,"fatalVictims":0,"seriousVictims":0,"pedestrian":0,"bicycle":0,"motorcycle":0,"automobile":1,"bus":0,"truck":0,"resourceId":"7576e651-0f03-412e-8469-2c8223530035"},"geometry":{"type":"Point","coordinates":[-45.814639,-23.217227]}},{"type":"Feature","id":"2802686","properties":{"period":"2026-05","date":"07/05/2026","hour":"01:00","type":"COLISAO","turn":"MADRUGADA","roadType":"ESTRADAS E RODOVIAS","street":"BR 116","fatal":false,"fatalVictims":0,"seriousVictims":0,"pedestrian":0,"bicycle":0,"motorcycle":0,"automobile":0,"bus":0,"truck":2,"resourceId":"7576e651-0f03-412e-8469-2c8223530035"},"geometry":{"type":"Point","coordinates":[-45.7864496808,-23.1525995915]}},{"type":"Feature","id":"2802719","properties":{"period":"2026-05","date":"09/05/2026","hour":"22:53","type":"CHOQUE","turn":"NOITE","roadType":"ESTRADAS E RODOVIAS","street":"BR 116","fatal":false,"fatalVictims":0,"seriousVictims":0,"pedestrian":0,"bicycle":0,"motorcycle":1,"automobile":0,"bus":0,"truck":0,"resourceId":"7576e651-0f03-412e-8469-2c8223530035"},"geometry":{"type":"Point","coordinates":[-45.8128522953,-23.1658508086]}},{"type":"Feature","id":"2802634","properties":{"period":"2026-05","date":"01/05/2026","hour":"05:25","type":"COLISAO","turn":"MADRUGADA","roadType":"ESTRADAS E RODOVIAS","street":"BR 116","fatal":false,"fatalVictims":0,"seriousVictims":0,"pedestrian":0,"bicycle":0,"motorcycle":0,"automobile":5,"bus":0,"truck":0,"resourceId":"7576e651-0f03-412e-8469-2c8223530035"},"geometry":{"type":"Point","coordinates":[-45.8693179094,-23.1938292852]}},{"type":"Feature","id":"2789371","properties":{"period":"2026-05","date":"02/05/2026","hour":"13:28","type":"COLISAO","turn":"TARDE","roadType":"VIAS URBANAS","street":"AVENIDA IRACI PIRES DE ALMEIDA PUCINI","fatal":false,"fatalVictims":0,"seriousVictims":0,"pedestrian":0,"bicycle":0,"motorcycle":1,"automobile":1,"bus":0,"truck":0,"resourceId":"7576e651-0f03-412e-8469-2c8223530035"},"geometry":{"type":"Point","coordinates":[-45.8072178,-23.1657153]}},{"type":"Feature","id":"2790475","properties":{"period":"2026-05","date":"02/05/2026","hour":"16:08","type":"OUTROS","turn":"TARDE","roadType":"VIAS URBANAS","street":"RUA DOUTOR MARIO SAMPAIO MARTINS","fatal":false,"fatalVictims":0,"seriousVictims":0,"pedestrian":0,"bicycle":1,"motorcycle":0,"automobile":1,"bus":0,"truck":0,"resourceId":"7576e651-0f03-412e-8469-2c8223530035"},"geometry":{"type":"Point","coordinates":[-45.8847822,-23.1945176]}},{"type":"Feature","id":"2792813","properties":{"period":"2026-05","date":"05/05/2026","hour":"08:05","type":"COLISAO","turn":"MANHA","roadType":"VIAS URBANAS","street":"RUA GENERAL EUGENIO DE AUGUSTO MELO","fatal":false,"fatalVictims":0,"seriousVictims":0,"pedestrian":0,"bicycle":0,"motorcycle":1,"automobile":1,"bus":0,"truck":0,"resourceId":"7576e651-0f03-412e-8469-2c8223530035"},"geometry":{"type":"Point","coordinates":[-45.7835876,-23.1375407]}},{"type":"Feature","id":"2797314","properties":{"period":"2026-05","date":"08/05/2026","hour":"15:13","type":"COLISAO","turn":"TARDE","roadType":"VIAS URBANAS","street":"AVENIDA DOS EVANGELICOS","fatal":false,"fatalVictims":0,"seriousVictims":0,"pedestrian":0,"bicycle":0,"motorcycle":1,"automobile":0,"bus":0,"truck":0,"resourceId":"7576e651-0f03-412e-8469-2c8223530035"},"geometry":{"type":"Point","coordinates":[-45.8957035,-23.2685714]}},{"type":"Feature","id":"2795785","properties":{"period":"2026-05","date":"08/05/2026","hour":"12:39","type":"COLISAO","turn":"TARDE","roadType":"VIAS URBANAS","street":"AVENIDA CASSIANO RICARDO","fatal":false,"fatalVictims":0,"seriousVictims":0,"pedestrian":0,"bicycle":0,"motorcycle":1,"automobile":0,"bus":0,"truck":0,"resourceId":"7576e651-0f03-412e-8469-2c8223530035"},"geometry":{"type":"Point","coordinates":[-45.9121028,-23.2292427]}},{"type":"Feature","id":"2793299","properties":{"period":"2026-05","date":"02/05/2026","hour":"01:28","type":"OUTROS","turn":"MADRUGADA","roadType":"VIAS URBANAS","street":"RETORNO ESTRADA MUNICIPAL MARTINS GUIMARAES","fatal":false,"fatalVictims":0,"seriousVictims":0,"pedestrian":0,"bicycle":0,"motorcycle":0,"automobile":1,"bus":0,"truck":0,"resourceId":"7576e651-0f03-412e-8469-2c8223530035"},"geometry":{"type":"Point","coordinates":[-45.84018871,-23.17161884]}},{"type":"Feature","id":"2797676","properties":{"period":"2026-05","date":"02/05/2026","hour":"10:42","type":"COLISAO","turn":"MANHA","roadType":"VIAS URBANAS","street":"RUA DIAMANTINA","fatal":false,"fatalVictims":0,"seriousVictims":0,"pedestrian":0,"bicycle":0,"motorcycle":1,"automobile":1,"bus":0,"truck":0,"resourceId":"7576e651-0f03-412e-8469-2c8223530035"},"geometry":{"type":"Point","coordinates":[-45.8533132,-23.1744245]}},{"type":"Feature","id":"2790431","properties":{"period":"2026-05","date":"03/05/2026","hour":"16:25","type":"COLISAO","turn":"TARDE","roadType":"VIAS URBANAS","street":"AVENIDA DEPUTADO BENEDITO MATARAZZO","fatal":false,"fatalVictims":0,"seriousVictims":0,"pedestrian":0,"bicycle":1,"motorcycle":0,"automobile":1,"bus":0,"truck":0,"resourceId":"7576e651-0f03-412e-8469-2c8223530035"},"geometry":{"type":"Point","coordinates":[-45.8695487,-23.1937526]}},{"type":"Feature","id":"2802247","properties":{"period":"2026-05","date":"04/05/2026","hour":"13:01","type":"COLISAO","turn":"TARDE","roadType":"VIAS URBANAS","street":"RUA SALIM SIMAO","fatal":false,"fatalVictims":0,"seriousVictims":0,"pedestrian":0,"bicycle":0,"motorcycle":1,"automobile":1,"bus":0,"truck":0,"resourceId":"7576e651-0f03-412e-8469-2c8223530035"},"geometry":{"type":"Point","coordinates":[-45.8869011,-23.2604532]}},{"type":"Feature","id":"2794981","properties":{"period":"2026-05","date":"06/05/2026","hour":"12:16","type":"ATROPELAMENTO","turn":"TARDE","roadType":"VIAS URBANAS","street":"AVENIDA OURO FINO","fatal":false,"fatalVictims":0,"seriousVictims":0,"pedestrian":1,"bicycle":0,"motorcycle":0,"automobile":1,"bus":0,"truck":0,"resourceId":"7576e651-0f03-412e-8469-2c8223530035"},"geometry":{"type":"Point","coordinates":[-45.8886896,-23.2508049]}},{"type":"Feature","id":"2790161","properties":{"period":"2026-05","date":"08/05/2026","hour":"19:25","type":"COLISAO","turn":"NOITE","roadType":"VIAS URBANAS","street":"ESTRADA JUCA CARVALHO","fatal":false,"fatalVictims":0,"seriousVictims":0,"pedestrian":0,"bicycle":0,"motorcycle":0,"automobile":2,"bus":0,"truck":0,"resourceId":"7576e651-0f03-412e-8469-2c8223530035"},"geometry":{"type":"Point","coordinates":[-45.92010407,-23.14843913]}},{"type":"Feature","id":"2794653","properties":{"period":"2026-05","date":"08/05/2026","hour":"10:18","type":"COLISAO","turn":"MANHA","roadType":"VIAS URBANAS","street":"AVENIDA DOUTOR NELSON D'AVILA","fatal":false,"fatalVictims":0,"seriousVictims":0,"pedestrian":0,"bicycle":0,"motorcycle":1,"automobile":1,"bus":0,"truck":0,"resourceId":"7576e651-0f03-412e-8469-2c8223530035"},"geometry":{"type":"Point","coordinates":[-45.886453,-23.1869284]}},{"type":"Feature","id":"2790607","properties":{"period":"2026-05","date":"02/05/2026","hour":"16:28","type":"COLISAO","turn":"TARDE","roadType":"VIAS URBANAS","street":"RUA DOLZANI RICARDO","fatal":false,"fatalVictims":0,"seriousVictims":0,"pedestrian":0,"bicycle":0,"motorcycle":2,"automobile":0,"bus":0,"truck":0,"resourceId":"7576e651-0f03-412e-8469-2c8223530035"},"geometry":{"type":"Point","coordinates":[-45.8873101,-23.1873616]}},{"type":"Feature","id":"2796931","properties":{"period":"2026-05","date":"03/05/2026","hour":"09:32","type":"OUTROS","turn":"MANHA","roadType":"VIAS URBANAS","street":"AVENIDA CIDADE JARDIM","fatal":false,"fatalVictims":0,"seriousVictims":0,"pedestrian":0,"bicycle":0,"motorcycle":1,"automobile":0,"bus":0,"truck":0,"resourceId":"7576e651-0f03-412e-8469-2c8223530035"},"geometry":{"type":"Point","coordinates":[-45.8820015,-23.2240161]}},{"type":"Feature","id":"2793414","properties":{"period":"2026-05","date":"05/05/2026","hour":"09:29","type":"COLISAO","turn":"MANHA","roadType":"VIAS URBANAS","street":"AVENIDA FLORESTAN FERNANDES","fatal":false,"fatalVictims":0,"seriousVictims":0,"pedestrian":0,"bicycle":0,"motorcycle":1,"automobile":2,"bus":0,"truck":0,"resourceId":"7576e651-0f03-412e-8469-2c8223530035"},"geometry":{"type":"Point","coordinates":[-45.8847566,-23.1975899]}},{"type":"Feature","id":"2792710","properties":{"period":"2026-05","date":"09/05/2026","hour":"23:55","type":"NAO DISPONIVEL","turn":"NOITE","roadType":"VIAS URBANAS","street":"RUA CORIFEU DE AZEVEDO MARQUES","fatal":false,"fatalVictims":0,"seriousVictims":1,"pedestrian":0,"bicycle":0,"motorcycle":1,"automobile":0,"bus":0,"truck":0,"resourceId":"7576e651-0f03-412e-8469-2c8223530035"},"geometry":{"type":"Point","coordinates":[-45.9260089,-23.2267762]}},{"type":"Feature","id":"2803068","properties":{"period":"2026-05","date":"10/05/2026","hour":"06:01","type":"COLISAO","turn":"MANHA","roadType":"VIAS URBANAS","street":"RUA DOLZANI RICARDO","fatal":false,"fatalVictims":0,"seriousVictims":0,"pedestrian":0,"bicycle":0,"motorcycle":0,"automobile":2,"bus":0,"truck":0,"resourceId":"7576e651-0f03-412e-8469-2c8223530035"},"geometry":{"type":"Point","coordinates":[-45.8870953,-23.18714]}},{"type":"Feature","id":"2794016","properties":{"period":"2026-05","date":"14/05/2026","hour":"10:16","type":"COLISAO","turn":"MANHA","roadType":"VIAS URBANAS","street":"RUA CARAVELAS","fatal":false,"fatalVictims":0,"seriousVictims":0,"pedestrian":0,"bicycle":0,"motorcycle":1,"automobile":1,"bus":0,"truck":0,"resourceId":"7576e651-0f03-412e-8469-2c8223530035"},"geometry":{"type":"Point","coordinates":[-45.9131389,-23.2611706]}},{"type":"Feature","id":"2802979","properties":{"period":"2026-05","date":"14/05/2026","hour":"10:00","type":"OUTROS","turn":"MANHA","roadType":"ESTRADAS E RODOVIAS","street":"BR 116","fatal":false,"fatalVictims":0,"seriousVictims":1,"pedestrian":0,"bicycle":0,"motorcycle":1,"automobile":0,"bus":0,"truck":0,"resourceId":"7576e651-0f03-412e-8469-2c8223530035"},"geometry":{"type":"Point","coordinates":[-45.8570354662,-23.1875637462]}},{"type":"Feature","id":"2802763","properties":{"period":"2026-05","date":"14/05/2026","hour":"23:23","type":"COLISAO","turn":"NOITE","roadType":"ESTRADAS E RODOVIAS","street":"BR 116","fatal":false,"fatalVictims":0,"seriousVictims":0,"pedestrian":0,"bicycle":0,"motorcycle":0,"automobile":1,"bus":0,"truck":1,"resourceId":"7576e651-0f03-412e-8469-2c8223530035"},"geometry":{"type":"Point","coordinates":[-45.8303064477,-23.1749791386]}},{"type":"Feature","id":"2789751","properties":{"period":"2026-05","date":"16/05/2026","hour":"17:02","type":"COLISAO","turn":"TARDE","roadType":"VIAS URBANAS","street":"AVENIDA DOUTOR JOAO GUILHERMINO","fatal":false,"fatalVictims":0,"seriousVictims":0,"pedestrian":0,"bicycle":0,"motorcycle":1,"automobile":1,"bus":0,"truck":0,"resourceId":"7576e651-0f03-412e-8469-2c8223530035"},"geometry":{"type":"Point","coordinates":[-45.8866114,-23.1892711]}},{"type":"Feature","id":"2790665","properties":{"period":"2026-05","date":"16/05/2026","hour":"18:55","type":"COLISAO","turn":"NOITE","roadType":"VIAS URBANAS","street":"RUA PARAIBUNA","fatal":false,"fatalVictims":0,"seriousVictims":0,"pedestrian":0,"bicycle":0,"motorcycle":1,"automobile":1,"bus":0,"truck":0,"resourceId":"7576e651-0f03-412e-8469-2c8223530035"},"geometry":{"type":"Point","coordinates":[-45.888872,-23.1929697]}},{"type":"Feature","id":"2802785","properties":{"period":"2026-05","date":"17/05/2026","hour":"17:00","type":"OUTROS","turn":"TARDE","roadType":"ESTRADAS E RODOVIAS","street":"BR 116","fatal":false,"fatalVictims":0,"seriousVictims":0,"pedestrian":0,"bicycle":0,"motorcycle":0,"automobile":3,"bus":0,"truck":0,"resourceId":"7576e651-0f03-412e-8469-2c8223530035"},"geometry":{"type":"Point","coordinates":[-45.8587901009,-23.1884588232]}},{"type":"Feature","id":"2799793","properties":{"period":"2026-05","date":"18/05/2026","hour":"22:28","type":"COLISAO","turn":"NOITE","roadType":"VIAS URBANAS","street":"TRAVESSA LINEU DE MOURA","fatal":false,"fatalVictims":0,"seriousVictims":0,"pedestrian":0,"bicycle":0,"motorcycle":1,"automobile":1,"bus":0,"truck":0,"resourceId":"7576e651-0f03-412e-8469-2c8223530035"},"geometry":{"type":"Point","coordinates":[-45.9180482,-23.1907999]}},{"type":"Feature","id":"2797207","properties":{"period":"2026-05","date":"21/05/2026","hour":"15:13","type":"COLISAO","turn":"TARDE","roadType":"VIAS URBANAS","street":"AVENIDA DOUTOR NELSON D'AVILA","fatal":false,"fatalVictims":0,"seriousVictims":0,"pedestrian":0,"bicycle":0,"motorcycle":1,"automobile":0,"bus":0,"truck":0,"resourceId":"7576e651-0f03-412e-8469-2c8223530035"},"geometry":{"type":"Point","coordinates":[-45.8858018,-23.1964492]}},{"type":"Feature","id":"2792315","properties":{"period":"2026-05","date":"12/05/2026","hour":"06:00","type":"CHOQUE","turn":"MANHA","roadType":"ESTRADAS E RODOVIAS","street":"SP 070","fatal":false,"fatalVictims":0,"seriousVictims":1,"pedestrian":0,"bicycle":0,"motorcycle":0,"automobile":0,"bus":0,"truck":1,"resourceId":"7576e651-0f03-412e-8469-2c8223530035"},"geometry":{"type":"Point","coordinates":[-45.8703050702,-23.2916922354]}},{"type":"Feature","id":"2802752","properties":{"period":"2026-05","date":"12/05/2026","hour":"09:10","type":"COLISAO","turn":"MANHA","roadType":"ESTRADAS E RODOVIAS","street":"BR 116","fatal":false,"fatalVictims":0,"seriousVictims":0,"pedestrian":0,"bicycle":0,"motorcycle":1,"automobile":0,"bus":0,"truck":1,"resourceId":"7576e651-0f03-412e-8469-2c8223530035"},"geometry":{"type":"Point","coordinates":[-45.9349222347,-23.2498038242]}},{"type":"Feature","id":"2788248","properties":{"period":"2026-05","date":"13/05/2026","hour":"19:02","type":"COLISAO","turn":"NOITE","roadType":"VIAS URBANAS","street":"AVENIDA MARIA DE LOURDES FRIGGI","fatal":false,"fatalVictims":0,"seriousVictims":0,"pedestrian":0,"bicycle":0,"motorcycle":1,"automobile":0,"bus":0,"truck":0,"resourceId":"7576e651-0f03-412e-8469-2c8223530035"},"geometry":{"type":"Point","coordinates":[-45.9631046,-23.1998808]}},{"type":"Feature","id":"2789935","properties":{"period":"2026-05","date":"20/05/2026","hour":"20:50","type":"COLISAO","turn":"NOITE","roadType":"VIAS URBANAS","street":"AVENIDA PRESIDENTE TANCREDO NEVES","fatal":false,"fatalVictims":0,"seriousVictims":0,"pedestrian":0,"bicycle":0,"motorcycle":0,"automobile":1,"bus":0,"truck":0,"resourceId":"7576e651-0f03-412e-8469-2c8223530035"},"geometry":{"type":"Point","coordinates":[-45.7840018,-23.1922625]}},{"type":"Feature","id":"2793882","properties":{"period":"2026-05","date":"16/05/2026","hour":"05:06","type":"COLISAO","turn":"MADRUGADA","roadType":"VIAS URBANAS","street":"RUA LUIZ GONZAGA SENDRETTI","fatal":false,"fatalVictims":0,"seriousVictims":0,"pedestrian":0,"bicycle":0,"motorcycle":0,"automobile":1,"bus":0,"truck":0,"resourceId":"7576e651-0f03-412e-8469-2c8223530035"},"geometry":{"type":"Point","coordinates":[-45.8838087,-23.2209926]}},{"type":"Feature","id":"2797985","properties":{"period":"2026-05","date":"17/05/2026","hour":"18:26","type":"CHOQUE","turn":"NOITE","roadType":"ESTRADAS E RODOVIAS","street":"SP 050","fatal":true,"fatalVictims":1,"seriousVictims":0,"pedestrian":0,"bicycle":0,"motorcycle":1,"automobile":0,"bus":0,"truck":0,"resourceId":"7576e651-0f03-412e-8469-2c8223530035"},"geometry":{"type":"Point","coordinates":[-45.9085802179,-23.1342086699]}},{"type":"Feature","id":"2796477","properties":{"period":"2026-05","date":"19/05/2026","hour":"17:19","type":"NAO DISPONIVEL","turn":"TARDE","roadType":"VIAS URBANAS","street":"AVENIDA SAO JOAO","fatal":false,"fatalVictims":0,"seriousVictims":0,"pedestrian":0,"bicycle":0,"motorcycle":1,"automobile":0,"bus":0,"truck":0,"resourceId":"7576e651-0f03-412e-8469-2c8223530035"},"geometry":{"type":"Point","coordinates":[-45.907489,-23.2062612]}},{"type":"Feature","id":"2793285","properties":{"period":"2026-05","date":"20/05/2026","hour":"08:38","type":"COLISAO","turn":"MANHA","roadType":"VIAS URBANAS","street":"AVENIDA MARIO COVAS","fatal":false,"fatalVictims":0,"seriousVictims":0,"pedestrian":0,"bicycle":0,"motorcycle":1,"automobile":2,"bus":0,"truck":0,"resourceId":"7576e651-0f03-412e-8469-2c8223530035"},"geometry":{"type":"Point","coordinates":[-45.887536,-23.2155672]}},{"type":"Feature","id":"2801419","properties":{"period":"2026-05","date":"11/05/2026","hour":"08:12","type":"COLISAO","turn":"MANHA","roadType":"VIAS URBANAS","street":"AVENIDA JOAQUIM FERREIRA CARPINTEIRO","fatal":false,"fatalVictims":0,"seriousVictims":0,"pedestrian":0,"bicycle":0,"motorcycle":1,"automobile":1,"bus":0,"truck":0,"resourceId":"7576e651-0f03-412e-8469-2c8223530035"},"geometry":{"type":"Point","coordinates":[-45.8510042,-23.1799963]}},{"type":"Feature","id":"2790020","properties":{"period":"2026-05","date":"16/05/2026","hour":"17:32","type":"ATROPELAMENTO","turn":"TARDE","roadType":"VIAS URBANAS","street":"AVENIDA GUADALUPE","fatal":false,"fatalVictims":0,"seriousVictims":0,"pedestrian":1,"bicycle":0,"motorcycle":1,"automobile":0,"bus":0,"truck":0,"resourceId":"7576e651-0f03-412e-8469-2c8223530035"},"geometry":{"type":"Point","coordinates":[-45.8973863,-23.23164]}},{"type":"Feature","id":"2802818","properties":{"period":"2026-05","date":"19/05/2026","hour":"08:05","type":"COLISAO","turn":"MANHA","roadType":"ESTRADAS E RODOVIAS","street":"BR 116","fatal":false,"fatalVictims":0,"seriousVictims":0,"pedestrian":0,"bicycle":0,"motorcycle":1,"automobile":1,"bus":0,"truck":0,"resourceId":"7576e651-0f03-412e-8469-2c8223530035"},"geometry":{"type":"Point","coordinates":[-45.8570354662,-23.1875637462]}},{"type":"Feature","id":"2793200","properties":{"period":"2026-05","date":"13/05/2026","hour":"09:19","type":"OUTROS","turn":"MANHA","roadType":"ESTRADAS E RODOVIAS","street":"BR 116","fatal":false,"fatalVictims":0,"seriousVictims":0,"pedestrian":0,"bicycle":0,"motorcycle":0,"automobile":0,"bus":0,"truck":0,"resourceId":"7576e651-0f03-412e-8469-2c8223530035"},"geometry":{"type":"Point","coordinates":[-45.8303064477,-23.1749791386]}},{"type":"Feature","id":"2789381","properties":{"period":"2026-05","date":"13/05/2026","hour":"20:53","type":"COLISAO","turn":"NOITE","roadType":"VIAS URBANAS","street":"VIA CAMBUI","fatal":false,"fatalVictims":0,"seriousVictims":0,"pedestrian":0,"bicycle":0,"motorcycle":0,"automobile":3,"bus":0,"truck":0,"resourceId":"7576e651-0f03-412e-8469-2c8223530035"},"geometry":{"type":"Point","coordinates":[-45.8442309,-23.2090137]}},{"type":"Feature","id":"2803623","properties":{"period":"2026-05","date":"14/05/2026","hour":"17:26","type":"COLISAO","turn":"TARDE","roadType":"VIAS URBANAS","street":"AVENIDA BENEDITO BENTO","fatal":false,"fatalVictims":0,"seriousVictims":0,"pedestrian":0,"bicycle":0,"motorcycle":1,"automobile":1,"bus":0,"truck":0,"resourceId":"7576e651-0f03-412e-8469-2c8223530035"},"geometry":{"type":"Point","coordinates":[-45.9031859,-23.2507676]}},{"type":"Feature","id":"2803353","properties":{"period":"2026-05","date":"15/05/2026","hour":"16:28","type":"COLISAO","turn":"TARDE","roadType":"VIAS URBANAS","street":"AVENIDA GUADALUPE","fatal":false,"fatalVictims":0,"seriousVictims":0,"pedestrian":0,"bicycle":0,"motorcycle":2,"automobile":0,"bus":0,"truck":0,"resourceId":"7576e651-0f03-412e-8469-2c8223530035"},"geometry":{"type":"Point","coordinates":[-45.8971381,-23.2318741]}},{"type":"Feature","id":"2791461","properties":{"period":"2026-05","date":"16/05/2026","hour":"01:29","type":"COLISAO","turn":"MADRUGADA","roadType":"VIAS URBANAS","street":"TRAVESSA CONSTANTINO PINTUS","fatal":false,"fatalVictims":0,"seriousVictims":0,"pedestrian":0,"bicycle":0,"motorcycle":0,"automobile":2,"bus":0,"truck":0,"resourceId":"7576e651-0f03-412e-8469-2c8223530035"},"geometry":{"type":"Point","coordinates":[-45.8926524,-23.1672068]}},{"type":"Feature","id":"2791586","properties":{"period":"2026-05","date":"17/05/2026","hour":"18:00","type":"COLISAO","turn":"NOITE","roadType":"VIAS URBANAS","street":"MONTEIRO LOBATO","fatal":false,"fatalVictims":0,"seriousVictims":0,"pedestrian":0,"bicycle":0,"motorcycle":0,"automobile":2,"bus":0,"truck":0,"resourceId":"7576e651-0f03-412e-8469-2c8223530035"},"geometry":{"type":"Point","coordinates":[-45.9131325007,-23.0681908268]}},{"type":"Feature","id":"2792608","properties":{"period":"2026-05","date":"19/05/2026","hour":"07:53","type":"NAO DISPONIVEL","turn":"MANHA","roadType":"ESTRADAS E RODOVIAS","street":"BR 116","fatal":false,"fatalVictims":0,"seriousVictims":0,"pedestrian":0,"bicycle":0,"motorcycle":0,"automobile":0,"bus":0,"truck":0,"resourceId":"7576e651-0f03-412e-8469-2c8223530035"},"geometry":{"type":"Point","coordinates":[-45.8901426273,-23.2100680558]}},{"type":"Feature","id":"2796735","properties":{"period":"2026-05","date":"19/05/2026","hour":"17:52","type":"COLISAO","turn":"TARDE","roadType":"VIAS URBANAS","street":"RUA JOSE SILVERIO DE SOUZA","fatal":false,"fatalVictims":0,"seriousVictims":0,"pedestrian":0,"bicycle":0,"motorcycle":1,"automobile":1,"bus":0,"truck":0,"resourceId":"7576e651-0f03-412e-8469-2c8223530035"},"geometry":{"type":"Point","coordinates":[-45.9037826,-23.1427228]}},{"type":"Feature","id":"2803306","properties":{"period":"2026-05","date":"10/05/2026","hour":"07:25","type":"COLISAO","turn":"MANHA","roadType":"VIAS URBANAS","street":"RUA WALDEMAR LUIZ CONSIGLIO","fatal":false,"fatalVictims":0,"seriousVictims":0,"pedestrian":0,"bicycle":0,"motorcycle":0,"automobile":2,"bus":0,"truck":0,"resourceId":"7576e651-0f03-412e-8469-2c8223530035"},"geometry":{"type":"Point","coordinates":[-45.7673354,-23.1362303]}},{"type":"Feature","id":"2801276","properties":{"period":"2026-05","date":"11/05/2026","hour":"07:18","type":"COLISAO","turn":"MANHA","roadType":"VIAS URBANAS","street":"AVENIDA SAO JOSE","fatal":false,"fatalVictims":0,"seriousVictims":0,"pedestrian":0,"bicycle":0,"motorcycle":0,"automobile":0,"bus":0,"truck":0,"resourceId":"7576e651-0f03-412e-8469-2c8223530035"},"geometry":{"type":"Point","coordinates":[-45.8908922,-23.1768723]}},{"type":"Feature","id":"2798272","properties":{"period":"2026-05","date":"11/05/2026","hour":"08:45","type":"COLISAO","turn":"MANHA","roadType":"VIAS URBANAS","street":"AVENIDA HEITOR VILLA-LOBOS","fatal":true,"fatalVictims":1,"seriousVictims":0,"pedestrian":0,"bicycle":0,"motorcycle":1,"automobile":1,"bus":0,"truck":0,"resourceId":"7576e651-0f03-412e-8469-2c8223530035"},"geometry":{"type":"Point","coordinates":[-45.8934634019,-23.2039638284]}},{"type":"Feature","id":"2793198","properties":{"period":"2026-05","date":"19/05/2026","hour":"08:20","type":"COLISAO","turn":"MANHA","roadType":"ESTRADAS E RODOVIAS","street":"SP 070","fatal":false,"fatalVictims":0,"seriousVictims":0,"pedestrian":0,"bicycle":0,"motorcycle":0,"automobile":2,"bus":0,"truck":0,"resourceId":"7576e651-0f03-412e-8469-2c8223530035"},"geometry":{"type":"Point","coordinates":[-45.7836479537,-23.2355551118]}},{"type":"Feature","id":"2802823","properties":{"period":"2026-05","date":"20/05/2026","hour":"07:00","type":"OUTROS","turn":"MANHA","roadType":"ESTRADAS E RODOVIAS","street":"BR 116","fatal":false,"fatalVictims":0,"seriousVictims":0,"pedestrian":0,"bicycle":1,"motorcycle":0,"automobile":0,"bus":0,"truck":0,"resourceId":"7576e651-0f03-412e-8469-2c8223530035"},"geometry":{"type":"Point","coordinates":[-45.9400313332,-23.2528542621]}},{"type":"Feature","id":"2802821","properties":{"period":"2026-05","date":"20/05/2026","hour":"10:30","type":"OUTROS","turn":"MANHA","roadType":"ESTRADAS E RODOVIAS","street":"BR 116","fatal":false,"fatalVictims":0,"seriousVictims":0,"pedestrian":0,"bicycle":0,"motorcycle":0,"automobile":1,"bus":0,"truck":0,"resourceId":"7576e651-0f03-412e-8469-2c8223530035"},"geometry":{"type":"Point","coordinates":[-45.7953084671,-23.1569030265]}},{"type":"Feature","id":"2796618","properties":{"period":"2026-05","date":"12/05/2026","hour":"17:17","type":"COLISAO","turn":"TARDE","roadType":"VIAS URBANAS","street":"AVENIDA JOSE MARCONDES PEREIRA","fatal":false,"fatalVictims":0,"seriousVictims":0,"pedestrian":0,"bicycle":0,"motorcycle":1,"automobile":0,"bus":0,"truck":0,"resourceId":"7576e651-0f03-412e-8469-2c8223530035"},"geometry":{"type":"Point","coordinates":[-45.8939506,-23.1675728]}},{"type":"Feature","id":"2798018","properties":{"period":"2026-05","date":"15/05/2026","hour":"12:44","type":"CHOQUE","turn":"TARDE","roadType":"ESTRADAS E RODOVIAS","street":"SP 099","fatal":true,"fatalVictims":1,"seriousVictims":0,"pedestrian":0,"bicycle":0,"motorcycle":1,"automobile":0,"bus":0,"truck":1,"resourceId":"7576e651-0f03-412e-8469-2c8223530035"},"geometry":{"type":"Point","coordinates":[-45.8537548022,-23.2497275037]}},{"type":"Feature","id":"2788157","properties":{"period":"2026-05","date":"19/05/2026","hour":"19:42","type":"COLISAO","turn":"NOITE","roadType":"VIAS URBANAS","street":"AVENIDA CIDADE JARDIM","fatal":false,"fatalVictims":0,"seriousVictims":0,"pedestrian":0,"bicycle":0,"motorcycle":1,"automobile":1,"bus":0,"truck":0,"resourceId":"7576e651-0f03-412e-8469-2c8223530035"},"geometry":{"type":"Point","coordinates":[-45.886603,-23.218715]}},{"type":"Feature","id":"2790484","properties":{"period":"2026-05","date":"20/05/2026","hour":"22:25","type":"COLISAO","turn":"NOITE","roadType":"VIAS URBANAS","street":"AVENIDA PARARANGABA","fatal":false,"fatalVictims":0,"seriousVictims":0,"pedestrian":0,"bicycle":0,"motorcycle":1,"automobile":1,"bus":0,"truck":0,"resourceId":"7576e651-0f03-412e-8469-2c8223530035"},"geometry":{"type":"Point","coordinates":[-45.811117,-23.1717385]}},{"type":"Feature","id":"2790549","properties":{"period":"2026-05","date":"22/05/2026","hour":"21:03","type":"COLISAO","turn":"NOITE","roadType":"VIAS URBANAS","street":"AVENIDA MAJOR MIGUEL NAKED","fatal":false,"fatalVictims":0,"seriousVictims":1,"pedestrian":0,"bicycle":0,"motorcycle":1,"automobile":1,"bus":0,"truck":0,"resourceId":"7576e651-0f03-412e-8469-2c8223530035"},"geometry":{"type":"Point","coordinates":[-45.9080375,-23.2058808]}},{"type":"Feature","id":"2794101","properties":{"period":"2026-05","date":"22/05/2026","hour":"09:24","type":"COLISAO","turn":"MANHA","roadType":"VIAS URBANAS","street":"ESTRADA IMPERADOR","fatal":false,"fatalVictims":0,"seriousVictims":0,"pedestrian":0,"bicycle":0,"motorcycle":1,"automobile":1,"bus":0,"truck":0,"resourceId":"7576e651-0f03-412e-8469-2c8223530035"},"geometry":{"type":"Point","coordinates":[-45.92265512,-23.25697295]}},{"type":"Feature","id":"2801087","properties":{"period":"2026-05","date":"23/05/2026","hour":"23:54","type":"ATROPELAMENTO","turn":"NOITE","roadType":"VIAS URBANAS","street":"AVENIDA SALINAS","fatal":false,"fatalVictims":0,"seriousVictims":0,"pedestrian":1,"bicycle":0,"motorcycle":0,"automobile":1,"bus":0,"truck":0,"resourceId":"7576e651-0f03-412e-8469-2c8223530035"},"geometry":{"type":"Point","coordinates":[-45.8914098,-23.2410273]}},{"type":"Feature","id":"2793293","properties":{"period":"2026-05","date":"23/05/2026","hour":"02:36","type":"NAO DISPONIVEL","turn":"MADRUGADA","roadType":"VIAS URBANAS","street":"AVENIDA CONSTANCIA DA CUNHA PAIVA","fatal":false,"fatalVictims":0,"seriousVictims":0,"pedestrian":0,"bicycle":0,"motorcycle":1,"automobile":0,"bus":0,"truck":0,"resourceId":"7576e651-0f03-412e-8469-2c8223530035"},"geometry":{"type":"Point","coordinates":[-45.8043147,-23.1636674]}},{"type":"Feature","id":"2802850","properties":{"period":"2026-05","date":"24/05/2026","hour":"00:30","type":"OUTROS","turn":"MADRUGADA","roadType":"ESTRADAS E RODOVIAS","street":"BR 116","fatal":false,"fatalVictims":0,"seriousVictims":0,"pedestrian":0,"bicycle":0,"motorcycle":1,"automobile":0,"bus":0,"truck":0,"resourceId":"7576e651-0f03-412e-8469-2c8223530035"},"geometry":{"type":"Point","coordinates":[-45.9274189147,-23.2449722376]}},{"type":"Feature","id":"2802870","properties":{"period":"2026-05","date":"25/05/2026","hour":"08:02","type":"COLISAO","turn":"MANHA","roadType":"ESTRADAS E RODOVIAS","street":"BR 116","fatal":false,"fatalVictims":0,"seriousVictims":0,"pedestrian":0,"bicycle":0,"motorcycle":1,"automobile":1,"bus":0,"truck":0,"resourceId":"7576e651-0f03-412e-8469-2c8223530035"},"geometry":{"type":"Point","coordinates":[-45.8303064477,-23.1749791386]}},{"type":"Feature","id":"2801340","properties":{"period":"2026-05","date":"28/05/2026","hour":"07:08","type":"ATROPELAMENTO","turn":"MANHA","roadType":"VIAS URBANAS","street":"AVENIDA PEDRO FRIGGI","fatal":false,"fatalVictims":0,"seriousVictims":0,"pedestrian":2,"bicycle":0,"motorcycle":0,"automobile":1,"bus":0,"truck":0,"resourceId":"7576e651-0f03-412e-8469-2c8223530035"},"geometry":{"type":"Point","coordinates":[-45.8160302,-23.1763319]}},{"type":"Feature","id":"2799644","properties":{"period":"2026-05","date":"30/05/2026","hour":"15:32","type":"COLISAO","turn":"TARDE","roadType":"VIAS URBANAS","street":"AVENIDA SALINAS","fatal":false,"fatalVictims":0,"seriousVictims":0,"pedestrian":0,"bicycle":0,"motorcycle":1,"automobile":0,"bus":1,"truck":0,"resourceId":"7576e651-0f03-412e-8469-2c8223530035"},"geometry":{"type":"Point","coordinates":[-45.8909407,-23.2351394]}},{"type":"Feature","id":"2803332","properties":{"period":"2026-05","date":"30/05/2026","hour":"11:22","type":"COLISAO","turn":"MANHA","roadType":"VIAS URBANAS","street":"AVENIDA DOS SINDICALISTAS","fatal":false,"fatalVictims":0,"seriousVictims":0,"pedestrian":0,"bicycle":0,"motorcycle":1,"automobile":1,"bus":0,"truck":0,"resourceId":"7576e651-0f03-412e-8469-2c8223530035"},"geometry":{"type":"Point","coordinates":[-45.8940897,-23.2743624]}},{"type":"Feature","id":"2791090","properties":{"period":"2026-05","date":"22/05/2026","hour":"22:24","type":"COLISAO","turn":"NOITE","roadType":"VIAS URBANAS","street":"RUA FRANCISCO ROSA MARQUES","fatal":false,"fatalVictims":0,"seriousVictims":0,"pedestrian":0,"bicycle":0,"motorcycle":2,"automobile":0,"bus":0,"truck":0,"resourceId":"7576e651-0f03-412e-8469-2c8223530035"},"geometry":{"type":"Point","coordinates":[-45.9062432,-23.2617738]}},{"type":"Feature","id":"2798297","properties":{"period":"2026-05","date":"23/05/2026","hour":"20:23","type":"ATROPELAMENTO","turn":"NOITE","roadType":"VIAS URBANAS","street":"AVENIDA OCTAVIA PORTO RODRIGUES","fatal":true,"fatalVictims":1,"seriousVictims":0,"pedestrian":1,"bicycle":0,"motorcycle":0,"automobile":1,"bus":0,"truck":0,"resourceId":"7576e651-0f03-412e-8469-2c8223530035"},"geometry":{"type":"Point","coordinates":[-45.7713415325,-23.1343149383]}},{"type":"Feature","id":"2798728","properties":{"period":"2026-05","date":"24/05/2026","hour":"08:23","type":"COLISAO","turn":"MANHA","roadType":"VIAS URBANAS","street":"AVENIDA GENERAL MOTORS","fatal":false,"fatalVictims":0,"seriousVictims":0,"pedestrian":0,"bicycle":0,"motorcycle":0,"automobile":2,"bus":0,"truck":0,"resourceId":"7576e651-0f03-412e-8469-2c8223530035"},"geometry":{"type":"Point","coordinates":[-45.8201857,-23.1690627]}},{"type":"Feature","id":"2802878","properties":{"period":"2026-05","date":"25/05/2026","hour":"14:50","type":"COLISAO","turn":"TARDE","roadType":"ESTRADAS E RODOVIAS","street":"BR 116","fatal":false,"fatalVictims":0,"seriousVictims":0,"pedestrian":0,"bicycle":0,"motorcycle":1,"automobile":0,"bus":0,"truck":1,"resourceId":"7576e651-0f03-412e-8469-2c8223530035"},"geometry":{"type":"Point","coordinates":[-45.9357737511,-23.2503122305]}},{"type":"Feature","id":"2803509","properties":{"period":"2026-05","date":"25/05/2026","hour":"14:04","type":"COLISAO","turn":"TARDE","roadType":"VIAS URBANAS","street":"AVENIDA DEPUTADO BENEDITO MATARAZZO","fatal":false,"fatalVictims":0,"seriousVictims":0,"pedestrian":0,"bicycle":0,"motorcycle":0,"automobile":1,"bus":0,"truck":1,"resourceId":"7576e651-0f03-412e-8469-2c8223530035"},"geometry":{"type":"Point","coordinates":[-45.913534,-23.2315606]}},{"type":"Feature","id":"2799649","properties":{"period":"2026-05","date":"26/05/2026","hour":"18:44","type":"ATROPELAMENTO","turn":"NOITE","roadType":"VIAS URBANAS","street":"RUA JOAQUIM DE PAULA","fatal":false,"fatalVictims":0,"seriousVictims":1,"pedestrian":1,"bicycle":0,"motorcycle":0,"automobile":0,"bus":0,"truck":0,"resourceId":"7576e651-0f03-412e-8469-2c8223530035"},"geometry":{"type":"Point","coordinates":[-45.9006989,-23.2467208]}},{"type":"Feature","id":"2803000","properties":{"period":"2026-05","date":"29/05/2026","hour":"18:35","type":"COLISAO","turn":"NOITE","roadType":"ESTRADAS E RODOVIAS","street":"BR 116","fatal":false,"fatalVictims":0,"seriousVictims":0,"pedestrian":0,"bicycle":0,"motorcycle":2,"automobile":1,"bus":0,"truck":0,"resourceId":"7576e651-0f03-412e-8469-2c8223530035"},"geometry":{"type":"Point","coordinates":[-45.8303064477,-23.1749791386]}},{"type":"Feature","id":"2802537","properties":{"period":"2026-05","date":"30/05/2026","hour":"09:32","type":"COLISAO","turn":"MANHA","roadType":"VIAS URBANAS","street":"AVENIDA DOUTOR NELSON D'AVILA","fatal":false,"fatalVictims":0,"seriousVictims":0,"pedestrian":0,"bicycle":0,"motorcycle":1,"automobile":1,"bus":0,"truck":0,"resourceId":"7576e651-0f03-412e-8469-2c8223530035"},"geometry":{"type":"Point","coordinates":[-45.8858826,-23.1913635]}},{"type":"Feature","id":"2794105","properties":{"period":"2026-05","date":"23/05/2026","hour":"04:37","type":"COLISAO","turn":"MADRUGADA","roadType":"VIAS URBANAS","street":"AVENIDA LEONOR DE ALMEIDA RIBEIRO SOUTO","fatal":false,"fatalVictims":0,"seriousVictims":0,"pedestrian":0,"bicycle":0,"motorcycle":0,"automobile":1,"bus":0,"truck":0,"resourceId":"7576e651-0f03-412e-8469-2c8223530035"},"geometry":{"type":"Point","coordinates":[-45.9080768,-23.2680512]}},{"type":"Feature","id":"2802973","properties":{"period":"2026-05","date":"23/05/2026","hour":"22:48","type":"CHOQUE","turn":"NOITE","roadType":"ESTRADAS E RODOVIAS","street":"BR 116","fatal":false,"fatalVictims":0,"seriousVictims":0,"pedestrian":0,"bicycle":0,"motorcycle":0,"automobile":1,"bus":0,"truck":0,"resourceId":"7576e651-0f03-412e-8469-2c8223530035"},"geometry":{"type":"Point","coordinates":[-45.9441042215,-23.2556757394]}},{"type":"Feature","id":"2801012","properties":{"period":"2026-05","date":"26/05/2026","hour":"06:57","type":"COLISAO","turn":"MANHA","roadType":"VIAS URBANAS","street":"AVENIDA JORGE ZARUR","fatal":false,"fatalVictims":0,"seriousVictims":0,"pedestrian":0,"bicycle":0,"motorcycle":1,"automobile":0,"bus":0,"truck":0,"resourceId":"7576e651-0f03-412e-8469-2c8223530035"},"geometry":{"type":"Point","coordinates":[-45.8916863,-23.2117238]}},{"type":"Feature","id":"2800061","properties":{"period":"2026-05","date":"31/05/2026","hour":"13:26","type":"COLISAO","turn":"TARDE","roadType":"VIAS URBANAS","street":"AVENIDA PRESIDENTE TANCREDO NEVES","fatal":false,"fatalVictims":0,"seriousVictims":0,"pedestrian":0,"bicycle":0,"motorcycle":1,"automobile":1,"bus":0,"truck":0,"resourceId":"7576e651-0f03-412e-8469-2c8223530035"},"geometry":{"type":"Point","coordinates":[-45.8007099,-23.1841672]}},{"type":"Feature","id":"2790071","properties":{"period":"2026-05","date":"23/05/2026","hour":"16:35","type":"COLISAO","turn":"TARDE","roadType":"VIAS URBANAS","street":"AVENIDA JOSE MARTINS FERREIRA","fatal":false,"fatalVictims":0,"seriousVictims":0,"pedestrian":0,"bicycle":0,"motorcycle":1,"automobile":1,"bus":0,"truck":0,"resourceId":"7576e651-0f03-412e-8469-2c8223530035"},"geometry":{"type":"Point","coordinates":[-45.8180155,-23.2207511]}},{"type":"Feature","id":"2797840","properties":{"period":"2026-05","date":"23/05/2026","hour":"04:26","type":"COLISAO","turn":"MADRUGADA","roadType":"VIAS URBANAS","street":"AVENIDA FLORESTAN FERNANDES","fatal":true,"fatalVictims":1,"seriousVictims":0,"pedestrian":0,"bicycle":0,"motorcycle":1,"automobile":0,"bus":0,"truck":0,"resourceId":"7576e651-0f03-412e-8469-2c8223530035"},"geometry":{"type":"Point","coordinates":[-45.8932453531,-23.2073018337]}},{"type":"Feature","id":"2798184","properties":{"period":"2026-05","date":"24/05/2026","hour":"09:01","type":"OUTROS","turn":"MANHA","roadType":"VIAS URBANAS","street":"AVENIDA DEPUTADO BENEDITO MATARAZZO","fatal":true,"fatalVictims":1,"seriousVictims":0,"pedestrian":0,"bicycle":0,"motorcycle":0,"automobile":0,"bus":1,"truck":0,"resourceId":"7576e651-0f03-412e-8469-2c8223530035"},"geometry":{"type":"Point","coordinates":[-45.906304414,-23.2249833479]}},{"type":"Feature","id":"2801847","properties":{"period":"2026-05","date":"27/05/2026","hour":"09:21","type":"COLISAO","turn":"MANHA","roadType":"VIAS URBANAS","street":"AVENIDA PRESIDENTE JUSCELINO KUBITSCHEK","fatal":false,"fatalVictims":0,"seriousVictims":0,"pedestrian":0,"bicycle":0,"motorcycle":1,"automobile":0,"bus":0,"truck":0,"resourceId":"7576e651-0f03-412e-8469-2c8223530035"},"geometry":{"type":"Point","coordinates":[-45.869486,-23.1812013]}},{"type":"Feature","id":"2803495","properties":{"period":"2026-05","date":"28/05/2026","hour":"15:17","type":"COLISAO","turn":"TARDE","roadType":"VIAS URBANAS","street":"AVENIDA MARIO COVAS","fatal":false,"fatalVictims":0,"seriousVictims":0,"pedestrian":0,"bicycle":1,"motorcycle":0,"automobile":1,"bus":0,"truck":0,"resourceId":"7576e651-0f03-412e-8469-2c8223530035"},"geometry":{"type":"Point","coordinates":[-45.877178,-23.2314352]}},{"type":"Feature","id":"2800558","properties":{"period":"2026-05","date":"28/05/2026","hour":"23:00","type":"COLISAO","turn":"NOITE","roadType":"VIAS URBANAS","street":"RUA JOSE ALVES DE PAIVA","fatal":false,"fatalVictims":0,"seriousVictims":0,"pedestrian":0,"bicycle":0,"motorcycle":1,"automobile":0,"bus":0,"truck":0,"resourceId":"7576e651-0f03-412e-8469-2c8223530035"},"geometry":{"type":"Point","coordinates":[-45.8052212,-23.1655231]}},{"type":"Feature","id":"2803234","properties":{"period":"2026-05","date":"29/05/2026","hour":"13:43","type":"ATROPELAMENTO","turn":"TARDE","roadType":"VIAS URBANAS","street":"AVENIDA CIDADE JARDIM","fatal":false,"fatalVictims":0,"seriousVictims":0,"pedestrian":1,"bicycle":0,"motorcycle":0,"automobile":0,"bus":0,"truck":0,"resourceId":"7576e651-0f03-412e-8469-2c8223530035"},"geometry":{"type":"Point","coordinates":[-45.8923273,-23.2134164]}},{"type":"Feature","id":"2803054","properties":{"period":"2026-05","date":"29/05/2026","hour":"13:03","type":"COLISAO","turn":"TARDE","roadType":"VIAS URBANAS","street":"RUA MARTINS FONTES","fatal":false,"fatalVictims":0,"seriousVictims":0,"pedestrian":0,"bicycle":0,"motorcycle":1,"automobile":1,"bus":0,"truck":0,"resourceId":"7576e651-0f03-412e-8469-2c8223530035"},"geometry":{"type":"Point","coordinates":[-45.8758312,-23.1807121]}},{"type":"Feature","id":"2799190","properties":{"period":"2026-05","date":"31/05/2026","hour":"09:51","type":"CHOQUE","turn":"MANHA","roadType":"VIAS URBANAS","street":"AVENIDA JOAO BATISTA DE SOUZA SOARES","fatal":false,"fatalVictims":0,"seriousVictims":0,"pedestrian":0,"bicycle":0,"motorcycle":0,"automobile":1,"bus":0,"truck":0,"resourceId":"7576e651-0f03-412e-8469-2c8223530035"},"geometry":{"type":"Point","coordinates":[-45.9107181,-23.2588932]}},{"type":"Feature","id":"2799918","properties":{"period":"2026-05","date":"31/05/2026","hour":"12:42","type":"COLISAO","turn":"TARDE","roadType":"VIAS URBANAS","street":"AVENIDA NAPOLEAO BONAPARTE","fatal":false,"fatalVictims":0,"seriousVictims":0,"pedestrian":0,"bicycle":1,"motorcycle":0,"automobile":1,"bus":0,"truck":0,"resourceId":"7576e651-0f03-412e-8469-2c8223530035"},"geometry":{"type":"Point","coordinates":[-45.8974542,-23.2796574]}},{"type":"Feature","id":"2798540","properties":{"period":"2026-05","date":"24/05/2026","hour":"18:55","type":"COLISAO","turn":"NOITE","roadType":"VIAS URBANAS","street":"AVENIDA FLORESTAN FERNANDES","fatal":false,"fatalVictims":0,"seriousVictims":1,"pedestrian":0,"bicycle":0,"motorcycle":1,"automobile":1,"bus":0,"truck":0,"resourceId":"7576e651-0f03-412e-8469-2c8223530035"},"geometry":{"type":"Point","coordinates":[-45.8847566,-23.1975899]}},{"type":"Feature","id":"2801267","properties":{"period":"2026-05","date":"24/05/2026","hour":"23:32","type":"NAO DISPONIVEL","turn":"NOITE","roadType":"VIAS URBANAS","street":"AVENIDA CIDADE JARDIM","fatal":false,"fatalVictims":0,"seriousVictims":0,"pedestrian":0,"bicycle":0,"motorcycle":1,"automobile":0,"bus":0,"truck":0,"resourceId":"7576e651-0f03-412e-8469-2c8223530035"},"geometry":{"type":"Point","coordinates":[-45.8858628,-23.2515613]}},{"type":"Feature","id":"2801291","properties":{"period":"2026-05","date":"26/05/2026","hour":"07:38","type":"COLISAO","turn":"MANHA","roadType":"VIAS URBANAS","street":"AVENIDA SALINAS","fatal":false,"fatalVictims":0,"seriousVictims":0,"pedestrian":0,"bicycle":0,"motorcycle":1,"automobile":1,"bus":0,"truck":0,"resourceId":"7576e651-0f03-412e-8469-2c8223530035"},"geometry":{"type":"Point","coordinates":[-45.8872065,-23.2680684]}},{"type":"Feature","id":"2802976","properties":{"period":"2026-05","date":"26/05/2026","hour":"10:00","type":"OUTROS","turn":"MANHA","roadType":"ESTRADAS E RODOVIAS","street":"BR 116","fatal":false,"fatalVictims":0,"seriousVictims":0,"pedestrian":0,"bicycle":0,"motorcycle":0,"automobile":1,"bus":0,"truck":3,"resourceId":"7576e651-0f03-412e-8469-2c8223530035"},"geometry":{"type":"Point","coordinates":[-45.8215563647,-23.1704587741]}},{"type":"Feature","id":"2801408","properties":{"period":"2026-05","date":"27/05/2026","hour":"07:29","type":"COLISAO","turn":"MANHA","roadType":"VIAS URBANAS","street":"AVENIDA CASSIOPEIA","fatal":false,"fatalVictims":0,"seriousVictims":0,"pedestrian":0,"bicycle":0,"motorcycle":1,"automobile":1,"bus":0,"truck":0,"resourceId":"7576e651-0f03-412e-8469-2c8223530035"},"geometry":{"type":"Point","coordinates":[-45.8895043,-23.2288897]}},{"type":"Feature","id":"2802089","properties":{"period":"2026-05","date":"27/05/2026","hour":"10:39","type":"COLISAO","turn":"MANHA","roadType":"VIAS URBANAS","street":"RUA ANA EUFRASIA","fatal":false,"fatalVictims":0,"seriousVictims":0,"pedestrian":0,"bicycle":0,"motorcycle":1,"automobile":0,"bus":0,"truck":0,"resourceId":"7576e651-0f03-412e-8469-2c8223530035"},"geometry":{"type":"Point","coordinates":[-45.8900767,-23.1744296]}},{"type":"Feature","id":"2803143","properties":{"period":"2026-05","date":"30/05/2026","hour":"10:29","type":"ATROPELAMENTO","turn":"MANHA","roadType":"VIAS URBANAS","street":"AVENIDA CECILIA LUCIO DE ALMEIDA MOTA","fatal":false,"fatalVictims":0,"seriousVictims":0,"pedestrian":1,"bicycle":0,"motorcycle":0,"automobile":1,"bus":0,"truck":0,"resourceId":"7576e651-0f03-412e-8469-2c8223530035"},"geometry":{"type":"Point","coordinates":[-45.8979785,-23.290712]}},{"type":"Feature","id":"2802920","properties":{"period":"2026-05","date":"29/05/2026","hour":"08:00","type":"COLISAO","turn":"MANHA","roadType":"ESTRADAS E RODOVIAS","street":"BR 116","fatal":false,"fatalVictims":0,"seriousVictims":1,"pedestrian":0,"bicycle":0,"motorcycle":1,"automobile":1,"bus":0,"truck":0,"resourceId":"7576e651-0f03-412e-8469-2c8223530035"},"geometry":{"type":"Point","coordinates":[-45.9274189147,-23.2449722376]}},{"type":"Feature","id":"2799679","properties":{"period":"2026-05","date":"31/05/2026","hour":"11:53","type":"COLISAO","turn":"MANHA","roadType":"VIAS URBANAS","street":"AVENIDA LEONOR DE ALMEIDA RIBEIRO SOUTO","fatal":false,"fatalVictims":0,"seriousVictims":0,"pedestrian":0,"bicycle":0,"motorcycle":1,"automobile":0,"bus":0,"truck":0,"resourceId":"7576e651-0f03-412e-8469-2c8223530035"},"geometry":{"type":"Point","coordinates":[-45.9119088,-23.264061]}},{"type":"Feature","id":"2800060","properties":{"period":"2026-05","date":"27/05/2026","hour":"20:30","type":"COLISAO","turn":"NOITE","roadType":"VIAS URBANAS","street":"RUA ICATU","fatal":false,"fatalVictims":0,"seriousVictims":2,"pedestrian":0,"bicycle":0,"motorcycle":2,"automobile":0,"bus":0,"truck":0,"resourceId":"7576e651-0f03-412e-8469-2c8223530035"},"geometry":{"type":"Point","coordinates":[-45.91171,-23.246523]}},{"type":"Feature","id":"2802340","properties":{"period":"2026-05","date":"30/05/2026","hour":"08:14","type":"COLISAO","turn":"MANHA","roadType":"VIAS URBANAS","street":"RUA ARCILIO MOREIRA DA SILVA","fatal":false,"fatalVictims":0,"seriousVictims":0,"pedestrian":0,"bicycle":0,"motorcycle":0,"automobile":0,"bus":0,"truck":1,"resourceId":"7576e651-0f03-412e-8469-2c8223530035"},"geometry":{"type":"Point","coordinates":[-45.9010723,-23.2623759]}},{"type":"Feature","id":"2800108","properties":{"period":"2026-05","date":"31/05/2026","hour":"13:32","type":"COLISAO","turn":"TARDE","roadType":"VIAS URBANAS","street":"AVENIDA OURO FINO","fatal":false,"fatalVictims":0,"seriousVictims":0,"pedestrian":0,"bicycle":0,"motorcycle":1,"automobile":1,"bus":0,"truck":0,"resourceId":"7576e651-0f03-412e-8469-2c8223530035"},"geometry":{"type":"Point","coordinates":[-45.8886896,-23.2508049]}},{"type":"Feature","id":"2802857","properties":{"period":"2026-05","date":"24/05/2026","hour":"06:10","type":"OUTROS","turn":"MANHA","roadType":"ESTRADAS E RODOVIAS","street":"BR 116","fatal":false,"fatalVictims":0,"seriousVictims":0,"pedestrian":0,"bicycle":0,"motorcycle":1,"automobile":0,"bus":0,"truck":0,"resourceId":"7576e651-0f03-412e-8469-2c8223530035"},"geometry":{"type":"Point","coordinates":[-45.9357737511,-23.2503122305]}},{"type":"Feature","id":"2803026","properties":{"period":"2026-05","date":"25/05/2026","hour":"08:00","type":"COLISAO","turn":"MANHA","roadType":"ESTRADAS E RODOVIAS","street":"BR 116","fatal":false,"fatalVictims":0,"seriousVictims":0,"pedestrian":0,"bicycle":0,"motorcycle":1,"automobile":1,"bus":0,"truck":0,"resourceId":"7576e651-0f03-412e-8469-2c8223530035"},"geometry":{"type":"Point","coordinates":[-45.831181456,-23.175431175]}},{"type":"Feature","id":"2800540","properties":{"period":"2026-05","date":"26/05/2026","hour":"23:01","type":"COLISAO","turn":"NOITE","roadType":"VIAS URBANAS","street":"RUA MANOEL CORREA DE OLIVEIRA","fatal":false,"fatalVictims":0,"seriousVictims":0,"pedestrian":0,"bicycle":0,"motorcycle":1,"automobile":1,"bus":0,"truck":0,"resourceId":"7576e651-0f03-412e-8469-2c8223530035"},"geometry":{"type":"Point","coordinates":[-45.8973973,-23.2730307]}},{"type":"Feature","id":"2788414","properties":{"period":"2026-05","date":"23/05/2026","hour":"13:11","type":"COLISAO","turn":"TARDE","roadType":"VIAS URBANAS","street":"AVENIDA PROFESSOR MILTON SANTOS","fatal":false,"fatalVictims":0,"seriousVictims":0,"pedestrian":0,"bicycle":0,"motorcycle":1,"automobile":1,"bus":0,"truck":0,"resourceId":"7576e651-0f03-412e-8469-2c8223530035"},"geometry":{"type":"Point","coordinates":[-45.7928598,-23.169005]}},{"type":"Feature","id":"2800569","properties":{"period":"2026-05","date":"23/05/2026","hour":"23:58","type":"NAO DISPONIVEL","turn":"NOITE","roadType":"ESTRADAS E RODOVIAS","street":"SP 099","fatal":false,"fatalVictims":0,"seriousVictims":0,"pedestrian":0,"bicycle":0,"motorcycle":0,"automobile":0,"bus":0,"truck":0,"resourceId":"7576e651-0f03-412e-8469-2c8223530035"},"geometry":{"type":"Point","coordinates":[-45.8627441393,-23.2466902063]}},{"type":"Feature","id":"2803329","properties":{"period":"2026-05","date":"25/05/2026","hour":"13:29","type":"CHOQUE","turn":"TARDE","roadType":"VIAS URBANAS","street":"PONTE JOSE SILVERIO DE SOUZA","fatal":false,"fatalVictims":0,"seriousVictims":0,"pedestrian":0,"bicycle":0,"motorcycle":1,"automobile":2,"bus":0,"truck":0,"resourceId":"7576e651-0f03-412e-8469-2c8223530035"},"geometry":{"type":"Point","coordinates":[-45.9038085,-23.1427594]}},{"type":"Feature","id":"2799984","properties":{"period":"2026-05","date":"28/05/2026","hour":"19:46","type":"COLISAO","turn":"NOITE","roadType":"VIAS URBANAS","street":"AVENIDA JOSE ANTONIO SILVERIO","fatal":false,"fatalVictims":0,"seriousVictims":0,"pedestrian":0,"bicycle":0,"motorcycle":1,"automobile":0,"bus":0,"truck":0,"resourceId":"7576e651-0f03-412e-8469-2c8223530035"},"geometry":{"type":"Point","coordinates":[-45.8254468,-23.2385976]}},{"type":"Feature","id":"2800475","properties":{"period":"2026-05","date":"31/05/2026","hour":"15:45","type":"COLISAO","turn":"TARDE","roadType":"VIAS URBANAS","street":"AVENIDA BENEDITO DOMINGUES DE OLIVEIRA","fatal":false,"fatalVictims":0,"seriousVictims":0,"pedestrian":0,"bicycle":0,"motorcycle":0,"automobile":2,"bus":0,"truck":0,"resourceId":"7576e651-0f03-412e-8469-2c8223530035"},"geometry":{"type":"Point","coordinates":[-45.9067056,-23.2530248]}},{"type":"Feature","id":"2801093","properties":{"period":"2026-05","date":"23/05/2026","hour":"23:48","type":"COLISAO","turn":"NOITE","roadType":"ESTRADAS E RODOVIAS","street":"SP 099","fatal":false,"fatalVictims":0,"seriousVictims":0,"pedestrian":0,"bicycle":0,"motorcycle":0,"automobile":2,"bus":0,"truck":0,"resourceId":"7576e651-0f03-412e-8469-2c8223530035"},"geometry":{"type":"Point","coordinates":[-45.881662,-23.2150861673]}},{"type":"Feature","id":"2800383","properties":{"period":"2026-05","date":"25/05/2026","hour":"20:54","type":"COLISAO","turn":"NOITE","roadType":"VIAS URBANAS","street":"ESTRADA ANTENOR SALLES VILELA","fatal":false,"fatalVictims":0,"seriousVictims":0,"pedestrian":0,"bicycle":1,"motorcycle":0,"automobile":2,"bus":0,"truck":0,"resourceId":"7576e651-0f03-412e-8469-2c8223530035"},"geometry":{"type":"Point","coordinates":[-45.8985081,-23.1312173]}},{"type":"Feature","id":"2802895","properties":{"period":"2026-05","date":"26/05/2026","hour":"19:20","type":"COLISAO","turn":"NOITE","roadType":"ESTRADAS E RODOVIAS","street":"BR 116","fatal":false,"fatalVictims":0,"seriousVictims":0,"pedestrian":0,"bicycle":1,"motorcycle":0,"automobile":1,"bus":0,"truck":0,"resourceId":"7576e651-0f03-412e-8469-2c8223530035"},"geometry":{"type":"Point","coordinates":[-45.9192492437,-23.2377519399]}},{"type":"Feature","id":"2820570","properties":{"period":"2026-06","date":"04/06/2026","hour":"13:52","type":"COLISAO","turn":"TARDE","roadType":"VIAS URBANAS","street":"AVENIDA SAO JOAO","fatal":false,"fatalVictims":0,"seriousVictims":1,"pedestrian":0,"bicycle":0,"motorcycle":1,"automobile":0,"bus":0,"truck":0,"resourceId":"e92123ee-6d67-40cc-b918-5367c40d56b5"},"geometry":{"type":"Point","coordinates":[-45.8999397,-23.1982757]}},{"type":"Feature","id":"2818122","properties":{"period":"2026-06","date":"05/06/2026","hour":"05:00","type":"OUTROS","turn":"MADRUGADA","roadType":"ESTRADAS E RODOVIAS","street":"BR 116","fatal":false,"fatalVictims":0,"seriousVictims":0,"pedestrian":0,"bicycle":0,"motorcycle":0,"automobile":1,"bus":0,"truck":0,"resourceId":"e92123ee-6d67-40cc-b918-5367c40d56b5"},"geometry":{"type":"Point","coordinates":[-45.8481077544,-23.1834056725]}},{"type":"Feature","id":"2818626","properties":{"period":"2026-06","date":"05/06/2026","hour":"12:38","type":"COLISAO","turn":"TARDE","roadType":"VIAS URBANAS","street":"RUA BACABAL","fatal":false,"fatalVictims":0,"seriousVictims":0,"pedestrian":0,"bicycle":0,"motorcycle":1,"automobile":1,"bus":0,"truck":0,"resourceId":"e92123ee-6d67-40cc-b918-5367c40d56b5"},"geometry":{"type":"Point","coordinates":[-45.9053939,-23.2387768]}},{"type":"Feature","id":"2817306","properties":{"period":"2026-06","date":"06/06/2026","hour":"09:53","type":"COLISAO","turn":"MANHA","roadType":"VIAS URBANAS","street":"AVENIDA JOAO MARSON","fatal":false,"fatalVictims":0,"seriousVictims":0,"pedestrian":0,"bicycle":0,"motorcycle":0,"automobile":2,"bus":0,"truck":0,"resourceId":"e92123ee-6d67-40cc-b918-5367c40d56b5"},"geometry":{"type":"Point","coordinates":[-45.8718864,-23.1781998]}},{"type":"Feature","id":"2808015","properties":{"period":"2026-06","date":"08/06/2026","hour":"21:51","type":"OUTROS","turn":"NOITE","roadType":"ESTRADAS E RODOVIAS","street":"SP 099","fatal":false,"fatalVictims":0,"seriousVictims":0,"pedestrian":0,"bicycle":0,"motorcycle":0,"automobile":0,"bus":0,"truck":0,"resourceId":"e92123ee-6d67-40cc-b918-5367c40d56b5"},"geometry":{"type":"Point","coordinates":[-45.881662,-23.2150861673]}},{"type":"Feature","id":"2807221","properties":{"period":"2026-06","date":"02/06/2026","hour":"21:43","type":"COLISAO","turn":"NOITE","roadType":"ESTRADAS E RODOVIAS","street":"SP 050","fatal":false,"fatalVictims":0,"seriousVictims":0,"pedestrian":0,"bicycle":0,"motorcycle":1,"automobile":1,"bus":0,"truck":0,"resourceId":"e92123ee-6d67-40cc-b918-5367c40d56b5"},"geometry":{"type":"Point","coordinates":[-45.90896191,-23.13367104]}},{"type":"Feature","id":"2803724","properties":{"period":"2026-06","date":"05/06/2026","hour":"04:33","type":"ATROPELAMENTO","turn":"MADRUGADA","roadType":"VIAS URBANAS","street":"AVENIDA DUSMENIL SANTOS FERNANDES","fatal":true,"fatalVictims":1,"seriousVictims":0,"pedestrian":1,"bicycle":0,"motorcycle":0,"automobile":1,"bus":0,"truck":0,"resourceId":"e92123ee-6d67-40cc-b918-5367c40d56b5"},"geometry":{"type":"Point","coordinates":[-45.7761025023,-23.140233636]}},{"type":"Feature","id":"2806098","properties":{"period":"2026-06","date":"06/06/2026","hour":"15:03","type":"COLISAO","turn":"TARDE","roadType":"VIAS URBANAS","street":"ESTRADA IMPERADOR","fatal":false,"fatalVictims":0,"seriousVictims":0,"pedestrian":0,"bicycle":0,"motorcycle":1,"automobile":1,"bus":0,"truck":0,"resourceId":"e92123ee-6d67-40cc-b918-5367c40d56b5"},"geometry":{"type":"Point","coordinates":[-45.92265512,-23.25697295]}},{"type":"Feature","id":"2816882","properties":{"period":"2026-06","date":"07/06/2026","hour":"04:29","type":"COLISAO","turn":"MADRUGADA","roadType":"VIAS URBANAS","street":"RUA CONEGO JOSE F DA SILVA RAMOS","fatal":false,"fatalVictims":0,"seriousVictims":0,"pedestrian":0,"bicycle":0,"motorcycle":0,"automobile":2,"bus":0,"truck":0,"resourceId":"e92123ee-6d67-40cc-b918-5367c40d56b5"},"geometry":{"type":"Point","coordinates":[-45.8932482,-23.1746255]}},{"type":"Feature","id":"2818172","properties":{"period":"2026-06","date":"08/06/2026","hour":"17:30","type":"COLISAO","turn":"TARDE","roadType":"ESTRADAS E RODOVIAS","street":"BR 116","fatal":false,"fatalVictims":0,"seriousVictims":1,"pedestrian":0,"bicycle":0,"motorcycle":1,"automobile":1,"bus":0,"truck":0,"resourceId":"e92123ee-6d67-40cc-b918-5367c40d56b5"},"geometry":{"type":"Point","coordinates":[-45.8303064477,-23.1749791386]}},{"type":"Feature","id":"2813495","properties":{"period":"2026-06","date":"08/06/2026","hour":"07:49","type":"COLISAO","turn":"MANHA","roadType":"VIAS URBANAS","street":"RUA JACAREI","fatal":false,"fatalVictims":0,"seriousVictims":0,"pedestrian":0,"bicycle":0,"motorcycle":1,"automobile":1,"bus":0,"truck":0,"resourceId":"e92123ee-6d67-40cc-b918-5367c40d56b5"},"geometry":{"type":"Point","coordinates":[-45.8850032,-23.2063242]}},{"type":"Feature","id":"2809142","properties":{"period":"2026-06","date":"05/06/2026","hour":"21:09","type":"COLISAO","turn":"NOITE","roadType":"VIAS URBANAS","street":"AVENIDA MAJOR MIGUEL NAKED","fatal":false,"fatalVictims":0,"seriousVictims":0,"pedestrian":0,"bicycle":0,"motorcycle":0,"automobile":1,"bus":0,"truck":0,"resourceId":"e92123ee-6d67-40cc-b918-5367c40d56b5"},"geometry":{"type":"Point","coordinates":[-45.9080034,-23.2061528]}},{"type":"Feature","id":"2818189","properties":{"period":"2026-06","date":"09/06/2026","hour":"16:10","type":"COLISAO","turn":"TARDE","roadType":"ESTRADAS E RODOVIAS","street":"BR 116","fatal":false,"fatalVictims":0,"seriousVictims":1,"pedestrian":0,"bicycle":0,"motorcycle":1,"automobile":1,"bus":0,"truck":0,"resourceId":"e92123ee-6d67-40cc-b918-5367c40d56b5"},"geometry":{"type":"Point","coordinates":[-45.8552539442,-23.1867238748]}},{"type":"Feature","id":"2806527","properties":{"period":"2026-06","date":"02/06/2026","hour":"03:12","type":"ATROPELAMENTO","turn":"MADRUGADA","roadType":"VIAS URBANAS","street":"AVENIDA SENADOR TEOTONIO VILELA","fatal":false,"fatalVictims":0,"seriousVictims":0,"pedestrian":2,"bicycle":0,"motorcycle":0,"automobile":0,"bus":0,"truck":0,"resourceId":"e92123ee-6d67-40cc-b918-5367c40d56b5"},"geometry":{"type":"Point","coordinates":[-45.8759715,-23.1772192]}},{"type":"Feature","id":"2819644","properties":{"period":"2026-06","date":"02/06/2026","hour":"17:06","type":"ATROPELAMENTO","turn":"TARDE","roadType":"VIAS URBANAS","street":"AVENIDA PERSEU","fatal":false,"fatalVictims":0,"seriousVictims":1,"pedestrian":1,"bicycle":0,"motorcycle":1,"automobile":0,"bus":0,"truck":0,"resourceId":"e92123ee-6d67-40cc-b918-5367c40d56b5"},"geometry":{"type":"Point","coordinates":[-45.8904312,-23.2276982]}},{"type":"Feature","id":"2813700","properties":{"period":"2026-06","date":"07/06/2026","hour":"01:54","type":"ATROPELAMENTO","turn":"MADRUGADA","roadType":"VIAS URBANAS","street":"AVENIDA BENEDITO BENTO","fatal":false,"fatalVictims":0,"seriousVictims":0,"pedestrian":2,"bicycle":0,"motorcycle":0,"automobile":1,"bus":0,"truck":0,"resourceId":"e92123ee-6d67-40cc-b918-5367c40d56b5"},"geometry":{"type":"Point","coordinates":[-45.9065361,-23.2500668]}},{"type":"Feature","id":"2818102","properties":{"period":"2026-06","date":"03/06/2026","hour":"19:20","type":"OUTROS","turn":"NOITE","roadType":"ESTRADAS E RODOVIAS","street":"BR 116","fatal":false,"fatalVictims":0,"seriousVictims":0,"pedestrian":0,"bicycle":0,"motorcycle":0,"automobile":3,"bus":0,"truck":0,"resourceId":"e92123ee-6d67-40cc-b918-5367c40d56b5"},"geometry":{"type":"Point","coordinates":[-45.9357737511,-23.2503122305]}},{"type":"Feature","id":"2814219","properties":{"period":"2026-06","date":"07/06/2026","hour":"02:11","type":"NAO DISPONIVEL","turn":"MADRUGADA","roadType":"ESTRADAS E RODOVIAS","street":"BR 116","fatal":false,"fatalVictims":0,"seriousVictims":0,"pedestrian":0,"bicycle":0,"motorcycle":0,"automobile":0,"bus":0,"truck":0,"resourceId":"e92123ee-6d67-40cc-b918-5367c40d56b5"},"geometry":{"type":"Point","coordinates":[-45.9441042215,-23.2556757394]}},{"type":"Feature","id":"2809783","properties":{"period":"2026-06","date":"07/06/2026","hour":"17:36","type":"COLISAO","turn":"TARDE","roadType":"VIAS URBANAS","street":"ESTRADA DOM JOSE ANTONIO DO COUTO","fatal":false,"fatalVictims":0,"seriousVictims":0,"pedestrian":0,"bicycle":0,"motorcycle":1,"automobile":0,"bus":0,"truck":0,"resourceId":"e92123ee-6d67-40cc-b918-5367c40d56b5"},"geometry":{"type":"Point","coordinates":[-45.96966604,-23.15307654]}},{"type":"Feature","id":"2817076","properties":{"period":"2026-06","date":"08/06/2026","hour":"13:11","type":"OUTROS","turn":"TARDE","roadType":"VIAS URBANAS","street":"AVENIDA SALINAS","fatal":false,"fatalVictims":0,"seriousVictims":0,"pedestrian":0,"bicycle":0,"motorcycle":0,"automobile":2,"bus":0,"truck":0,"resourceId":"e92123ee-6d67-40cc-b918-5367c40d56b5"},"geometry":{"type":"Point","coordinates":[-45.8913293,-23.2359688]}},{"type":"Feature","id":"2818088","properties":{"period":"2026-06","date":"02/06/2026","hour":"17:30","type":"COLISAO","turn":"TARDE","roadType":"ESTRADAS E RODOVIAS","street":"BR 116","fatal":false,"fatalVictims":0,"seriousVictims":0,"pedestrian":0,"bicycle":0,"motorcycle":1,"automobile":3,"bus":0,"truck":0,"resourceId":"e92123ee-6d67-40cc-b918-5367c40d56b5"},"geometry":{"type":"Point","coordinates":[-45.922876173,-23.241131159]}},{"type":"Feature","id":"2818096","properties":{"period":"2026-06","date":"03/06/2026","hour":"09:00","type":"COLISAO","turn":"MANHA","roadType":"ESTRADAS E RODOVIAS","street":"BR 116","fatal":false,"fatalVictims":0,"seriousVictims":0,"pedestrian":0,"bicycle":0,"motorcycle":1,"automobile":0,"bus":0,"truck":0,"resourceId":"e92123ee-6d67-40cc-b918-5367c40d56b5"},"geometry":{"type":"Point","coordinates":[-45.8303064477,-23.1749791386]}},{"type":"Feature","id":"2818127","properties":{"period":"2026-06","date":"04/06/2026","hour":"05:40","type":"COLISAO","turn":"MADRUGADA","roadType":"ESTRADAS E RODOVIAS","street":"BR 116","fatal":false,"fatalVictims":0,"seriousVictims":0,"pedestrian":0,"bicycle":0,"motorcycle":0,"automobile":3,"bus":0,"truck":0,"resourceId":"e92123ee-6d67-40cc-b918-5367c40d56b5"},"geometry":{"type":"Point","coordinates":[-45.9111575492,-23.2299973927]}},{"type":"Feature","id":"2818119","properties":{"period":"2026-06","date":"05/06/2026","hour":"09:20","type":"CHOQUE","turn":"MANHA","roadType":"ESTRADAS E RODOVIAS","street":"BR 116","fatal":false,"fatalVictims":0,"seriousVictims":0,"pedestrian":0,"bicycle":0,"motorcycle":1,"automobile":0,"bus":0,"truck":0,"resourceId":"e92123ee-6d67-40cc-b918-5367c40d56b5"},"geometry":{"type":"Point","coordinates":[-45.8303064477,-23.1749791386]}},{"type":"Feature","id":"2818151","properties":{"period":"2026-06","date":"06/06/2026","hour":"11:20","type":"CHOQUE","turn":"MANHA","roadType":"ESTRADAS E RODOVIAS","street":"BR 116","fatal":false,"fatalVictims":0,"seriousVictims":0,"pedestrian":0,"bicycle":0,"motorcycle":0,"automobile":1,"bus":0,"truck":0,"resourceId":"e92123ee-6d67-40cc-b918-5367c40d56b5"},"geometry":{"type":"Point","coordinates":[-45.9441042215,-23.2556757394]}},{"type":"Feature","id":"2818146","properties":{"period":"2026-06","date":"07/06/2026","hour":"10:00","type":"OUTROS","turn":"MANHA","roadType":"ESTRADAS E RODOVIAS","street":"BR 116","fatal":false,"fatalVictims":0,"seriousVictims":0,"pedestrian":0,"bicycle":0,"motorcycle":1,"automobile":0,"bus":0,"truck":0,"resourceId":"e92123ee-6d67-40cc-b918-5367c40d56b5"},"geometry":{"type":"Point","coordinates":[-45.8822410326,-23.2027424252]}},{"type":"Feature","id":"2808238","properties":{"period":"2026-06","date":"03/06/2026","hour":"21:53","type":"COLISAO","turn":"NOITE","roadType":"VIAS URBANAS","street":"RUA CANDEIAS","fatal":false,"fatalVictims":0,"seriousVictims":0,"pedestrian":0,"bicycle":0,"motorcycle":1,"automobile":1,"bus":0,"truck":0,"resourceId":"e92123ee-6d67-40cc-b918-5367c40d56b5"},"geometry":{"type":"Point","coordinates":[-45.911601,-23.2607419]}},{"type":"Feature","id":"2809072","properties":{"period":"2026-06","date":"04/06/2026","hour":"19:11","type":"COLISAO","turn":"NOITE","roadType":"VIAS URBANAS","street":"RUA SIRIA","fatal":false,"fatalVictims":0,"seriousVictims":0,"pedestrian":0,"bicycle":0,"motorcycle":1,"automobile":1,"bus":0,"truck":0,"resourceId":"e92123ee-6d67-40cc-b918-5367c40d56b5"},"geometry":{"type":"Point","coordinates":[-45.8838282,-23.1993477]}},{"type":"Feature","id":"2818123","properties":{"period":"2026-06","date":"05/06/2026","hour":"14:31","type":"COLISAO","turn":"TARDE","roadType":"ESTRADAS E RODOVIAS","street":"BR 116","fatal":false,"fatalVictims":0,"seriousVictims":0,"pedestrian":0,"bicycle":0,"motorcycle":1,"automobile":1,"bus":0,"truck":0,"resourceId":"e92123ee-6d67-40cc-b918-5367c40d56b5"},"geometry":{"type":"Point","coordinates":[-45.9006544059,-23.2200281933]}},{"type":"Feature","id":"2819551","properties":{"period":"2026-06","date":"02/06/2026","hour":"16:55","type":"ATROPELAMENTO","turn":"TARDE","roadType":"VIAS URBANAS","street":"RUA CECI","fatal":false,"fatalVictims":0,"seriousVictims":0,"pedestrian":1,"bicycle":0,"motorcycle":0,"automobile":0,"bus":1,"truck":0,"resourceId":"e92123ee-6d67-40cc-b918-5367c40d56b5"},"geometry":{"type":"Point","coordinates":[-45.8725059,-23.1901602]}},{"type":"Feature","id":"2818089","properties":{"period":"2026-06","date":"03/06/2026","hour":"06:10","type":"COLISAO","turn":"MANHA","roadType":"ESTRADAS E RODOVIAS","street":"BR 116","fatal":false,"fatalVictims":0,"seriousVictims":0,"pedestrian":0,"bicycle":0,"motorcycle":1,"automobile":1,"bus":0,"truck":0,"resourceId":"e92123ee-6d67-40cc-b918-5367c40d56b5"},"geometry":{"type":"Point","coordinates":[-45.8128522953,-23.1658508086]}},{"type":"Feature","id":"2814212","properties":{"period":"2026-06","date":"04/06/2026","hour":"05:48","type":"OUTROS","turn":"MADRUGADA","roadType":"ESTRADAS E RODOVIAS","street":"BR 116","fatal":false,"fatalVictims":0,"seriousVictims":0,"pedestrian":0,"bicycle":0,"motorcycle":0,"automobile":0,"bus":0,"truck":0,"resourceId":"e92123ee-6d67-40cc-b918-5367c40d56b5"},"geometry":{"type":"Point","coordinates":[-45.8391757632,-23.1792563135]}},{"type":"Feature","id":"2816215","properties":{"period":"2026-06","date":"04/06/2026","hour":"05:40","type":"CHOQUE","turn":"MADRUGADA","roadType":"ESTRADAS E RODOVIAS","street":"SP 066","fatal":false,"fatalVictims":0,"seriousVictims":0,"pedestrian":0,"bicycle":0,"motorcycle":0,"automobile":1,"bus":0,"truck":0,"resourceId":"e92123ee-6d67-40cc-b918-5367c40d56b5"},"geometry":{"type":"Point","coordinates":[-45.9074165278,-23.2457779292]}},{"type":"Feature","id":"2804815","properties":{"period":"2026-06","date":"08/06/2026","hour":"17:58","type":"OUTROS","turn":"TARDE","roadType":"ESTRADAS E RODOVIAS","street":"BR 116","fatal":false,"fatalVictims":0,"seriousVictims":0,"pedestrian":0,"bicycle":0,"motorcycle":0,"automobile":0,"bus":0,"truck":0,"resourceId":"e92123ee-6d67-40cc-b918-5367c40d56b5"},"geometry":{"type":"Point","coordinates":[-45.8215563647,-23.1704587741]}},{"type":"Feature","id":"2804402","properties":{"period":"2026-06","date":"09/06/2026","hour":"18:44","type":"NAO DISPONIVEL","turn":"NOITE","roadType":"ESTRADAS E RODOVIAS","street":"SP 099","fatal":false,"fatalVictims":0,"seriousVictims":0,"pedestrian":0,"bicycle":0,"motorcycle":0,"automobile":0,"bus":0,"truck":0,"resourceId":"e92123ee-6d67-40cc-b918-5367c40d56b5"},"geometry":{"type":"Point","coordinates":[-45.881662,-23.2150861673]}},{"type":"Feature","id":"2803859","properties":{"period":"2026-06","date":"02/06/2026","hour":"08:16","type":"ATROPELAMENTO","turn":"MANHA","roadType":"VIAS URBANAS","street":"RUA ESTACIO JOSE DO NASCIMENTO","fatal":true,"fatalVictims":1,"seriousVictims":0,"pedestrian":0,"bicycle":0,"motorcycle":0,"automobile":0,"bus":0,"truck":1,"resourceId":"e92123ee-6d67-40cc-b918-5367c40d56b5"},"geometry":{"type":"Point","coordinates":[-45.9361409097,-23.2421882239]}},{"type":"Feature","id":"2813616","properties":{"period":"2026-06","date":"03/06/2026","hour":"09:19","type":"COLISAO","turn":"MANHA","roadType":"VIAS URBANAS","street":"RUA PARAIBUNA","fatal":false,"fatalVictims":0,"seriousVictims":0,"pedestrian":0,"bicycle":0,"motorcycle":0,"automobile":2,"bus":0,"truck":0,"resourceId":"e92123ee-6d67-40cc-b918-5367c40d56b5"},"geometry":{"type":"Point","coordinates":[-45.8883291,-23.1935848]}},{"type":"Feature","id":"2818113","properties":{"period":"2026-06","date":"04/06/2026","hour":"19:15","type":"COLISAO","turn":"NOITE","roadType":"ESTRADAS E RODOVIAS","street":"BR 116","fatal":false,"fatalVictims":0,"seriousVictims":0,"pedestrian":0,"bicycle":0,"motorcycle":1,"automobile":1,"bus":0,"truck":0,"resourceId":"e92123ee-6d67-40cc-b918-5367c40d56b5"},"geometry":{"type":"Point","coordinates":[-45.8760212398,-23.1979114897]}},{"type":"Feature","id":"2818128","properties":{"period":"2026-06","date":"04/06/2026","hour":"19:10","type":"OUTROS","turn":"NOITE","roadType":"ESTRADAS E RODOVIAS","street":"BR 116","fatal":false,"fatalVictims":0,"seriousVictims":0,"pedestrian":0,"bicycle":0,"motorcycle":1,"automobile":0,"bus":0,"truck":0,"resourceId":"e92123ee-6d67-40cc-b918-5367c40d56b5"},"geometry":{"type":"Point","coordinates":[-45.8658086399,-23.1920391312]}},{"type":"Feature","id":"2803854","properties":{"period":"2026-06","date":"08/06/2026","hour":"03:00","type":"OUTROS","turn":"MADRUGADA","roadType":"VIAS URBANAS","street":"AVENIDA PRESIDENTE JUSCELINO KUBITSCHEK","fatal":true,"fatalVictims":1,"seriousVictims":0,"pedestrian":0,"bicycle":0,"motorcycle":1,"automobile":0,"bus":0,"truck":0,"resourceId":"e92123ee-6d67-40cc-b918-5367c40d56b5"},"geometry":{"type":"Point","coordinates":[-45.8677237517,-23.1805950909]}},{"type":"Feature","id":"2812083","properties":{"period":"2026-06","date":"15/06/2026","hour":"06:19","type":"COLISAO","turn":"MANHA","roadType":"VIAS URBANAS","street":"AVENIDA DOUTOR NELSON D'AVILA","fatal":false,"fatalVictims":0,"seriousVictims":0,"pedestrian":0,"bicycle":0,"motorcycle":0,"automobile":2,"bus":0,"truck":0,"resourceId":"e92123ee-6d67-40cc-b918-5367c40d56b5"},"geometry":{"type":"Point","coordinates":[-45.8858018,-23.1964492]}},{"type":"Feature","id":"2811166","properties":{"period":"2026-06","date":"12/06/2026","hour":"04:55","type":"NAO DISPONIVEL","turn":"MADRUGADA","roadType":"VIAS URBANAS","street":"TRAVESSA LINEU DE MOURA","fatal":false,"fatalVictims":0,"seriousVictims":0,"pedestrian":0,"bicycle":0,"motorcycle":1,"automobile":0,"bus":0,"truck":0,"resourceId":"e92123ee-6d67-40cc-b918-5367c40d56b5"},"geometry":{"type":"Point","coordinates":[-45.9185462,-23.1905369]}},{"type":"Feature","id":"2816623","properties":{"period":"2026-06","date":"12/06/2026","hour":"13:25","type":"COLISAO","turn":"TARDE","roadType":"VIAS URBANAS","street":"AVENIDA JOAO RODOLFO CASTELLI","fatal":false,"fatalVictims":0,"seriousVictims":0,"pedestrian":0,"bicycle":0,"motorcycle":0,"automobile":1,"bus":0,"truck":0,"resourceId":"e92123ee-6d67-40cc-b918-5367c40d56b5"},"geometry":{"type":"Point","coordinates":[-45.8443398,-23.2448158]}},{"type":"Feature","id":"2807558","properties":{"period":"2026-06","date":"13/06/2026","hour":"17:32","type":"COLISAO","turn":"TARDE","roadType":"VIAS URBANAS","street":"AVENIDA PRESIDENTE TANCREDO NEVES","fatal":false,"fatalVictims":0,"seriousVictims":0,"pedestrian":0,"bicycle":0,"motorcycle":1,"automobile":1,"bus":0,"truck":0,"resourceId":"e92123ee-6d67-40cc-b918-5367c40d56b5"},"geometry":{"type":"Point","coordinates":[-45.7886727,-23.1899246]}},{"type":"Feature","id":"2805378","properties":{"period":"2026-06","date":"17/06/2026","hour":"19:20","type":"COLISAO","turn":"NOITE","roadType":"VIAS URBANAS","street":"RUA CHARLES DIAMOND","fatal":false,"fatalVictims":0,"seriousVictims":0,"pedestrian":0,"bicycle":0,"motorcycle":2,"automobile":0,"bus":0,"truck":0,"resourceId":"e92123ee-6d67-40cc-b918-5367c40d56b5"},"geometry":{"type":"Point","coordinates":[-45.8464891,-23.1737137]}},{"type":"Feature","id":"2818473","properties":{"period":"2026-06","date":"18/06/2026","hour":"18:40","type":"COLISAO","turn":"NOITE","roadType":"ESTRADAS E RODOVIAS","street":"BR 116","fatal":false,"fatalVictims":0,"seriousVictims":0,"pedestrian":0,"bicycle":0,"motorcycle":1,"automobile":1,"bus":0,"truck":0,"resourceId":"e92123ee-6d67-40cc-b918-5367c40d56b5"},"geometry":{"type":"Point","coordinates":[-45.8303064477,-23.1749791386]}},{"type":"Feature","id":"2818200","properties":{"period":"2026-06","date":"10/06/2026","hour":"11:20","type":"COLISAO","turn":"MANHA","roadType":"ESTRADAS E RODOVIAS","street":"BR 116","fatal":false,"fatalVictims":0,"seriousVictims":0,"pedestrian":0,"bicycle":0,"motorcycle":1,"automobile":1,"bus":0,"truck":0,"resourceId":"e92123ee-6d67-40cc-b918-5367c40d56b5"},"geometry":{"type":"Point","coordinates":[-45.8391757632,-23.1792563135]}},{"type":"Feature","id":"2811364","properties":{"period":"2026-06","date":"11/06/2026","hour":"06:45","type":"COLISAO","turn":"MANHA","roadType":"VIAS URBANAS","street":"AVENIDA BARBACENA","fatal":false,"fatalVictims":0,"seriousVictims":0,"pedestrian":0,"bicycle":0,"motorcycle":1,"automobile":1,"bus":0,"truck":0,"resourceId":"e92123ee-6d67-40cc-b918-5367c40d56b5"},"geometry":{"type":"Point","coordinates":[-45.8541245,-23.1750769]}},{"type":"Feature","id":"2804551","properties":{"period":"2026-06","date":"14/06/2026","hour":"04:56","type":"CHOQUE","turn":"MADRUGADA","roadType":"VIAS URBANAS","street":"RUA MADAGASCAR","fatal":false,"fatalVictims":0,"seriousVictims":0,"pedestrian":0,"bicycle":0,"motorcycle":1,"automobile":0,"bus":0,"truck":0,"resourceId":"e92123ee-6d67-40cc-b918-5367c40d56b5"},"geometry":{"type":"Point","coordinates":[-45.9043118,-23.2378059]}},{"type":"Feature","id":"2818275","properties":{"period":"2026-06","date":"16/06/2026","hour":"13:30","type":"COLISAO","turn":"TARDE","roadType":"ESTRADAS E RODOVIAS","street":"BR 116","fatal":false,"fatalVictims":0,"seriousVictims":0,"pedestrian":0,"bicycle":0,"motorcycle":0,"automobile":1,"bus":0,"truck":1,"resourceId":"e92123ee-6d67-40cc-b918-5367c40d56b5"},"geometry":{"type":"Point","coordinates":[-45.7776327422,-23.1482138203]}},{"type":"Feature","id":"2806228","properties":{"period":"2026-06","date":"17/06/2026","hour":"20:02","type":"COLISAO","turn":"NOITE","roadType":"VIAS URBANAS","street":"AVENIDA PRESIDENTE TANCREDO NEVES","fatal":false,"fatalVictims":0,"seriousVictims":0,"pedestrian":0,"bicycle":1,"motorcycle":1,"automobile":0,"bus":0,"truck":0,"resourceId":"e92123ee-6d67-40cc-b918-5367c40d56b5"},"geometry":{"type":"Point","coordinates":[-45.7984686,-23.1857693]}},{"type":"Feature","id":"2818274","properties":{"period":"2026-06","date":"18/06/2026","hour":"06:40","type":"COLISAO","turn":"MANHA","roadType":"ESTRADAS E RODOVIAS","street":"BR 116","fatal":false,"fatalVictims":0,"seriousVictims":0,"pedestrian":0,"bicycle":0,"motorcycle":1,"automobile":1,"bus":0,"truck":0,"resourceId":"e92123ee-6d67-40cc-b918-5367c40d56b5"},"geometry":{"type":"Point","coordinates":[-45.8303064477,-23.1749791386]}},{"type":"Feature","id":"2806983","properties":{"period":"2026-06","date":"11/06/2026","hour":"21:21","type":"CHOQUE","turn":"NOITE","roadType":"VIAS URBANAS","street":"AVENIDA LEONOR DE ALMEIDA RIBEIRO SOUTO","fatal":false,"fatalVictims":0,"seriousVictims":0,"pedestrian":0,"bicycle":0,"motorcycle":0,"automobile":1,"bus":0,"truck":0,"resourceId":"e92123ee-6d67-40cc-b918-5367c40d56b5"},"geometry":{"type":"Point","coordinates":[-45.9119088,-23.264061]}},{"type":"Feature","id":"2806788","properties":{"period":"2026-06","date":"11/06/2026","hour":"21:06","type":"COLISAO","turn":"NOITE","roadType":"VIAS URBANAS","street":"AVENIDA CARLOS ALBERTO DE ANDRADE SILVA","fatal":false,"fatalVictims":0,"seriousVictims":0,"pedestrian":0,"bicycle":0,"motorcycle":1,"automobile":1,"bus":0,"truck":0,"resourceId":"e92123ee-6d67-40cc-b918-5367c40d56b5"},"geometry":{"type":"Point","coordinates":[-45.7844197,-23.2015812]}},{"type":"Feature","id":"2818221","properties":{"period":"2026-06","date":"13/06/2026","hour":"08:30","type":"OUTROS","turn":"MANHA","roadType":"ESTRADAS E RODOVIAS","street":"BR 116","fatal":false,"fatalVictims":0,"seriousVictims":0,"pedestrian":0,"bicycle":0,"motorcycle":1,"automobile":0,"bus":0,"truck":0,"resourceId":"e92123ee-6d67-40cc-b918-5367c40d56b5"},"geometry":{"type":"Point","coordinates":[-45.9111575492,-23.2299973927]}},{"type":"Feature","id":"2813190","properties":{"period":"2026-06","date":"16/06/2026","hour":"09:28","type":"NAO DISPONIVEL","turn":"MANHA","roadType":"ESTRADAS E RODOVIAS","street":"SP 070","fatal":false,"fatalVictims":0,"seriousVictims":0,"pedestrian":0,"bicycle":0,"motorcycle":0,"automobile":0,"bus":0,"truck":0,"resourceId":"e92123ee-6d67-40cc-b918-5367c40d56b5"},"geometry":{"type":"Point","coordinates":[-45.7945830799,-23.2505024694]}},{"type":"Feature","id":"2819676","properties":{"period":"2026-06","date":"15/06/2026","hour":"16:45","type":"COLISAO","turn":"TARDE","roadType":"VIAS URBANAS","street":"AVENIDA SALINAS","fatal":false,"fatalVictims":0,"seriousVictims":0,"pedestrian":0,"bicycle":0,"motorcycle":0,"automobile":1,"bus":0,"truck":0,"resourceId":"e92123ee-6d67-40cc-b918-5367c40d56b5"},"geometry":{"type":"Point","coordinates":[-45.8899,-23.2453335]}},{"type":"Feature","id":"2816333","properties":{"period":"2026-06","date":"12/06/2026","hour":"13:02","type":"COLISAO","turn":"TARDE","roadType":"VIAS URBANAS","street":"RUA REPUBLICA DO IRAQUE","fatal":false,"fatalVictims":0,"seriousVictims":0,"pedestrian":0,"bicycle":0,"motorcycle":1,"automobile":1,"bus":0,"truck":0,"resourceId":"e92123ee-6d67-40cc-b918-5367c40d56b5"},"geometry":{"type":"Point","coordinates":[-45.8820058,-23.201328]}},{"type":"Feature","id":"2804659","properties":{"period":"2026-06","date":"12/06/2026","hour":"18:37","type":"COLISAO","turn":"NOITE","roadType":"VIAS URBANAS","street":"AVENIDA SAO JOAO","fatal":false,"fatalVictims":0,"seriousVictims":0,"pedestrian":0,"bicycle":0,"motorcycle":1,"automobile":1,"bus":0,"truck":0,"resourceId":"e92123ee-6d67-40cc-b918-5367c40d56b5"},"geometry":{"type":"Point","coordinates":[-45.8964379,-23.1953079]}},{"type":"Feature","id":"2818237","properties":{"period":"2026-06","date":"12/06/2026","hour":"18:30","type":"COLISAO","turn":"NOITE","roadType":"ESTRADAS E RODOVIAS","street":"BR 116","fatal":false,"fatalVictims":0,"seriousVictims":0,"pedestrian":0,"bicycle":0,"motorcycle":0,"automobile":3,"bus":0,"truck":0,"resourceId":"e92123ee-6d67-40cc-b918-5367c40d56b5"},"geometry":{"type":"Point","coordinates":[-45.8498943173,-23.1842351899]}},{"type":"Feature","id":"2820702","properties":{"period":"2026-06","date":"17/06/2026","hour":"17:45","type":"COLISAO","turn":"TARDE","roadType":"VIAS URBANAS","street":"ESTRADA MUNICIPAL GLAUDISTOM PEREIRA DE OLIVEIRA","fatal":false,"fatalVictims":0,"seriousVictims":0,"pedestrian":0,"bicycle":0,"motorcycle":1,"automobile":0,"bus":0,"truck":0,"resourceId":"e92123ee-6d67-40cc-b918-5367c40d56b5"},"geometry":{"type":"Point","coordinates":[-45.8448559,-23.2296424]}},{"type":"Feature","id":"2811586","properties":{"period":"2026-06","date":"17/06/2026","hour":"06:56","type":"COLISAO","turn":"MANHA","roadType":"VIAS URBANAS","street":"AVENIDA DEPUTADO BENEDITO MATARAZZO","fatal":false,"fatalVictims":0,"seriousVictims":0,"pedestrian":0,"bicycle":0,"motorcycle":1,"automobile":1,"bus":0,"truck":0,"resourceId":"e92123ee-6d67-40cc-b918-5367c40d56b5"},"geometry":{"type":"Point","coordinates":[-45.913534,-23.2315606]}},{"type":"Feature","id":"2812101","properties":{"period":"2026-06","date":"20/06/2026","hour":"21:45","type":"COLISAO","turn":"NOITE","roadType":"VIAS URBANAS","street":"AVENIDA IGUAPE","fatal":false,"fatalVictims":0,"seriousVictims":0,"pedestrian":0,"bicycle":0,"motorcycle":1,"automobile":0,"bus":0,"truck":0,"resourceId":"e92123ee-6d67-40cc-b918-5367c40d56b5"},"geometry":{"type":"Point","coordinates":[-45.8819088,-23.2354785]}},{"type":"Feature","id":"2805226","properties":{"period":"2026-06","date":"10/06/2026","hour":"19:11","type":"COLISAO","turn":"NOITE","roadType":"VIAS URBANAS","street":"AVENIDA LINNEU DE MOURA","fatal":false,"fatalVictims":0,"seriousVictims":0,"pedestrian":0,"bicycle":0,"motorcycle":1,"automobile":1,"bus":0,"truck":0,"resourceId":"e92123ee-6d67-40cc-b918-5367c40d56b5"},"geometry":{"type":"Point","coordinates":[-45.9167456,-23.1988356]}},{"type":"Feature","id":"2803858","properties":{"period":"2026-06","date":"12/06/2026","hour":"13:49","type":"OUTROS","turn":"TARDE","roadType":"VIAS URBANAS","street":"RUA JOAO MIACCI","fatal":true,"fatalVictims":1,"seriousVictims":0,"pedestrian":0,"bicycle":0,"motorcycle":1,"automobile":0,"bus":0,"truck":1,"resourceId":"e92123ee-6d67-40cc-b918-5367c40d56b5"},"geometry":{"type":"Point","coordinates":[-45.8737389424,-23.2751067584]}},{"type":"Feature","id":"2807980","properties":{"period":"2026-06","date":"13/06/2026","hour":"18:05","type":"CHOQUE","turn":"NOITE","roadType":"ESTRADAS E RODOVIAS","street":"SP 099","fatal":false,"fatalVictims":0,"seriousVictims":0,"pedestrian":0,"bicycle":0,"motorcycle":1,"automobile":1,"bus":0,"truck":0,"resourceId":"e92123ee-6d67-40cc-b918-5367c40d56b5"},"geometry":{"type":"Point","coordinates":[-45.84244523,-23.25444911]}},{"type":"Feature","id":"2810220","properties":{"period":"2026-06","date":"13/06/2026","hour":"22:13","type":"COLISAO","turn":"NOITE","roadType":"VIAS URBANAS","street":"AVENIDA DOUTOR JOAO GUILHERMINO","fatal":false,"fatalVictims":0,"seriousVictims":0,"pedestrian":0,"bicycle":0,"motorcycle":1,"automobile":0,"bus":0,"truck":0,"resourceId":"e92123ee-6d67-40cc-b918-5367c40d56b5"},"geometry":{"type":"Point","coordinates":[-45.8836587,-23.1866902]}},{"type":"Feature","id":"2819332","properties":{"period":"2026-06","date":"15/06/2026","hour":"16:19","type":"ATROPELAMENTO","turn":"TARDE","roadType":"VIAS URBANAS","street":"RUA HENRIQUE DIAS","fatal":false,"fatalVictims":0,"seriousVictims":0,"pedestrian":1,"bicycle":0,"motorcycle":0,"automobile":0,"bus":0,"truck":0,"resourceId":"e92123ee-6d67-40cc-b918-5367c40d56b5"},"geometry":{"type":"Point","coordinates":[-45.8758567,-23.1805029]}},{"type":"Feature","id":"2813452","properties":{"period":"2026-06","date":"17/06/2026","hour":"09:07","type":"OUTROS","turn":"MANHA","roadType":"VIAS URBANAS","street":"AVENIDA HEITOR VILLA LOBOS","fatal":false,"fatalVictims":0,"seriousVictims":0,"pedestrian":0,"bicycle":0,"motorcycle":1,"automobile":1,"bus":0,"truck":0,"resourceId":"e92123ee-6d67-40cc-b918-5367c40d56b5"},"geometry":{"type":"Point","coordinates":[-45.8831668,-23.2064196]}},{"type":"Feature","id":"2803729","properties":{"period":"2026-06","date":"18/06/2026","hour":"17:05","type":"COLISAO","turn":"TARDE","roadType":"VIAS URBANAS","street":"AVENIDA PAPA JOAO PAULO I","fatal":true,"fatalVictims":1,"seriousVictims":0,"pedestrian":0,"bicycle":0,"motorcycle":1,"automobile":1,"bus":0,"truck":0,"resourceId":"e92123ee-6d67-40cc-b918-5367c40d56b5"},"geometry":{"type":"Point","coordinates":[-45.8788878365,-23.2273393729]}},{"type":"Feature","id":"2818902","properties":{"period":"2026-06","date":"19/06/2026","hour":"15:31","type":"COLISAO","turn":"TARDE","roadType":"VIAS URBANAS","street":"AVENIDA PRESIDENTE TANCREDO NEVES","fatal":false,"fatalVictims":0,"seriousVictims":0,"pedestrian":0,"bicycle":0,"motorcycle":1,"automobile":1,"bus":0,"truck":0,"resourceId":"e92123ee-6d67-40cc-b918-5367c40d56b5"},"geometry":{"type":"Point","coordinates":[-45.7942424,-23.1859238]}},{"type":"Feature","id":"2818285","properties":{"period":"2026-06","date":"19/06/2026","hour":"11:20","type":"COLISAO","turn":"MANHA","roadType":"ESTRADAS E RODOVIAS","street":"BR 116","fatal":false,"fatalVictims":0,"seriousVictims":0,"pedestrian":0,"bicycle":0,"motorcycle":0,"automobile":2,"bus":0,"truck":0,"resourceId":"e92123ee-6d67-40cc-b918-5367c40d56b5"},"geometry":{"type":"Point","coordinates":[-45.8570354662,-23.1875637462]}},{"type":"Feature","id":"2818291","properties":{"period":"2026-06","date":"18/06/2026","hour":"09:30","type":"OUTROS","turn":"MANHA","roadType":"ESTRADAS E RODOVIAS","street":"BR 116","fatal":false,"fatalVictims":0,"seriousVictims":0,"pedestrian":0,"bicycle":0,"motorcycle":0,"automobile":0,"bus":0,"truck":1,"resourceId":"e92123ee-6d67-40cc-b918-5367c40d56b5"},"geometry":{"type":"Point","coordinates":[-45.751487381,-23.1353876589]}},{"type":"Feature","id":"2806268","properties":{"period":"2026-06","date":"10/06/2026","hour":"20:09","type":"COLISAO","turn":"NOITE","roadType":"VIAS URBANAS","street":"AVENIDA PRESIDENTE TANCREDO NEVES","fatal":false,"fatalVictims":0,"seriousVictims":0,"pedestrian":0,"bicycle":0,"motorcycle":1,"automobile":1,"bus":0,"truck":0,"resourceId":"e92123ee-6d67-40cc-b918-5367c40d56b5"},"geometry":{"type":"Point","coordinates":[-45.8007099,-23.1841672]}},{"type":"Feature","id":"2804648","properties":{"period":"2026-06","date":"12/06/2026","hour":"18:35","type":"NAO DISPONIVEL","turn":"NOITE","roadType":"ESTRADAS E RODOVIAS","street":"BR 116","fatal":false,"fatalVictims":0,"seriousVictims":0,"pedestrian":0,"bicycle":0,"motorcycle":0,"automobile":0,"bus":0,"truck":0,"resourceId":"e92123ee-6d67-40cc-b918-5367c40d56b5"},"geometry":{"type":"Point","coordinates":[-45.8481077544,-23.1834056725]}},{"type":"Feature","id":"2808651","properties":{"period":"2026-06","date":"12/06/2026","hour":"22:43","type":"COLISAO","turn":"NOITE","roadType":"VIAS URBANAS","street":"ESTRADA DO POUSO FRIO","fatal":false,"fatalVictims":0,"seriousVictims":0,"pedestrian":0,"bicycle":0,"motorcycle":1,"automobile":1,"bus":0,"truck":0,"resourceId":"e92123ee-6d67-40cc-b918-5367c40d56b5"},"geometry":{"type":"Point","coordinates":[-45.88707276,-23.27384253]}},{"type":"Feature","id":"2812708","properties":{"period":"2026-06","date":"17/06/2026","hour":"08:10","type":"COLISAO","turn":"MANHA","roadType":"VIAS URBANAS","street":"AVENIDA CASSIOPEIA","fatal":false,"fatalVictims":0,"seriousVictims":0,"pedestrian":0,"bicycle":0,"motorcycle":1,"automobile":1,"bus":0,"truck":0,"resourceId":"e92123ee-6d67-40cc-b918-5367c40d56b5"},"geometry":{"type":"Point","coordinates":[-45.8886874,-23.2289436]}},{"type":"Feature","id":"2804404","properties":{"period":"2026-06","date":"18/06/2026","hour":"18:28","type":"ATROPELAMENTO","turn":"NOITE","roadType":"VIAS URBANAS","street":"AVENIDA MADRE TERESA","fatal":false,"fatalVictims":0,"seriousVictims":0,"pedestrian":2,"bicycle":0,"motorcycle":0,"automobile":0,"bus":0,"truck":0,"resourceId":"e92123ee-6d67-40cc-b918-5367c40d56b5"},"geometry":{"type":"Point","coordinates":[-45.8896241,-23.18907398]}},{"type":"Feature","id":"2806157","properties":{"period":"2026-06","date":"19/06/2026","hour":"18:59","type":"OUTROS","turn":"NOITE","roadType":"VIAS URBANAS","street":"AVENIDA OLIVO GOMES","fatal":false,"fatalVictims":0,"seriousVictims":0,"pedestrian":0,"bicycle":0,"motorcycle":0,"automobile":4,"bus":0,"truck":0,"resourceId":"e92123ee-6d67-40cc-b918-5367c40d56b5"},"geometry":{"type":"Point","coordinates":[-45.8899985,-23.1715639]}},{"type":"Feature","id":"2803727","properties":{"period":"2026-06","date":"22/06/2026","hour":"18:38","type":"COLISAO","turn":"NOITE","roadType":"VIAS URBANAS","street":"RUA KOICHI MATSUMURA","fatal":true,"fatalVictims":1,"seriousVictims":0,"pedestrian":0,"bicycle":0,"motorcycle":1,"automobile":0,"bus":1,"truck":0,"resourceId":"e92123ee-6d67-40cc-b918-5367c40d56b5"},"geometry":{"type":"Point","coordinates":[-45.8973251963,-23.2259648449]}},{"type":"Feature","id":"2807379","properties":{"period":"2026-06","date":"20/06/2026","hour":"10:04","type":"OUTROS","turn":"MANHA","roadType":"ESTRADAS E RODOVIAS","street":"SP 099","fatal":false,"fatalVictims":0,"seriousVictims":0,"pedestrian":0,"bicycle":0,"motorcycle":0,"automobile":0,"bus":0,"truck":0,"resourceId":"e92123ee-6d67-40cc-b918-5367c40d56b5"},"geometry":{"type":"Point","coordinates":[-45.881662,-23.2150861673]}},{"type":"Feature","id":"2807009","properties":{"period":"2026-06","date":"20/06/2026","hour":"09:33","type":"COLISAO","turn":"MANHA","roadType":"VIAS URBANAS","street":"RUA MARGARIDA TRINDADE MACHADO","fatal":false,"fatalVictims":0,"seriousVictims":0,"pedestrian":0,"bicycle":0,"motorcycle":0,"automobile":2,"bus":0,"truck":0,"resourceId":"e92123ee-6d67-40cc-b918-5367c40d56b5"},"geometry":{"type":"Point","coordinates":[-45.9159046,-23.1572834]}},{"type":"Feature","id":"2811283","properties":{"period":"2026-06","date":"21/06/2026","hour":"21:24","type":"COLISAO","turn":"NOITE","roadType":"VIAS URBANAS","street":"AVENIDA DOS ASTRONAUTAS","fatal":false,"fatalVictims":0,"seriousVictims":0,"pedestrian":0,"bicycle":0,"motorcycle":1,"automobile":1,"bus":0,"truck":0,"resourceId":"e92123ee-6d67-40cc-b918-5367c40d56b5"},"geometry":{"type":"Point","coordinates":[-45.8596336,-23.2065167]}},{"type":"Feature","id":"2818670","properties":{"period":"2026-06","date":"23/06/2026","hour":"16:44","type":"ATROPELAMENTO","turn":"TARDE","roadType":"VIAS URBANAS","street":"TRAVESSA MUNICIPAL","fatal":false,"fatalVictims":0,"seriousVictims":0,"pedestrian":1,"bicycle":1,"motorcycle":0,"automobile":0,"bus":1,"truck":0,"resourceId":"e92123ee-6d67-40cc-b918-5367c40d56b5"},"geometry":{"type":"Point","coordinates":[-45.939651,-23.245008]}},{"type":"Feature","id":"2815632","properties":{"period":"2026-06","date":"24/06/2026","hour":"14:08","type":"COLISAO","turn":"TARDE","roadType":"VIAS URBANAS","street":"RUA ANDORRA","fatal":false,"fatalVictims":0,"seriousVictims":0,"pedestrian":0,"bicycle":0,"motorcycle":1,"automobile":1,"bus":0,"truck":0,"resourceId":"e92123ee-6d67-40cc-b918-5367c40d56b5"},"geometry":{"type":"Point","coordinates":[-45.8958525,-23.2367048]}},{"type":"Feature","id":"2814214","properties":{"period":"2026-06","date":"27/06/2026","hour":"00:14","type":"OUTROS","turn":"MADRUGADA","roadType":"VIAS URBANAS","street":"AVENIDA JORGE ZARUR","fatal":false,"fatalVictims":0,"seriousVictims":0,"pedestrian":0,"bicycle":0,"motorcycle":0,"automobile":1,"bus":0,"truck":0,"resourceId":"e92123ee-6d67-40cc-b918-5367c40d56b5"},"geometry":{"type":"Point","coordinates":[-45.9017397,-23.2087112]}},{"type":"Feature","id":"2821634","properties":{"period":"2026-06","date":"30/06/2026","hour":"18:56","type":"COLISAO","turn":"NOITE","roadType":"ESTRADAS E RODOVIAS","street":"SP 099","fatal":true,"fatalVictims":1,"seriousVictims":0,"pedestrian":0,"bicycle":0,"motorcycle":1,"automobile":2,"bus":0,"truck":0,"resourceId":"e92123ee-6d67-40cc-b918-5367c40d56b5"},"geometry":{"type":"Point","coordinates":[-45.8669111716,-23.2444196926]}},{"type":"Feature","id":"2803730","properties":{"period":"2026-06","date":"20/06/2026","hour":"04:13","type":"CHOQUE","turn":"MADRUGADA","roadType":"VIAS URBANAS","street":"RUA JOSE GUILHERME DE ALMEIDA","fatal":true,"fatalVictims":1,"seriousVictims":0,"pedestrian":0,"bicycle":0,"motorcycle":0,"automobile":1,"bus":0,"truck":0,"resourceId":"e92123ee-6d67-40cc-b918-5367c40d56b5"},"geometry":{"type":"Point","coordinates":[-45.877453858,-23.230805541]}},{"type":"Feature","id":"2809639","properties":{"period":"2026-06","date":"20/06/2026","hour":"14:11","type":"CHOQUE","turn":"TARDE","roadType":"VIAS URBANAS","street":"AVENIDA ILIDIO MEINBERG PORTO","fatal":false,"fatalVictims":0,"seriousVictims":0,"pedestrian":0,"bicycle":0,"motorcycle":1,"automobile":1,"bus":0,"truck":0,"resourceId":"e92123ee-6d67-40cc-b918-5367c40d56b5"},"geometry":{"type":"Point","coordinates":[-45.8147126,-23.1730001]}},{"type":"Feature","id":"2807670","properties":{"period":"2026-06","date":"25/06/2026","hour":"22:11","type":"COLISAO","turn":"NOITE","roadType":"VIAS URBANAS","street":"AVENIDA CAMERINO PEREIRA DOS SANTOS","fatal":false,"fatalVictims":0,"seriousVictims":0,"pedestrian":0,"bicycle":0,"motorcycle":0,"automobile":2,"bus":0,"truck":0,"resourceId":"e92123ee-6d67-40cc-b918-5367c40d56b5"},"geometry":{"type":"Point","coordinates":[-45.8240063,-23.1720708]}},{"type":"Feature","id":"2811043","properties":{"period":"2026-06","date":"25/06/2026","hour":"02:31","type":"COLISAO","turn":"MADRUGADA","roadType":"VIAS URBANAS","street":"AVENIDA SAO JERONIMO","fatal":false,"fatalVictims":0,"seriousVictims":0,"pedestrian":0,"bicycle":0,"motorcycle":1,"automobile":1,"bus":0,"truck":0,"resourceId":"e92123ee-6d67-40cc-b918-5367c40d56b5"},"geometry":{"type":"Point","coordinates":[-45.8337866,-23.2552622]}},{"type":"Feature","id":"2804832","properties":{"period":"2026-06","date":"23/06/2026","hour":"00:08","type":"ATROPELAMENTO","turn":"MADRUGADA","roadType":"VIAS URBANAS","street":"AV GAUDENCIO MARTINS NETO, 370","fatal":false,"fatalVictims":0,"seriousVictims":0,"pedestrian":1,"bicycle":1,"motorcycle":0,"automobile":1,"bus":0,"truck":0,"resourceId":"e92123ee-6d67-40cc-b918-5367c40d56b5"},"geometry":{"type":"Point","coordinates":[-45.8935962,-23.278025]}},{"type":"Feature","id":"2821087","properties":{"period":"2026-06","date":"26/06/2026","hour":"18:35","type":"COLISAO","turn":"NOITE","roadType":"VIAS URBANAS","street":"AVENIDA GENERAL MOTORS","fatal":false,"fatalVictims":0,"seriousVictims":0,"pedestrian":0,"bicycle":0,"motorcycle":1,"automobile":1,"bus":0,"truck":0,"resourceId":"e92123ee-6d67-40cc-b918-5367c40d56b5"},"geometry":{"type":"Point","coordinates":[-45.8291313,-23.1734711]}},{"type":"Feature","id":"2818414","properties":{"period":"2026-06","date":"29/06/2026","hour":"06:50","type":"COLISAO","turn":"MANHA","roadType":"ESTRADAS E RODOVIAS","street":"BR 116","fatal":false,"fatalVictims":0,"seriousVictims":0,"pedestrian":0,"bicycle":0,"motorcycle":2,"automobile":0,"bus":0,"truck":0,"resourceId":"e92123ee-6d67-40cc-b918-5367c40d56b5"},"geometry":{"type":"Point","coordinates":[-45.8128522953,-23.1658508086]}},{"type":"Feature","id":"2813300","properties":{"period":"2026-06","date":"20/06/2026","hour":"01:05","type":"COLISAO","turn":"MADRUGADA","roadType":"VIAS URBANAS","street":"RUA MAJOR ANTONIO DOMINGUES","fatal":false,"fatalVictims":0,"seriousVictims":0,"pedestrian":0,"bicycle":0,"motorcycle":0,"automobile":2,"bus":0,"truck":0,"resourceId":"e92123ee-6d67-40cc-b918-5367c40d56b5"},"geometry":{"type":"Point","coordinates":[-45.8883697,-23.1899223]}},{"type":"Feature","id":"2810769","properties":{"period":"2026-06","date":"21/06/2026","hour":"20:24","type":"COLISAO","turn":"NOITE","roadType":"VIAS URBANAS","street":"RUA GISELE MARTINS","fatal":false,"fatalVictims":0,"seriousVictims":0,"pedestrian":0,"bicycle":0,"motorcycle":1,"automobile":1,"bus":0,"truck":0,"resourceId":"e92123ee-6d67-40cc-b918-5367c40d56b5"},"geometry":{"type":"Point","coordinates":[-45.8997303,-23.2579799]}},{"type":"Feature","id":"2820433","properties":{"period":"2026-06","date":"24/06/2026","hour":"19:51","type":"COLISAO","turn":"NOITE","roadType":"VIAS URBANAS","street":"AVENIDA PERSEU","fatal":false,"fatalVictims":0,"seriousVictims":0,"pedestrian":0,"bicycle":0,"motorcycle":1,"automobile":1,"bus":0,"truck":0,"resourceId":"e92123ee-6d67-40cc-b918-5367c40d56b5"},"geometry":{"type":"Point","coordinates":[-45.8889642,-23.2224367]}},{"type":"Feature","id":"2818403","properties":{"period":"2026-06","date":"27/06/2026","hour":"20:06","type":"COLISAO","turn":"NOITE","roadType":"ESTRADAS E RODOVIAS","street":"BR 116","fatal":false,"fatalVictims":0,"seriousVictims":0,"pedestrian":0,"bicycle":0,"motorcycle":1,"automobile":1,"bus":0,"truck":0,"resourceId":"e92123ee-6d67-40cc-b918-5367c40d56b5"},"geometry":{"type":"Point","coordinates":[-45.8481077544,-23.1834056725]}},{"type":"Feature","id":"2806448","properties":{"period":"2026-06","date":"29/06/2026","hour":"17:10","type":"NAO DISPONIVEL","turn":"TARDE","roadType":"VIAS URBANAS","street":"AVENIDA DEPUTADO BENEDITO MATARAZZO","fatal":false,"fatalVictims":0,"seriousVictims":0,"pedestrian":0,"bicycle":0,"motorcycle":1,"automobile":0,"bus":0,"truck":0,"resourceId":"e92123ee-6d67-40cc-b918-5367c40d56b5"},"geometry":{"type":"Point","coordinates":[-45.9062346,-23.222662]}},{"type":"Feature","id":"2818313","properties":{"period":"2026-06","date":"21/06/2026","hour":"18:00","type":"COLISAO","turn":"NOITE","roadType":"ESTRADAS E RODOVIAS","street":"BR 116","fatal":false,"fatalVictims":0,"seriousVictims":0,"pedestrian":0,"bicycle":0,"motorcycle":0,"automobile":2,"bus":0,"truck":0,"resourceId":"e92123ee-6d67-40cc-b918-5367c40d56b5"},"geometry":{"type":"Point","coordinates":[-45.7599494227,-23.139557848]}},{"type":"Feature","id":"2813473","properties":{"period":"2026-06","date":"24/06/2026","hour":"00:39","type":"COLISAO","turn":"MADRUGADA","roadType":"VIAS URBANAS","street":"RUA PANACEIA","fatal":false,"fatalVictims":0,"seriousVictims":0,"pedestrian":0,"bicycle":0,"motorcycle":0,"automobile":0,"bus":1,"truck":0,"resourceId":"e92123ee-6d67-40cc-b918-5367c40d56b5"},"geometry":{"type":"Point","coordinates":[-45.7934103,-23.2144857]}},{"type":"Feature","id":"2818405","properties":{"period":"2026-06","date":"27/06/2026","hour":"15:00","type":"OUTROS","turn":"TARDE","roadType":"ESTRADAS E RODOVIAS","street":"BR 116","fatal":false,"fatalVictims":0,"seriousVictims":0,"pedestrian":0,"bicycle":0,"motorcycle":0,"automobile":3,"bus":0,"truck":0,"resourceId":"e92123ee-6d67-40cc-b918-5367c40d56b5"},"geometry":{"type":"Point","coordinates":[-45.751487381,-23.1353876589]}},{"type":"Feature","id":"2810786","properties":{"period":"2026-06","date":"20/06/2026","hour":"18:01","type":"ATROPELAMENTO","turn":"NOITE","roadType":"ESTRADAS E RODOVIAS","street":"SP 050","fatal":false,"fatalVictims":0,"seriousVictims":0,"pedestrian":1,"bicycle":0,"motorcycle":0,"automobile":0,"bus":0,"truck":0,"resourceId":"e92123ee-6d67-40cc-b918-5367c40d56b5"},"geometry":{"type":"Point","coordinates":[-45.8922287786,-23.0510883951]}},{"type":"Feature","id":"2807347","properties":{"period":"2026-06","date":"20/06/2026","hour":"10:01","type":"COLISAO","turn":"MANHA","roadType":"VIAS URBANAS","street":"AVENIDA ALFREDO ASDENTE","fatal":false,"fatalVictims":0,"seriousVictims":0,"pedestrian":0,"bicycle":0,"motorcycle":0,"automobile":1,"bus":0,"truck":0,"resourceId":"e92123ee-6d67-40cc-b918-5367c40d56b5"},"geometry":{"type":"Point","coordinates":[-45.9188212,-23.2171158]}},{"type":"Feature","id":"2818363","properties":{"period":"2026-06","date":"22/06/2026","hour":"17:20","type":"OUTROS","turn":"TARDE","roadType":"ESTRADAS E RODOVIAS","street":"BR 116","fatal":false,"fatalVictims":0,"seriousVictims":0,"pedestrian":0,"bicycle":0,"motorcycle":1,"automobile":0,"bus":0,"truck":0,"resourceId":"e92123ee-6d67-40cc-b918-5367c40d56b5"},"geometry":{"type":"Point","coordinates":[-45.9111575492,-23.2299973927]}},{"type":"Feature","id":"2806462","properties":{"period":"2026-06","date":"22/06/2026","hour":"19:10","type":"ATROPELAMENTO","turn":"NOITE","roadType":"VIAS URBANAS","street":"RUA CORIFEU DE AZEVEDO MARQUES","fatal":false,"fatalVictims":0,"seriousVictims":0,"pedestrian":1,"bicycle":0,"motorcycle":0,"automobile":0,"bus":0,"truck":0,"resourceId":"e92123ee-6d67-40cc-b918-5367c40d56b5"},"geometry":{"type":"Point","coordinates":[-45.9285669,-23.2337179]}},{"type":"Feature","id":"2818344","properties":{"period":"2026-06","date":"23/06/2026","hour":"11:00","type":"COLISAO","turn":"MANHA","roadType":"ESTRADAS E RODOVIAS","street":"BR 116","fatal":false,"fatalVictims":0,"seriousVictims":0,"pedestrian":0,"bicycle":0,"motorcycle":1,"automobile":1,"bus":0,"truck":0,"resourceId":"e92123ee-6d67-40cc-b918-5367c40d56b5"},"geometry":{"type":"Point","coordinates":[-45.8570354662,-23.1875637462]}},{"type":"Feature","id":"2817704","properties":{"period":"2026-06","date":"29/06/2026","hour":"12:14","type":"ATROPELAMENTO","turn":"TARDE","roadType":"VIAS URBANAS","street":"AVENIDA POSSIDONIO JOSE DE FREITAS","fatal":false,"fatalVictims":0,"seriousVictims":0,"pedestrian":1,"bicycle":0,"motorcycle":0,"automobile":0,"bus":0,"truck":0,"resourceId":"e92123ee-6d67-40cc-b918-5367c40d56b5"},"geometry":{"type":"Point","coordinates":[-45.9462894,-23.1972784]}},{"type":"Feature","id":"2818389","properties":{"period":"2026-06","date":"21/06/2026","hour":"16:30","type":"COLISAO","turn":"TARDE","roadType":"ESTRADAS E RODOVIAS","street":"BR 116","fatal":false,"fatalVictims":0,"seriousVictims":0,"pedestrian":0,"bicycle":0,"motorcycle":1,"automobile":1,"bus":0,"truck":0,"resourceId":"e92123ee-6d67-40cc-b918-5367c40d56b5"},"geometry":{"type":"Point","coordinates":[-45.7855638022,-23.152169248]}},{"type":"Feature","id":"2814224","properties":{"period":"2026-06","date":"22/06/2026","hour":"08:25","type":"COLISAO","turn":"MANHA","roadType":"VIAS URBANAS","street":"AVENIDA FALCAO PEREGRINO","fatal":false,"fatalVictims":0,"seriousVictims":0,"pedestrian":0,"bicycle":0,"motorcycle":1,"automobile":1,"bus":0,"truck":0,"resourceId":"e92123ee-6d67-40cc-b918-5367c40d56b5"},"geometry":{"type":"Point","coordinates":[-45.9404147,-23.1911905]}},{"type":"Feature","id":"2815367","properties":{"period":"2026-06","date":"26/06/2026","hour":"12:44","type":"COLISAO","turn":"TARDE","roadType":"VIAS URBANAS","street":"RUA GOIANIA","fatal":false,"fatalVictims":0,"seriousVictims":0,"pedestrian":0,"bicycle":0,"motorcycle":0,"automobile":1,"bus":0,"truck":0,"resourceId":"e92123ee-6d67-40cc-b918-5367c40d56b5"},"geometry":{"type":"Point","coordinates":[-45.9088559,-23.2378413]}},{"type":"Feature","id":"2803725","properties":{"period":"2026-06","date":"27/06/2026","hour":"00:18","type":"COLISAO","turn":"MADRUGADA","roadType":"VIAS URBANAS","street":"ESTRADA JOSE AUGUSTO TEIXEIRA","fatal":true,"fatalVictims":1,"seriousVictims":0,"pedestrian":0,"bicycle":0,"motorcycle":1,"automobile":1,"bus":0,"truck":0,"resourceId":"e92123ee-6d67-40cc-b918-5367c40d56b5"},"geometry":{"type":"Point","coordinates":[-45.8730095782,-23.2749071575]}},{"type":"Feature","id":"2811316","properties":{"period":"2026-06","date":"28/06/2026","hour":"19:35","type":"CHOQUE","turn":"NOITE","roadType":"VIAS URBANAS","street":"AVENIDA ANDROMEDA","fatal":false,"fatalVictims":0,"seriousVictims":0,"pedestrian":0,"bicycle":0,"motorcycle":1,"automobile":0,"bus":0,"truck":0,"resourceId":"e92123ee-6d67-40cc-b918-5367c40d56b5"},"geometry":{"type":"Point","coordinates":[-45.8916555,-23.2198494]}},{"type":"Feature","id":"2818412","properties":{"period":"2026-06","date":"28/06/2026","hour":"22:23","type":"OUTROS","turn":"NOITE","roadType":"ESTRADAS E RODOVIAS","street":"BR 116","fatal":false,"fatalVictims":0,"seriousVictims":0,"pedestrian":0,"bicycle":0,"motorcycle":1,"automobile":0,"bus":0,"truck":0,"resourceId":"e92123ee-6d67-40cc-b918-5367c40d56b5"},"geometry":{"type":"Point","coordinates":[-45.8481077544,-23.1834056725]}},{"type":"Feature","id":"2806369","properties":{"period":"2026-06","date":"30/06/2026","hour":"18:32","type":"CHOQUE","turn":"NOITE","roadType":"VIAS URBANAS","street":"RUA FAISAO DOURADO","fatal":false,"fatalVictims":0,"seriousVictims":0,"pedestrian":0,"bicycle":0,"motorcycle":0,"automobile":1,"bus":0,"truck":0,"resourceId":"e92123ee-6d67-40cc-b918-5367c40d56b5"},"geometry":{"type":"Point","coordinates":[-45.94456,-23.1804338]}},{"type":"Feature","id":"2816382","properties":{"period":"2026-06","date":"25/06/2026","hour":"11:31","type":"COLISAO","turn":"MANHA","roadType":"VIAS URBANAS","street":"AVENIDA PEDRO FRIGGI","fatal":false,"fatalVictims":0,"seriousVictims":0,"pedestrian":0,"bicycle":0,"motorcycle":0,"automobile":1,"bus":0,"truck":0,"resourceId":"e92123ee-6d67-40cc-b918-5367c40d56b5"},"geometry":{"type":"Point","coordinates":[-45.815233,-23.1739222]}},{"type":"Feature","id":"2812268","properties":{"period":"2026-06","date":"28/06/2026","hour":"22:18","type":"COLISAO","turn":"NOITE","roadType":"VIAS URBANAS","street":"RUA GOIANIA","fatal":false,"fatalVictims":0,"seriousVictims":0,"pedestrian":0,"bicycle":0,"motorcycle":1,"automobile":1,"bus":0,"truck":0,"resourceId":"e92123ee-6d67-40cc-b918-5367c40d56b5"},"geometry":{"type":"Point","coordinates":[-45.9065442,-23.2411952]}},{"type":"Feature","id":"2818005","properties":{"period":"2026-06","date":"28/06/2026","hour":"03:31","type":"COLISAO","turn":"MADRUGADA","roadType":"VIAS URBANAS","street":"ESTRADA DO PAIOL","fatal":false,"fatalVictims":0,"seriousVictims":0,"pedestrian":0,"bicycle":0,"motorcycle":0,"automobile":1,"bus":0,"truck":0,"resourceId":"e92123ee-6d67-40cc-b918-5367c40d56b5"},"geometry":{"type":"Point","coordinates":[-45.77015247,-23.18644816]}},{"type":"Feature","id":"2808759","properties":{"period":"2026-06","date":"21/06/2026","hour":"16:27","type":"NAO DISPONIVEL","turn":"TARDE","roadType":"ESTRADAS E RODOVIAS","street":"BR 116","fatal":false,"fatalVictims":0,"seriousVictims":0,"pedestrian":0,"bicycle":0,"motorcycle":0,"automobile":0,"bus":0,"truck":0,"resourceId":"e92123ee-6d67-40cc-b918-5367c40d56b5"},"geometry":{"type":"Point","coordinates":[-45.7864496808,-23.1525995915]}},{"type":"Feature","id":"2807086","properties":{"period":"2026-06","date":"22/06/2026","hour":"19:57","type":"COLISAO","turn":"NOITE","roadType":"VIAS URBANAS","street":"AVENIDA TENENTE NEVIO BARACHO","fatal":false,"fatalVictims":0,"seriousVictims":0,"pedestrian":0,"bicycle":0,"motorcycle":1,"automobile":1,"bus":0,"truck":0,"resourceId":"e92123ee-6d67-40cc-b918-5367c40d56b5"},"geometry":{"type":"Point","coordinates":[-45.887695,-23.1778183]}},{"type":"Feature","id":"2818349","properties":{"period":"2026-06","date":"22/06/2026","hour":"08:00","type":"COLISAO","turn":"MANHA","roadType":"ESTRADAS E RODOVIAS","street":"BR 116","fatal":false,"fatalVictims":0,"seriousVictims":0,"pedestrian":0,"bicycle":0,"motorcycle":1,"automobile":0,"bus":0,"truck":1,"resourceId":"e92123ee-6d67-40cc-b918-5367c40d56b5"},"geometry":{"type":"Point","coordinates":[-45.8303064477,-23.1749791386]}},{"type":"Feature","id":"2818956","properties":{"period":"2026-06","date":"22/06/2026","hour":"14:43","type":"COLISAO","turn":"TARDE","roadType":"VIAS URBANAS","street":"AVENIDA DOS ASTRONAUTAS","fatal":false,"fatalVictims":0,"seriousVictims":0,"pedestrian":0,"bicycle":0,"motorcycle":1,"automobile":1,"bus":0,"truck":0,"resourceId":"e92123ee-6d67-40cc-b918-5367c40d56b5"},"geometry":{"type":"Point","coordinates":[-45.8672579,-23.1944737]}},{"type":"Feature","id":"2820098","properties":{"period":"2026-06","date":"26/06/2026","hour":"17:44","type":"COLISAO","turn":"TARDE","roadType":"VIAS URBANAS","street":"AVENIDA JOSE MARTINS FERREIRA","fatal":false,"fatalVictims":0,"seriousVictims":0,"pedestrian":0,"bicycle":0,"motorcycle":1,"automobile":0,"bus":0,"truck":0,"resourceId":"e92123ee-6d67-40cc-b918-5367c40d56b5"},"geometry":{"type":"Point","coordinates":[-45.8180155,-23.2207511]}},{"type":"Feature","id":"2817900","properties":{"period":"2026-06","date":"27/06/2026","hour":"10:20","type":"COLISAO","turn":"MANHA","roadType":"VIAS URBANAS","street":"AVENIDA BARBACENA","fatal":false,"fatalVictims":0,"seriousVictims":0,"pedestrian":0,"bicycle":0,"motorcycle":1,"automobile":1,"bus":0,"truck":0,"resourceId":"e92123ee-6d67-40cc-b918-5367c40d56b5"},"geometry":{"type":"Point","coordinates":[-45.8543227,-23.1750395]}},{"type":"Feature","id":"2812184","properties":{"period":"2026-06","date":"28/06/2026","hour":"22:10","type":"COLISAO","turn":"NOITE","roadType":"VIAS URBANAS","street":"AVENIDA PRESIDENTE JUSCELINO KUBITSCHEK","fatal":false,"fatalVictims":0,"seriousVictims":0,"pedestrian":0,"bicycle":0,"motorcycle":0,"automobile":1,"bus":0,"truck":0,"resourceId":"e92123ee-6d67-40cc-b918-5367c40d56b5"},"geometry":{"type":"Point","coordinates":[-45.8708412,-23.1850394]}},{"type":"Feature","id":"2805207","properties":{"period":"2026-06","date":"29/06/2026","hour":"16:34","type":"COLISAO","turn":"TARDE","roadType":"VIAS URBANAS","street":"RUA SAO CAETANO DO SUL","fatal":false,"fatalVictims":0,"seriousVictims":1,"pedestrian":0,"bicycle":0,"motorcycle":1,"automobile":1,"bus":0,"truck":0,"resourceId":"e92123ee-6d67-40cc-b918-5367c40d56b5"},"geometry":{"type":"Point","coordinates":[-45.9147208,-23.2267832]}},{"type":"Feature","id":"2818431","properties":{"period":"2026-06","date":"30/06/2026","hour":"21:53","type":"COLISAO","turn":"NOITE","roadType":"ESTRADAS E RODOVIAS","street":"BR 116","fatal":false,"fatalVictims":0,"seriousVictims":0,"pedestrian":0,"bicycle":0,"motorcycle":1,"automobile":1,"bus":0,"truck":0,"resourceId":"e92123ee-6d67-40cc-b918-5367c40d56b5"},"geometry":{"type":"Point","coordinates":[-45.8303064477,-23.1749791386]}},{"type":"Feature","id":"2812825","properties":{"period":"2026-07","date":"02/07/2026","hour":"07:59","type":"COLISAO","turn":"MANHA","roadType":"VIAS URBANAS","street":"AVENIDA SAO JOAO","fatal":false,"fatalVictims":0,"seriousVictims":0,"pedestrian":0,"bicycle":0,"motorcycle":1,"automobile":1,"bus":0,"truck":0,"resourceId":"f20fdf61-64b4-450a-b217-c2be12cb35b7"},"geometry":{"type":"Point","coordinates":[-45.9054455,-23.2053583]}},{"type":"Feature","id":"2816362","properties":{"period":"2026-07","date":"03/07/2026","hour":"13:02","type":"CHOQUE","turn":"TARDE","roadType":"VIAS URBANAS","street":"RUA ANGICAL","fatal":false,"fatalVictims":0,"seriousVictims":0,"pedestrian":0,"bicycle":0,"motorcycle":1,"automobile":1,"bus":0,"truck":0,"resourceId":"f20fdf61-64b4-450a-b217-c2be12cb35b7"},"geometry":{"type":"Point","coordinates":[-45.9104214,-23.2552175]}},{"type":"Feature","id":"2804962","properties":{"period":"2026-07","date":"03/07/2026","hour":"18:17","type":"ATROPELAMENTO","turn":"NOITE","roadType":"VIAS URBANAS","street":"PRACA AFONSO PENA","fatal":false,"fatalVictims":0,"seriousVictims":0,"pedestrian":1,"bicycle":0,"motorcycle":1,"automobile":1,"bus":0,"truck":0,"resourceId":"f20fdf61-64b4-450a-b217-c2be12cb35b7"},"geometry":{"type":"Point","coordinates":[-45.8861095,-23.1853204]}},{"type":"Feature","id":"2808640","properties":{"period":"2026-07","date":"03/07/2026","hour":"03:00","type":"NAO DISPONIVEL","turn":"MADRUGADA","roadType":"VIAS URBANAS","street":"AVENIDA SINALOA","fatal":false,"fatalVictims":0,"seriousVictims":0,"pedestrian":0,"bicycle":0,"motorcycle":0,"automobile":0,"bus":0,"truck":0,"resourceId":"f20fdf61-64b4-450a-b217-c2be12cb35b7"},"geometry":{"type":"Point","coordinates":[-45.7828491,-23.209425]}},{"type":"Feature","id":"2810199","properties":{"period":"2026-07","date":"04/07/2026","hour":"21:53","type":"NAO DISPONIVEL","turn":"NOITE","roadType":"VIAS URBANAS","street":"AVENIDA PICO DAS AGULHAS NEGRAS","fatal":false,"fatalVictims":0,"seriousVictims":0,"pedestrian":0,"bicycle":0,"motorcycle":0,"automobile":0,"bus":0,"truck":0,"resourceId":"f20fdf61-64b4-450a-b217-c2be12cb35b7"},"geometry":{"type":"Point","coordinates":[-45.9154919,-23.1649748]}},{"type":"Feature","id":"2822534","properties":{"period":"2026-07","date":"08/07/2026","hour":"07:43","type":"OUTROS","turn":"MANHA","roadType":"VIAS URBANAS","street":"AVENIDA CARLOS ALBERTO DE ANDRADE SILVA","fatal":false,"fatalVictims":0,"seriousVictims":0,"pedestrian":0,"bicycle":0,"motorcycle":0,"automobile":0,"bus":0,"truck":0,"resourceId":"f20fdf61-64b4-450a-b217-c2be12cb35b7"},"geometry":{"type":"Point","coordinates":[-45.7859855,-23.1994793]}},{"type":"Feature","id":"2822588","properties":{"period":"2026-07","date":"08/07/2026","hour":"08:29","type":"OUTROS","turn":"MANHA","roadType":"VIAS URBANAS","street":"RUA DOS ELETRICISTAS","fatal":false,"fatalVictims":0,"seriousVictims":0,"pedestrian":0,"bicycle":0,"motorcycle":0,"automobile":0,"bus":0,"truck":0,"resourceId":"f20fdf61-64b4-450a-b217-c2be12cb35b7"},"geometry":{"type":"Point","coordinates":[-45.7847143,-23.1952132]}},{"type":"Feature","id":"2822251","properties":{"period":"2026-07","date":"09/07/2026","hour":"20:48","type":"OUTROS","turn":"NOITE","roadType":"VIAS URBANAS","street":"RUA LOURDES MARIA DE OLIVEIRA","fatal":false,"fatalVictims":0,"seriousVictims":0,"pedestrian":0,"bicycle":0,"motorcycle":0,"automobile":0,"bus":0,"truck":0,"resourceId":"f20fdf61-64b4-450a-b217-c2be12cb35b7"},"geometry":{"type":"Point","coordinates":[-45.8976192,-23.2712621]}},{"type":"Feature","id":"2823379","properties":{"period":"2026-07","date":"09/07/2026","hour":"13:06","type":"COLISAO","turn":"TARDE","roadType":"VIAS URBANAS","street":"RUA MANOEL BOSCO RIBEIRO","fatal":false,"fatalVictims":0,"seriousVictims":0,"pedestrian":0,"bicycle":0,"motorcycle":0,"automobile":0,"bus":0,"truck":0,"resourceId":"f20fdf61-64b4-450a-b217-c2be12cb35b7"},"geometry":{"type":"Point","coordinates":[-45.9219056,-23.2314922]}},{"type":"Feature","id":"2821236","properties":{"period":"2026-07","date":"06/07/2026","hour":"15:20","type":"COLISAO","turn":"TARDE","roadType":"VIAS URBANAS","street":"AVENIDA ELISIO GALDINO SOBRINHO","fatal":false,"fatalVictims":0,"seriousVictims":0,"pedestrian":0,"bicycle":0,"motorcycle":0,"automobile":2,"bus":0,"truck":0,"resourceId":"f20fdf61-64b4-450a-b217-c2be12cb35b7"},"geometry":{"type":"Point","coordinates":[-45.904953,-23.2582945]}},{"type":"Feature","id":"2823604","properties":{"period":"2026-07","date":"08/07/2026","hour":"17:13","type":"COLISAO","turn":"TARDE","roadType":"VIAS URBANAS","street":"MIRANTE DO ANEL VIARIO VILA ZELFA","fatal":false,"fatalVictims":0,"seriousVictims":0,"pedestrian":0,"bicycle":0,"motorcycle":1,"automobile":1,"bus":0,"truck":0,"resourceId":"f20fdf61-64b4-450a-b217-c2be12cb35b7"},"geometry":{"type":"Point","coordinates":[-45.8946444,-23.2088412]}},{"type":"Feature","id":"2829420","properties":{"period":"2026-07","date":"09/07/2026","hour":"23:44","type":"OUTROS","turn":"NOITE","roadType":"VIAS URBANAS","street":"AVENIDA BENEDITO BENTO","fatal":false,"fatalVictims":0,"seriousVictims":0,"pedestrian":0,"bicycle":0,"motorcycle":0,"automobile":0,"bus":0,"truck":0,"resourceId":"f20fdf61-64b4-450a-b217-c2be12cb35b7"},"geometry":{"type":"Point","coordinates":[-45.9057624,-23.2506611]}},{"type":"Feature","id":"2815301","properties":{"period":"2026-07","date":"01/07/2026","hour":"11:44","type":"OUTROS","turn":"MANHA","roadType":"VIAS URBANAS","street":"AVENIDA JOAO BATISTA DE SOUZA SOARES","fatal":false,"fatalVictims":0,"seriousVictims":0,"pedestrian":0,"bicycle":0,"motorcycle":0,"automobile":0,"bus":0,"truck":0,"resourceId":"f20fdf61-64b4-450a-b217-c2be12cb35b7"},"geometry":{"type":"Point","coordinates":[-45.909478,-23.25485]}},{"type":"Feature","id":"2815990","properties":{"period":"2026-07","date":"03/07/2026","hour":"12:30","type":"ATROPELAMENTO","turn":"TARDE","roadType":"VIAS URBANAS","street":"AVENIDA PRESIDENTE TANCREDO NEVES","fatal":false,"fatalVictims":0,"seriousVictims":0,"pedestrian":1,"bicycle":0,"motorcycle":0,"automobile":1,"bus":0,"truck":0,"resourceId":"f20fdf61-64b4-450a-b217-c2be12cb35b7"},"geometry":{"type":"Point","coordinates":[-45.7928549,-23.1872117]}},{"type":"Feature","id":"2816963","properties":{"period":"2026-07","date":"03/07/2026","hour":"13:43","type":"NAO DISPONIVEL","turn":"TARDE","roadType":"VIAS URBANAS","street":"AVENIDA PRESIDENTE JUSCELINO KUBITSCHEK","fatal":false,"fatalVictims":0,"seriousVictims":0,"pedestrian":0,"bicycle":0,"motorcycle":0,"automobile":0,"bus":0,"truck":0,"resourceId":"f20fdf61-64b4-450a-b217-c2be12cb35b7"},"geometry":{"type":"Point","coordinates":[-45.8505291,-23.1804722]}},{"type":"Feature","id":"2807166","properties":{"period":"2026-07","date":"04/07/2026","hour":"16:51","type":"CHOQUE","turn":"TARDE","roadType":"VIAS URBANAS","street":"PRACA ALTAMIRA","fatal":false,"fatalVictims":0,"seriousVictims":0,"pedestrian":0,"bicycle":0,"motorcycle":0,"automobile":0,"bus":0,"truck":0,"resourceId":"f20fdf61-64b4-450a-b217-c2be12cb35b7"},"geometry":{"type":"Point","coordinates":[-45.9135463,-23.2332441]}},{"type":"Feature","id":"2821504","properties":{"period":"2026-07","date":"06/07/2026","hour":"07:15","type":"NAO DISPONIVEL","turn":"MANHA","roadType":"VIAS URBANAS","street":"RUA BACABAL","fatal":false,"fatalVictims":0,"seriousVictims":0,"pedestrian":0,"bicycle":0,"motorcycle":0,"automobile":0,"bus":0,"truck":0,"resourceId":"f20fdf61-64b4-450a-b217-c2be12cb35b7"},"geometry":{"type":"Point","coordinates":[-45.9042914,-23.236665]}},{"type":"Feature","id":"2821378","properties":{"period":"2026-07","date":"06/07/2026","hour":"19:41","type":"OUTROS","turn":"NOITE","roadType":"VIAS URBANAS","street":"RUA GONCALO SOARES","fatal":false,"fatalVictims":0,"seriousVictims":0,"pedestrian":0,"bicycle":0,"motorcycle":0,"automobile":0,"bus":0,"truck":0,"resourceId":"f20fdf61-64b4-450a-b217-c2be12cb35b7"},"geometry":{"type":"Point","coordinates":[-45.8083633,-23.217285]}},{"type":"Feature","id":"2822402","properties":{"period":"2026-07","date":"07/07/2026","hour":"06:28","type":"OUTROS","turn":"MANHA","roadType":"VIAS URBANAS","street":"ESTRADA ANTONIO FREDERICO OZANAN","fatal":false,"fatalVictims":0,"seriousVictims":0,"pedestrian":0,"bicycle":0,"motorcycle":0,"automobile":0,"bus":0,"truck":0,"resourceId":"f20fdf61-64b4-450a-b217-c2be12cb35b7"},"geometry":{"type":"Point","coordinates":[-45.7756757,-23.2148794]}},{"type":"Feature","id":"2822113","properties":{"period":"2026-07","date":"10/07/2026","hour":"01:20","type":"COLISAO","turn":"MADRUGADA","roadType":"VIAS URBANAS","street":"RUA JOSE GUILHERME DE ALMEIDA","fatal":false,"fatalVictims":0,"seriousVictims":0,"pedestrian":0,"bicycle":0,"motorcycle":0,"automobile":1,"bus":0,"truck":0,"resourceId":"f20fdf61-64b4-450a-b217-c2be12cb35b7"},"geometry":{"type":"Point","coordinates":[-45.8776779,-23.234907]}},{"type":"Feature","id":"2822293","properties":{"period":"2026-07","date":"10/07/2026","hour":"22:42","type":"ATROPELAMENTO","turn":"NOITE","roadType":"VIAS URBANAS","street":"AVENIDA ANCHIETA","fatal":false,"fatalVictims":0,"seriousVictims":0,"pedestrian":1,"bicycle":0,"motorcycle":1,"automobile":0,"bus":0,"truck":0,"resourceId":"f20fdf61-64b4-450a-b217-c2be12cb35b7"},"geometry":{"type":"Point","coordinates":[-45.893936,-23.1926733]}},{"type":"Feature","id":"2833883","properties":{"period":"2026-07","date":"02/07/2026","hour":"06:00","type":"COLISAO","turn":"MANHA","roadType":"ESTRADAS E RODOVIAS","street":"BR 116","fatal":false,"fatalVictims":0,"seriousVictims":0,"pedestrian":0,"bicycle":0,"motorcycle":1,"automobile":0,"bus":0,"truck":0,"resourceId":"f20fdf61-64b4-450a-b217-c2be12cb35b7"},"geometry":{"type":"Point","coordinates":[-45.8481077544,-23.1834056725]}},{"type":"Feature","id":"2822890","properties":{"period":"2026-07","date":"08/07/2026","hour":"11:31","type":"OUTROS","turn":"MANHA","roadType":"VIAS URBANAS","street":"RUA APARECIDA MARIA CONSIGLIO","fatal":false,"fatalVictims":0,"seriousVictims":0,"pedestrian":0,"bicycle":0,"motorcycle":0,"automobile":0,"bus":0,"truck":0,"resourceId":"f20fdf61-64b4-450a-b217-c2be12cb35b7"},"geometry":{"type":"Point","coordinates":[-45.7964436,-23.1868439]}},{"type":"Feature","id":"2806952","properties":{"period":"2026-07","date":"02/07/2026","hour":"20:48","type":"COLISAO","turn":"NOITE","roadType":"VIAS URBANAS","street":"AVENIDA JOAO RODOLFO CASTELLI","fatal":false,"fatalVictims":0,"seriousVictims":0,"pedestrian":0,"bicycle":0,"motorcycle":1,"automobile":0,"bus":0,"truck":0,"resourceId":"f20fdf61-64b4-450a-b217-c2be12cb35b7"},"geometry":{"type":"Point","coordinates":[-45.829232,-23.2468471]}},{"type":"Feature","id":"2818721","properties":{"period":"2026-07","date":"03/07/2026","hour":"15:15","type":"OUTROS","turn":"TARDE","roadType":"ESTRADAS E RODOVIAS","street":"BR 116","fatal":false,"fatalVictims":0,"seriousVictims":0,"pedestrian":0,"bicycle":0,"motorcycle":0,"automobile":0,"bus":0,"truck":0,"resourceId":"f20fdf61-64b4-450a-b217-c2be12cb35b7"},"geometry":{"type":"Point","coordinates":[-45.8303064477,-23.1749791386]}},{"type":"Feature","id":"2804759","properties":{"period":"2026-07","date":"03/07/2026","hour":"18:09","type":"COLISAO","turn":"NOITE","roadType":"VIAS URBANAS","street":"AVENIDA JORGE ZARUR","fatal":false,"fatalVictims":0,"seriousVictims":0,"pedestrian":0,"bicycle":0,"motorcycle":1,"automobile":0,"bus":0,"truck":0,"resourceId":"f20fdf61-64b4-450a-b217-c2be12cb35b7"},"geometry":{"type":"Point","coordinates":[-45.9042414,-23.2072848]}},{"type":"Feature","id":"2836376","properties":{"period":"2026-07","date":"05/07/2026","hour":"13:00","type":"COLISAO","turn":"TARDE","roadType":"ESTRADAS E RODOVIAS","street":"BR 116","fatal":false,"fatalVictims":0,"seriousVictims":0,"pedestrian":0,"bicycle":0,"motorcycle":0,"automobile":3,"bus":0,"truck":0,"resourceId":"f20fdf61-64b4-450a-b217-c2be12cb35b7"},"geometry":{"type":"Point","coordinates":[-45.8268064145,-23.1731709928]}},{"type":"Feature","id":"2823540","properties":{"period":"2026-07","date":"10/07/2026","hour":"15:00","type":"OUTROS","turn":"TARDE","roadType":"ESTRADAS E RODOVIAS","street":"SP 099","fatal":false,"fatalVictims":0,"seriousVictims":0,"pedestrian":0,"bicycle":0,"motorcycle":0,"automobile":0,"bus":0,"truck":0,"resourceId":"f20fdf61-64b4-450a-b217-c2be12cb35b7"},"geometry":{"type":"Point","coordinates":[-45.881662,-23.2150861673]}},{"type":"Feature","id":"2812700","properties":{"period":"2026-07","date":"02/07/2026","hour":"07:49","type":"NAO DISPONIVEL","turn":"MANHA","roadType":"VIAS URBANAS","street":"RUA SAIGIRO NAKAMURA","fatal":false,"fatalVictims":0,"seriousVictims":0,"pedestrian":0,"bicycle":0,"motorcycle":0,"automobile":0,"bus":0,"truck":0,"resourceId":"f20fdf61-64b4-450a-b217-c2be12cb35b7"},"geometry":{"type":"Point","coordinates":[-45.855122,-23.1814909]}},{"type":"Feature","id":"2808424","properties":{"period":"2026-07","date":"02/07/2026","hour":"23:04","type":"COLISAO","turn":"NOITE","roadType":"VIAS URBANAS","street":"AVENIDA GEORGE EASTMAN","fatal":false,"fatalVictims":0,"seriousVictims":0,"pedestrian":0,"bicycle":0,"motorcycle":0,"automobile":1,"bus":0,"truck":0,"resourceId":"f20fdf61-64b4-450a-b217-c2be12cb35b7"},"geometry":{"type":"Point","coordinates":[-45.9161667,-23.2372278]}},{"type":"Feature","id":"2819671","properties":{"period":"2026-07","date":"02/07/2026","hour":"16:20","type":"CHOQUE","turn":"TARDE","roadType":"VIAS URBANAS","street":"AVENIDA ARTUR ANTONIO DOS SANTOS","fatal":false,"fatalVictims":0,"seriousVictims":0,"pedestrian":0,"bicycle":0,"motorcycle":0,"automobile":0,"bus":0,"truck":0,"resourceId":"f20fdf61-64b4-450a-b217-c2be12cb35b7"},"geometry":{"type":"Point","coordinates":[-45.9007865,-23.2484967]}},{"type":"Feature","id":"2805951","properties":{"period":"2026-07","date":"03/07/2026","hour":"19:10","type":"COLISAO","turn":"NOITE","roadType":"ESTRADAS E RODOVIAS","street":"SP 070","fatal":false,"fatalVictims":0,"seriousVictims":1,"pedestrian":0,"bicycle":0,"motorcycle":1,"automobile":0,"bus":0,"truck":0,"resourceId":"f20fdf61-64b4-450a-b217-c2be12cb35b7"},"geometry":{"type":"Point","coordinates":[-45.8626357901,-23.2850410386]}},{"type":"Feature","id":"2833887","properties":{"period":"2026-07","date":"03/07/2026","hour":"15:15","type":"OUTROS","turn":"TARDE","roadType":"ESTRADAS E RODOVIAS","street":"BR 116","fatal":false,"fatalVictims":0,"seriousVictims":0,"pedestrian":0,"bicycle":0,"motorcycle":0,"automobile":1,"bus":0,"truck":0,"resourceId":"f20fdf61-64b4-450a-b217-c2be12cb35b7"},"geometry":{"type":"Point","coordinates":[-45.8215563647,-23.1704587741]}},{"type":"Feature","id":"2805686","properties":{"period":"2026-07","date":"04/07/2026","hour":"00:45","type":"NAO DISPONIVEL","turn":"MADRUGADA","roadType":"VIAS URBANAS","street":"RUA CORONEL MADEIRA","fatal":false,"fatalVictims":0,"seriousVictims":0,"pedestrian":0,"bicycle":0,"motorcycle":0,"automobile":0,"bus":0,"truck":0,"resourceId":"f20fdf61-64b4-450a-b217-c2be12cb35b7"},"geometry":{"type":"Point","coordinates":[-45.8895822,-23.1901738]}},{"type":"Feature","id":"2811068","properties":{"period":"2026-07","date":"04/07/2026","hour":"23:16","type":"NAO DISPONIVEL","turn":"NOITE","roadType":"VIAS URBANAS","street":"AVENIDA POSSIDONIO JOSE DE FREITAS","fatal":false,"fatalVictims":0,"seriousVictims":0,"pedestrian":0,"bicycle":0,"motorcycle":0,"automobile":0,"bus":0,"truck":0,"resourceId":"f20fdf61-64b4-450a-b217-c2be12cb35b7"},"geometry":{"type":"Point","coordinates":[-45.9462894,-23.1972784]}},{"type":"Feature","id":"2810206","properties":{"period":"2026-07","date":"05/07/2026","hour":"19:32","type":"NAO DISPONIVEL","turn":"NOITE","roadType":"VIAS URBANAS","street":"AVENIDA ALFREDO ASDENTE","fatal":false,"fatalVictims":0,"seriousVictims":0,"pedestrian":0,"bicycle":0,"motorcycle":0,"automobile":0,"bus":0,"truck":0,"resourceId":"f20fdf61-64b4-450a-b217-c2be12cb35b7"},"geometry":{"type":"Point","coordinates":[-45.9258829,-23.2253281]}},{"type":"Feature","id":"2809315","properties":{"period":"2026-07","date":"05/07/2026","hour":"00:36","type":"OUTROS","turn":"MADRUGADA","roadType":"VIAS URBANAS","street":"RUA 10","fatal":false,"fatalVictims":0,"seriousVictims":0,"pedestrian":0,"bicycle":0,"motorcycle":0,"automobile":0,"bus":0,"truck":0,"resourceId":"f20fdf61-64b4-450a-b217-c2be12cb35b7"},"geometry":{"type":"Point","coordinates":[-45.7755138,-23.2099205]}},{"type":"Feature","id":"2822529","properties":{"period":"2026-07","date":"10/07/2026","hour":"03:44","type":"NAO DISPONIVEL","turn":"MADRUGADA","roadType":"VIAS URBANAS","street":"AVENIDA DOUTOR SEBASTIAO HENRIQUE DA CUNHA PONTES","fatal":false,"fatalVictims":0,"seriousVictims":0,"pedestrian":0,"bicycle":0,"motorcycle":0,"automobile":0,"bus":0,"truck":0,"resourceId":"f20fdf61-64b4-450a-b217-c2be12cb35b7"},"geometry":{"type":"Point","coordinates":[-45.9091216,-23.2296979]}},{"type":"Feature","id":"2821459","properties":{"period":"2026-07","date":"06/07/2026","hour":"03:17","type":"CHOQUE","turn":"MADRUGADA","roadType":"VIAS URBANAS","street":"AVENIDA FLORESTAN FERNANDES","fatal":false,"fatalVictims":0,"seriousVictims":1,"pedestrian":0,"bicycle":0,"motorcycle":1,"automobile":0,"bus":0,"truck":0,"resourceId":"f20fdf61-64b4-450a-b217-c2be12cb35b7"},"geometry":{"type":"Point","coordinates":[-45.8855892,-23.1987149]}},{"type":"Feature","id":"2823219","properties":{"period":"2026-07","date":"09/07/2026","hour":"00:00","type":"COLISAO","turn":"MADRUGADA","roadType":"VIAS URBANAS","street":"AVENIDA FLORESTAN FERNANDES","fatal":false,"fatalVictims":0,"seriousVictims":0,"pedestrian":0,"bicycle":0,"motorcycle":0,"automobile":0,"bus":0,"truck":0,"resourceId":"f20fdf61-64b4-450a-b217-c2be12cb35b7"},"geometry":{"type":"Point","coordinates":[-45.8964094,-23.2099749]}},{"type":"Feature","id":"2835882","properties":{"period":"2026-07","date":"10/07/2026","hour":"13:35","type":"COLISAO","turn":"TARDE","roadType":"ESTRADAS E RODOVIAS","street":"BR 116","fatal":false,"fatalVictims":0,"seriousVictims":0,"pedestrian":0,"bicycle":0,"motorcycle":0,"automobile":2,"bus":0,"truck":0,"resourceId":"f20fdf61-64b4-450a-b217-c2be12cb35b7"},"geometry":{"type":"Point","coordinates":[-45.831181456,-23.175431175]}},{"type":"Feature","id":"2812648","properties":{"period":"2026-07","date":"01/07/2026","hour":"08:01","type":"ATROPELAMENTO","turn":"MANHA","roadType":"VIAS URBANAS","street":"RUA CANDIDO DAS NEVES","fatal":false,"fatalVictims":0,"seriousVictims":0,"pedestrian":1,"bicycle":0,"motorcycle":0,"automobile":1,"bus":0,"truck":0,"resourceId":"f20fdf61-64b4-450a-b217-c2be12cb35b7"},"geometry":{"type":"Point","coordinates":[-45.8366183,-23.1673799]}},{"type":"Feature","id":"2819073","properties":{"period":"2026-07","date":"01/07/2026","hour":"16:02","type":"COLISAO","turn":"TARDE","roadType":"VIAS URBANAS","street":"AVENIDA ANDROMEDA","fatal":false,"fatalVictims":0,"seriousVictims":0,"pedestrian":0,"bicycle":0,"motorcycle":1,"automobile":1,"bus":0,"truck":0,"resourceId":"f20fdf61-64b4-450a-b217-c2be12cb35b7"},"geometry":{"type":"Point","coordinates":[-45.8841987,-23.2275155]}},{"type":"Feature","id":"2816422","properties":{"period":"2026-07","date":"05/07/2026","hour":"03:26","type":"NAO DISPONIVEL","turn":"MADRUGADA","roadType":"VIAS URBANAS","street":"RUA GOIANIA","fatal":false,"fatalVictims":0,"seriousVictims":0,"pedestrian":0,"bicycle":0,"motorcycle":0,"automobile":0,"bus":0,"truck":0,"resourceId":"f20fdf61-64b4-450a-b217-c2be12cb35b7"},"geometry":{"type":"Point","coordinates":[-45.9064968,-23.2412739]}},{"type":"Feature","id":"2814117","properties":{"period":"2026-07","date":"05/07/2026","hour":"01:52","type":"OUTROS","turn":"MADRUGADA","roadType":"VIAS URBANAS","street":"AVENIDA PRESIDENTE JUSCELINO KUBITSCHEK","fatal":false,"fatalVictims":0,"seriousVictims":0,"pedestrian":0,"bicycle":0,"motorcycle":0,"automobile":0,"bus":0,"truck":0,"resourceId":"f20fdf61-64b4-450a-b217-c2be12cb35b7"},"geometry":{"type":"Point","coordinates":[-45.866751,-23.1806215]}},{"type":"Feature","id":"2821444","properties":{"period":"2026-07","date":"06/07/2026","hour":"01:54","type":"OUTROS","turn":"MADRUGADA","roadType":"VIAS URBANAS","street":"AVENIDA IRACI PIRES DE ALMEIDA PUCINI","fatal":false,"fatalVictims":0,"seriousVictims":0,"pedestrian":0,"bicycle":0,"motorcycle":0,"automobile":0,"bus":0,"truck":0,"resourceId":"f20fdf61-64b4-450a-b217-c2be12cb35b7"},"geometry":{"type":"Point","coordinates":[-45.8065553,-23.1651675]}},{"type":"Feature","id":"2821287","properties":{"period":"2026-07","date":"06/07/2026","hour":"16:58","type":"OUTROS","turn":"TARDE","roadType":"VIAS URBANAS","street":"AVENIDA ENGENHEIRO SEBASTIAO GUALBERTO","fatal":false,"fatalVictims":0,"seriousVictims":0,"pedestrian":0,"bicycle":0,"motorcycle":0,"automobile":0,"bus":0,"truck":0,"resourceId":"f20fdf61-64b4-450a-b217-c2be12cb35b7"},"geometry":{"type":"Point","coordinates":[-45.8863747,-23.1744796]}},{"type":"Feature","id":"2821552","properties":{"period":"2026-07","date":"06/07/2026","hour":"09:16","type":"COLISAO","turn":"MANHA","roadType":"VIAS URBANAS","street":"RUA BACABAL","fatal":false,"fatalVictims":0,"seriousVictims":0,"pedestrian":0,"bicycle":0,"motorcycle":0,"automobile":0,"bus":0,"truck":0,"resourceId":"f20fdf61-64b4-450a-b217-c2be12cb35b7"},"geometry":{"type":"Point","coordinates":[-45.9039121,-23.2359835]}},{"type":"Feature","id":"2822817","properties":{"period":"2026-07","date":"10/07/2026","hour":"09:12","type":"OUTROS","turn":"MANHA","roadType":"VIAS URBANAS","street":"RUA PATATIVA","fatal":false,"fatalVictims":0,"seriousVictims":0,"pedestrian":0,"bicycle":0,"motorcycle":0,"automobile":0,"bus":0,"truck":0,"resourceId":"f20fdf61-64b4-450a-b217-c2be12cb35b7"},"geometry":{"type":"Point","coordinates":[-45.8557156,-23.1852416]}},{"type":"Feature","id":"2817961","properties":{"period":"2026-07","date":"01/07/2026","hour":"15:10","type":"COLISAO","turn":"TARDE","roadType":"VIAS URBANAS","street":"RUA DOUTOR ALEIXO MASCARENHAS","fatal":false,"fatalVictims":0,"seriousVictims":0,"pedestrian":0,"bicycle":0,"motorcycle":0,"automobile":2,"bus":0,"truck":0,"resourceId":"f20fdf61-64b4-450a-b217-c2be12cb35b7"},"geometry":{"type":"Point","coordinates":[-45.8828973,-23.17886]}},{"type":"Feature","id":"2807000","properties":{"period":"2026-07","date":"02/07/2026","hour":"20:52","type":"COLISAO","turn":"NOITE","roadType":"VIAS URBANAS","street":"AVENIDA CASSIOPEIA","fatal":false,"fatalVictims":0,"seriousVictims":0,"pedestrian":0,"bicycle":0,"motorcycle":0,"automobile":0,"bus":0,"truck":0,"resourceId":"f20fdf61-64b4-450a-b217-c2be12cb35b7"},"geometry":{"type":"Point","coordinates":[-45.8828283,-23.229667]}},{"type":"Feature","id":"2813870","properties":{"period":"2026-07","date":"03/07/2026","hour":"09:39","type":"COLISAO","turn":"MANHA","roadType":"VIAS URBANAS","street":"RUA MANOEL BOSCO RIBEIRO","fatal":false,"fatalVictims":0,"seriousVictims":0,"pedestrian":0,"bicycle":0,"motorcycle":1,"automobile":1,"bus":0,"truck":0,"resourceId":"f20fdf61-64b4-450a-b217-c2be12cb35b7"},"geometry":{"type":"Point","coordinates":[-45.9219056,-23.2314922]}},{"type":"Feature","id":"2833911","properties":{"period":"2026-07","date":"07/07/2026","hour":"15:00","type":"OUTROS","turn":"TARDE","roadType":"ESTRADAS E RODOVIAS","street":"BR 116","fatal":false,"fatalVictims":0,"seriousVictims":0,"pedestrian":0,"bicycle":0,"motorcycle":1,"automobile":0,"bus":0,"truck":0,"resourceId":"f20fdf61-64b4-450a-b217-c2be12cb35b7"},"geometry":{"type":"Point","coordinates":[-45.8658086399,-23.1920391312]}},{"type":"Feature","id":"2835902","properties":{"period":"2026-07","date":"10/07/2026","hour":"16:10","type":"COLISAO","turn":"TARDE","roadType":"ESTRADAS E RODOVIAS","street":"BR 116","fatal":false,"fatalVictims":0,"seriousVictims":0,"pedestrian":0,"bicycle":0,"motorcycle":1,"automobile":0,"bus":0,"truck":0,"resourceId":"f20fdf61-64b4-450a-b217-c2be12cb35b7"},"geometry":{"type":"Point","coordinates":[-45.8570354662,-23.1875637462]}},{"type":"Feature","id":"2823617","properties":{"period":"2026-07","date":"10/07/2026","hour":"15:45","type":"ATROPELAMENTO","turn":"TARDE","roadType":"VIAS URBANAS","street":"RUA ANTONIO EDUARDO DE ALVARENGA","fatal":false,"fatalVictims":0,"seriousVictims":0,"pedestrian":0,"bicycle":0,"motorcycle":0,"automobile":0,"bus":0,"truck":0,"resourceId":"f20fdf61-64b4-450a-b217-c2be12cb35b7"},"geometry":{"type":"Point","coordinates":[-45.8865143,-23.2741032]}},{"type":"Feature","id":"2833891","properties":{"period":"2026-07","date":"01/07/2026","hour":"05:20","type":"OUTROS","turn":"MADRUGADA","roadType":"ESTRADAS E RODOVIAS","street":"BR 116","fatal":false,"fatalVictims":0,"seriousVictims":0,"pedestrian":0,"bicycle":0,"motorcycle":1,"automobile":0,"bus":0,"truck":0,"resourceId":"f20fdf61-64b4-450a-b217-c2be12cb35b7"},"geometry":{"type":"Point","coordinates":[-45.8391757632,-23.1792563135]}},{"type":"Feature","id":"2816586","properties":{"period":"2026-07","date":"03/07/2026","hour":"13:19","type":"NAO DISPONIVEL","turn":"TARDE","roadType":"VIAS URBANAS","street":"AVENIDA PRESIDENTE JUSCELINO KUBITSCHEK","fatal":false,"fatalVictims":0,"seriousVictims":0,"pedestrian":0,"bicycle":0,"motorcycle":0,"automobile":0,"bus":0,"truck":0,"resourceId":"f20fdf61-64b4-450a-b217-c2be12cb35b7"},"geometry":{"type":"Point","coordinates":[-45.866751,-23.1806215]}},{"type":"Feature","id":"2821396","properties":{"period":"2026-07","date":"06/07/2026","hour":"00:42","type":"NAO DISPONIVEL","turn":"MADRUGADA","roadType":"VIAS URBANAS","street":"AVENIDA DEPUTADO BENEDITO MATARAZZO","fatal":false,"fatalVictims":0,"seriousVictims":0,"pedestrian":0,"bicycle":0,"motorcycle":0,"automobile":0,"bus":0,"truck":0,"resourceId":"f20fdf61-64b4-450a-b217-c2be12cb35b7"},"geometry":{"type":"Point","coordinates":[-45.9162998,-23.2336839]}},{"type":"Feature","id":"2837932","properties":{"period":"2026-07","date":"07/07/2026","hour":"12:40","type":"CHOQUE","turn":"TARDE","roadType":"ESTRADAS E RODOVIAS","street":"BR 116","fatal":false,"fatalVictims":0,"seriousVictims":0,"pedestrian":0,"bicycle":0,"motorcycle":0,"automobile":1,"bus":0,"truck":0,"resourceId":"f20fdf61-64b4-450a-b217-c2be12cb35b7"},"geometry":{"type":"Point","coordinates":[-45.7953084671,-23.1569030265]}},{"type":"Feature","id":"2823714","properties":{"period":"2026-07","date":"07/07/2026","hour":"18:09","type":"COLISAO","turn":"NOITE","roadType":"VIAS URBANAS","street":"RUA VILACA","fatal":false,"fatalVictims":0,"seriousVictims":0,"pedestrian":0,"bicycle":0,"motorcycle":0,"automobile":1,"bus":0,"truck":0,"resourceId":"f20fdf61-64b4-450a-b217-c2be12cb35b7"},"geometry":{"type":"Point","coordinates":[-45.8848472,-23.1835495]}},{"type":"Feature","id":"2823374","properties":{"period":"2026-07","date":"11/07/2026","hour":"11:04","type":"COLISAO","turn":"MANHA","roadType":"VIAS URBANAS","street":"RUA DOUTOR PEDRO LUIZ DE OLIVEIRA COSTA","fatal":false,"fatalVictims":0,"seriousVictims":0,"pedestrian":0,"bicycle":0,"motorcycle":1,"automobile":1,"bus":0,"truck":0,"resourceId":"f20fdf61-64b4-450a-b217-c2be12cb35b7"},"geometry":{"type":"Point","coordinates":[-45.9494123,-23.2504497]}},{"type":"Feature","id":"2825312","properties":{"period":"2026-07","date":"15/07/2026","hour":"19:40","type":"COLISAO","turn":"NOITE","roadType":"VIAS URBANAS","street":"ESTRADA JOSE BENEDITO DE OLIVEIRA","fatal":false,"fatalVictims":0,"seriousVictims":0,"pedestrian":0,"bicycle":0,"motorcycle":0,"automobile":1,"bus":0,"truck":0,"resourceId":"f20fdf61-64b4-450a-b217-c2be12cb35b7"},"geometry":{"type":"Point","coordinates":[-45.9631168,-23.1223565]}},{"type":"Feature","id":"2836517","properties":{"period":"2026-07","date":"16/07/2026","hour":"16:03","type":"NAO DISPONIVEL","turn":"TARDE","roadType":"VIAS URBANAS","street":"RUA MARIA EVA DE JESUS","fatal":false,"fatalVictims":0,"seriousVictims":0,"pedestrian":0,"bicycle":0,"motorcycle":0,"automobile":0,"bus":0,"truck":0,"resourceId":"f20fdf61-64b4-450a-b217-c2be12cb35b7"},"geometry":{"type":"Point","coordinates":[-45.8916034,-23.2724647]}},{"type":"Feature","id":"2825478","properties":{"period":"2026-07","date":"16/07/2026","hour":"18:48","type":"COLISAO","turn":"NOITE","roadType":"VIAS URBANAS","street":"AVENIDA DOUTOR JOAO BAPTISTA SOARES DE QUEIROZ JUN","fatal":false,"fatalVictims":0,"seriousVictims":0,"pedestrian":0,"bicycle":0,"motorcycle":1,"automobile":1,"bus":0,"truck":0,"resourceId":"f20fdf61-64b4-450a-b217-c2be12cb35b7"},"geometry":{"type":"Point","coordinates":[-45.9156264,-23.2292014]}},{"type":"Feature","id":"2838551","properties":{"period":"2026-07","date":"17/07/2026","hour":"16:38","type":"OUTROS","turn":"TARDE","roadType":"VIAS URBANAS","street":"AVENIDA SHISHIMA HIFUMI","fatal":false,"fatalVictims":0,"seriousVictims":0,"pedestrian":0,"bicycle":0,"motorcycle":0,"automobile":0,"bus":0,"truck":0,"resourceId":"f20fdf61-64b4-450a-b217-c2be12cb35b7"},"geometry":{"type":"Point","coordinates":[-45.9319052,-23.1903576]}},{"type":"Feature","id":"2834275","properties":{"period":"2026-07","date":"18/07/2026","hour":"07:49","type":"OUTROS","turn":"MANHA","roadType":"VIAS URBANAS","street":"AVENIDA OURO FINO","fatal":false,"fatalVictims":0,"seriousVictims":0,"pedestrian":0,"bicycle":0,"motorcycle":0,"automobile":0,"bus":0,"truck":0,"resourceId":"f20fdf61-64b4-450a-b217-c2be12cb35b7"},"geometry":{"type":"Point","coordinates":[-45.8893252,-23.2600522]}},{"type":"Feature","id":"2838566","properties":{"period":"2026-07","date":"19/07/2026","hour":"07:13","type":"COLISAO","turn":"MANHA","roadType":"VIAS URBANAS","street":"RUA WALDEMAR TEIXEIRA","fatal":false,"fatalVictims":0,"seriousVictims":0,"pedestrian":0,"bicycle":0,"motorcycle":0,"automobile":2,"bus":0,"truck":0,"resourceId":"f20fdf61-64b4-450a-b217-c2be12cb35b7"},"geometry":{"type":"Point","coordinates":[-45.8617934,-23.2756014]}},{"type":"Feature","id":"2823793","properties":{"period":"2026-07","date":"12/07/2026","hour":"11:07","type":"OUTROS","turn":"MANHA","roadType":"VIAS URBANAS","street":"ESTRADA MUNICIPAL DO JAGUARI","fatal":false,"fatalVictims":0,"seriousVictims":2,"pedestrian":0,"bicycle":1,"motorcycle":1,"automobile":0,"bus":0,"truck":0,"resourceId":"f20fdf61-64b4-450a-b217-c2be12cb35b7"},"geometry":{"type":"Point","coordinates":[-45.9184391,-23.1602156]}},{"type":"Feature","id":"2837733","properties":{"period":"2026-07","date":"14/07/2026","hour":"15:31","type":"OUTROS","turn":"TARDE","roadType":"VIAS URBANAS","street":"RUA BENEDITO DE PAULA FERREIRA","fatal":false,"fatalVictims":0,"seriousVictims":0,"pedestrian":0,"bicycle":0,"motorcycle":0,"automobile":0,"bus":0,"truck":0,"resourceId":"f20fdf61-64b4-450a-b217-c2be12cb35b7"},"geometry":{"type":"Point","coordinates":[-45.8094738,-23.2123203]}},{"type":"Feature","id":"2827678","properties":{"period":"2026-07","date":"16/07/2026","hour":"22:09","type":"COLISAO","turn":"NOITE","roadType":"VIAS URBANAS","street":"RUA ARAPONGAS","fatal":false,"fatalVictims":0,"seriousVictims":0,"pedestrian":0,"bicycle":0,"motorcycle":0,"automobile":2,"bus":0,"truck":0,"resourceId":"f20fdf61-64b4-450a-b217-c2be12cb35b7"},"geometry":{"type":"Point","coordinates":[-45.8532699,-23.1837763]}},{"type":"Feature","id":"2835998","properties":{"period":"2026-07","date":"17/07/2026","hour":"07:00","type":"COLISAO","turn":"MANHA","roadType":"ESTRADAS E RODOVIAS","street":"BR 116","fatal":false,"fatalVictims":0,"seriousVictims":0,"pedestrian":0,"bicycle":0,"motorcycle":1,"automobile":0,"bus":1,"truck":0,"resourceId":"f20fdf61-64b4-450a-b217-c2be12cb35b7"},"geometry":{"type":"Point","coordinates":[-45.840962147,-23.1800862164]}},{"type":"Feature","id":"2829022","properties":{"period":"2026-07","date":"19/07/2026","hour":"18:09","type":"COLISAO","turn":"NOITE","roadType":"VIAS URBANAS","street":"RUA HENRIQUE DIAS","fatal":false,"fatalVictims":0,"seriousVictims":0,"pedestrian":0,"bicycle":0,"motorcycle":0,"automobile":1,"bus":0,"truck":0,"resourceId":"f20fdf61-64b4-450a-b217-c2be12cb35b7"},"geometry":{"type":"Point","coordinates":[-45.8756009,-23.1791465]}},{"type":"Feature","id":"2835959","properties":{"period":"2026-07","date":"19/07/2026","hour":"08:20","type":"COLISAO","turn":"MANHA","roadType":"ESTRADAS E RODOVIAS","street":"BR 116","fatal":false,"fatalVictims":0,"seriousVictims":0,"pedestrian":0,"bicycle":0,"motorcycle":1,"automobile":1,"bus":0,"truck":0,"resourceId":"f20fdf61-64b4-450a-b217-c2be12cb35b7"},"geometry":{"type":"Point","coordinates":[-45.7741546952,-23.1463637358]}},{"type":"Feature","id":"2827235","properties":{"period":"2026-07","date":"20/07/2026","hour":"20:15","type":"ATROPELAMENTO","turn":"NOITE","roadType":"ESTRADAS E RODOVIAS","street":"SP 099","fatal":false,"fatalVictims":0,"seriousVictims":0,"pedestrian":0,"bicycle":0,"motorcycle":1,"automobile":0,"bus":0,"truck":0,"resourceId":"f20fdf61-64b4-450a-b217-c2be12cb35b7"},"geometry":{"type":"Point","coordinates":[-45.8362725603,-23.2567929598]}},{"type":"Feature","id":"2827631","properties":{"period":"2026-07","date":"21/07/2026","hour":"21:55","type":"OUTROS","turn":"NOITE","roadType":"VIAS URBANAS","street":"RUA SANTA MARIA","fatal":false,"fatalVictims":0,"seriousVictims":0,"pedestrian":0,"bicycle":0,"motorcycle":1,"automobile":0,"bus":0,"truck":0,"resourceId":"f20fdf61-64b4-450a-b217-c2be12cb35b7"},"geometry":{"type":"Point","coordinates":[-45.7865788,-23.1806264]}},{"type":"Feature","id":"2824084","properties":{"period":"2026-07","date":"12/07/2026","hour":"07:12","type":"OUTROS","turn":"MANHA","roadType":"ESTRADAS E RODOVIAS","street":"BR 116","fatal":false,"fatalVictims":0,"seriousVictims":0,"pedestrian":0,"bicycle":0,"motorcycle":0,"automobile":0,"bus":0,"truck":0,"resourceId":"f20fdf61-64b4-450a-b217-c2be12cb35b7"},"geometry":{"type":"Point","coordinates":[-45.8391757632,-23.1792563135]}},{"type":"Feature","id":"2823956","properties":{"period":"2026-07","date":"12/07/2026","hour":"20:06","type":"COLISAO","turn":"NOITE","roadType":"VIAS URBANAS","street":"RETORNO AVENIDA LEONOR DE ALMEIDA RIBEIRO SOUTO","fatal":false,"fatalVictims":0,"seriousVictims":0,"pedestrian":0,"bicycle":0,"motorcycle":1,"automobile":1,"bus":0,"truck":0,"resourceId":"f20fdf61-64b4-450a-b217-c2be12cb35b7"},"geometry":{"type":"Point","coordinates":[-45.90979477,-23.26648066]}},{"type":"Feature","id":"2835686","properties":{"period":"2026-07","date":"14/07/2026","hour":"19:04","type":"COLISAO","turn":"NOITE","roadType":"VIAS URBANAS","street":"VIA CAMBUI","fatal":false,"fatalVictims":0,"seriousVictims":0,"pedestrian":0,"bicycle":0,"motorcycle":1,"automobile":1,"bus":0,"truck":0,"resourceId":"f20fdf61-64b4-450a-b217-c2be12cb35b7"},"geometry":{"type":"Point","coordinates":[-45.8442309,-23.2090137]}},{"type":"Feature","id":"2835431","properties":{"period":"2026-07","date":"15/07/2026","hour":"18:10","type":"OUTROS","turn":"NOITE","roadType":"VIAS URBANAS","street":"RUA SEBASTIAO HUMEL","fatal":false,"fatalVictims":0,"seriousVictims":0,"pedestrian":0,"bicycle":1,"motorcycle":0,"automobile":1,"bus":0,"truck":0,"resourceId":"f20fdf61-64b4-450a-b217-c2be12cb35b7"},"geometry":{"type":"Point","coordinates":[-45.885721,-23.1832219]}},{"type":"Feature","id":"2828233","properties":{"period":"2026-07","date":"17/07/2026","hour":"22:00","type":"COLISAO","turn":"NOITE","roadType":"VIAS URBANAS","street":"RUA JOSE COBRA","fatal":false,"fatalVictims":0,"seriousVictims":0,"pedestrian":0,"bicycle":0,"motorcycle":1,"automobile":1,"bus":0,"truck":0,"resourceId":"f20fdf61-64b4-450a-b217-c2be12cb35b7"},"geometry":{"type":"Point","coordinates":[-45.9186873,-23.253169]}},{"type":"Feature","id":"2836627","properties":{"period":"2026-07","date":"17/07/2026","hour":"08:30","type":"COLISAO","turn":"MANHA","roadType":"ESTRADAS E RODOVIAS","street":"BR 116","fatal":false,"fatalVictims":0,"seriousVictims":0,"pedestrian":0,"bicycle":0,"motorcycle":1,"automobile":1,"bus":0,"truck":0,"resourceId":"f20fdf61-64b4-450a-b217-c2be12cb35b7"},"geometry":{"type":"Point","coordinates":[-45.8744528945,-23.1967197687]}},{"type":"Feature","id":"2836861","properties":{"period":"2026-07","date":"18/07/2026","hour":"11:58","type":"NAO DISPONIVEL","turn":"MANHA","roadType":"VIAS URBANAS","street":"AVENIDA PEDRO FRIGGI","fatal":false,"fatalVictims":0,"seriousVictims":0,"pedestrian":0,"bicycle":0,"motorcycle":0,"automobile":0,"bus":0,"truck":0,"resourceId":"f20fdf61-64b4-450a-b217-c2be12cb35b7"},"geometry":{"type":"Point","coordinates":[-45.832482,-23.180185]}},{"type":"Feature","id":"2834389","properties":{"period":"2026-07","date":"18/07/2026","hour":"07:49","type":"COLISAO","turn":"MANHA","roadType":"VIAS URBANAS","street":"AVENIDA OURO FINO","fatal":false,"fatalVictims":0,"seriousVictims":0,"pedestrian":0,"bicycle":0,"motorcycle":1,"automobile":1,"bus":0,"truck":0,"resourceId":"f20fdf61-64b4-450a-b217-c2be12cb35b7"},"geometry":{"type":"Point","coordinates":[-45.8893879,-23.2602012]}},{"type":"Feature","id":"2829513","properties":{"period":"2026-07","date":"18/07/2026","hour":"19:15","type":"OUTROS","turn":"NOITE","roadType":"VIAS URBANAS","street":"ESTRADA AEROPORTOTAMOIOS","fatal":false,"fatalVictims":0,"seriousVictims":0,"pedestrian":0,"bicycle":0,"motorcycle":0,"automobile":0,"bus":0,"truck":0,"resourceId":"f20fdf61-64b4-450a-b217-c2be12cb35b7"},"geometry":{"type":"Point","coordinates":[-45.8421734,-23.2513469]}},{"type":"Feature","id":"2827595","properties":{"period":"2026-07","date":"18/07/2026","hour":"16:52","type":"NAO DISPONIVEL","turn":"TARDE","roadType":"ESTRADAS E RODOVIAS","street":"BR 116","fatal":false,"fatalVictims":0,"seriousVictims":0,"pedestrian":0,"bicycle":0,"motorcycle":0,"automobile":0,"bus":0,"truck":0,"resourceId":"f20fdf61-64b4-450a-b217-c2be12cb35b7"},"geometry":{"type":"Point","coordinates":[-45.9111575492,-23.2299973927]}},{"type":"Feature","id":"2836094","properties":{"period":"2026-07","date":"18/07/2026","hour":"06:00","type":"OUTROS","turn":"MANHA","roadType":"ESTRADAS E RODOVIAS","street":"BR 116","fatal":false,"fatalVictims":0,"seriousVictims":1,"pedestrian":0,"bicycle":0,"motorcycle":1,"automobile":0,"bus":0,"truck":0,"resourceId":"f20fdf61-64b4-450a-b217-c2be12cb35b7"},"geometry":{"type":"Point","coordinates":[-45.7953084671,-23.1569030265]}},{"type":"Feature","id":"2826878","properties":{"period":"2026-07","date":"19/07/2026","hour":"11:58","type":"COLISAO","turn":"MANHA","roadType":"VIAS URBANAS","street":"RUA IRA","fatal":false,"fatalVictims":0,"seriousVictims":0,"pedestrian":0,"bicycle":0,"motorcycle":1,"automobile":1,"bus":0,"truck":0,"resourceId":"f20fdf61-64b4-450a-b217-c2be12cb35b7"},"geometry":{"type":"Point","coordinates":[-45.8834851,-23.2010172]}},{"type":"Feature","id":"2822703","properties":{"period":"2026-07","date":"11/07/2026","hour":"03:18","type":"NAO DISPONIVEL","turn":"MADRUGADA","roadType":"VIAS URBANAS","street":"RUA JOICE NAZARE CALIXTO","fatal":false,"fatalVictims":0,"seriousVictims":1,"pedestrian":0,"bicycle":0,"motorcycle":0,"automobile":0,"bus":0,"truck":0,"resourceId":"f20fdf61-64b4-450a-b217-c2be12cb35b7"},"geometry":{"type":"Point","coordinates":[-45.8134288,-23.1766546]}},{"type":"Feature","id":"2835939","properties":{"period":"2026-07","date":"14/07/2026","hour":"07:45","type":"COLISAO","turn":"MANHA","roadType":"ESTRADAS E RODOVIAS","street":"BR 116","fatal":false,"fatalVictims":0,"seriousVictims":0,"pedestrian":0,"bicycle":0,"motorcycle":1,"automobile":1,"bus":0,"truck":0,"resourceId":"f20fdf61-64b4-450a-b217-c2be12cb35b7"},"geometry":{"type":"Point","coordinates":[-45.8481077544,-23.1834056725]}},{"type":"Feature","id":"2833954","properties":{"period":"2026-07","date":"15/07/2026","hour":"08:21","type":"OUTROS","turn":"MANHA","roadType":"ESTRADAS E RODOVIAS","street":"BR 116","fatal":false,"fatalVictims":0,"seriousVictims":0,"pedestrian":0,"bicycle":0,"motorcycle":0,"automobile":4,"bus":1,"truck":1,"resourceId":"f20fdf61-64b4-450a-b217-c2be12cb35b7"},"geometry":{"type":"Point","coordinates":[-45.790879074,-23.154751309]}},{"type":"Feature","id":"2833966","properties":{"period":"2026-07","date":"17/07/2026","hour":"06:40","type":"COLISAO","turn":"MANHA","roadType":"ESTRADAS E RODOVIAS","street":"BR 116","fatal":false,"fatalVictims":0,"seriousVictims":0,"pedestrian":0,"bicycle":0,"motorcycle":0,"automobile":1,"bus":0,"truck":1,"resourceId":"f20fdf61-64b4-450a-b217-c2be12cb35b7"},"geometry":{"type":"Point","coordinates":[-45.8215563647,-23.1704587741]}},{"type":"Feature","id":"2836238","properties":{"period":"2026-07","date":"18/07/2026","hour":"13:09","type":"COLISAO","turn":"TARDE","roadType":"VIAS URBANAS","street":"AVENIDA ANTONIO DE PADUA SANTOS","fatal":false,"fatalVictims":0,"seriousVictims":0,"pedestrian":0,"bicycle":0,"motorcycle":1,"automobile":1,"bus":0,"truck":0,"resourceId":"f20fdf61-64b4-450a-b217-c2be12cb35b7"},"geometry":{"type":"Point","coordinates":[-45.8950834,-23.2642515]}},{"type":"Feature","id":"2823433","properties":{"period":"2026-07","date":"11/07/2026","hour":"11:38","type":"OUTROS","turn":"MANHA","roadType":"VIAS URBANAS","street":"RUA HEITOR DE ANDRADE","fatal":false,"fatalVictims":0,"seriousVictims":0,"pedestrian":0,"bicycle":0,"motorcycle":0,"automobile":0,"bus":0,"truck":0,"resourceId":"f20fdf61-64b4-450a-b217-c2be12cb35b7"},"geometry":{"type":"Point","coordinates":[-45.9225363,-23.2249581]}},{"type":"Feature","id":"2828823","properties":{"period":"2026-07","date":"14/07/2026","hour":"06:24","type":"OUTROS","turn":"MANHA","roadType":"VIAS URBANAS","street":"AVENIDA PEDRO FRIGGI","fatal":false,"fatalVictims":0,"seriousVictims":0,"pedestrian":0,"bicycle":0,"motorcycle":0,"automobile":0,"bus":0,"truck":0,"resourceId":"f20fdf61-64b4-450a-b217-c2be12cb35b7"},"geometry":{"type":"Point","coordinates":[-45.831852,-23.178141]}},{"type":"Feature","id":"2825954","properties":{"period":"2026-07","date":"17/07/2026","hour":"18:53","type":"OUTROS","turn":"NOITE","roadType":"VIAS URBANAS","street":"AVENIDA ENGENHEIRO SEBASTIAO GUALBERTO","fatal":false,"fatalVictims":0,"seriousVictims":0,"pedestrian":0,"bicycle":0,"motorcycle":0,"automobile":0,"bus":0,"truck":0,"resourceId":"f20fdf61-64b4-450a-b217-c2be12cb35b7"},"geometry":{"type":"Point","coordinates":[-45.8771823,-23.1751568]}},{"type":"Feature","id":"2828606","properties":{"period":"2026-07","date":"19/07/2026","hour":"13:47","type":"OUTROS","turn":"TARDE","roadType":"VIAS URBANAS","street":"RUA CORONEL MADEIRA","fatal":false,"fatalVictims":0,"seriousVictims":0,"pedestrian":0,"bicycle":0,"motorcycle":0,"automobile":0,"bus":0,"truck":0,"resourceId":"f20fdf61-64b4-450a-b217-c2be12cb35b7"},"geometry":{"type":"Point","coordinates":[-45.8891809,-23.1905761]}},{"type":"Feature","id":"2825955","properties":{"period":"2026-07","date":"20/07/2026","hour":"18:19","type":"OUTROS","turn":"NOITE","roadType":"VIAS URBANAS","street":"AVENIDA DOUTOR NELSON D'AVILA","fatal":false,"fatalVictims":0,"seriousVictims":0,"pedestrian":0,"bicycle":0,"motorcycle":0,"automobile":0,"bus":0,"truck":0,"resourceId":"f20fdf61-64b4-450a-b217-c2be12cb35b7"},"geometry":{"type":"Point","coordinates":[-45.8851776,-23.1924066]}},{"type":"Feature","id":"2835184","properties":{"period":"2026-07","date":"20/07/2026","hour":"12:56","type":"ATROPELAMENTO","turn":"TARDE","roadType":"VIAS URBANAS","street":"RUA GERALDO FERREIRA TAVARES","fatal":false,"fatalVictims":0,"seriousVictims":0,"pedestrian":0,"bicycle":0,"motorcycle":0,"automobile":1,"bus":0,"truck":0,"resourceId":"f20fdf61-64b4-450a-b217-c2be12cb35b7"},"geometry":{"type":"Point","coordinates":[-45.8848543,-23.2548009]}},{"type":"Feature","id":"2829642","properties":{"period":"2026-07","date":"21/07/2026","hour":"07:20","type":"OUTROS","turn":"MANHA","roadType":"VIAS URBANAS","street":"VIA CAMBUI","fatal":false,"fatalVictims":0,"seriousVictims":0,"pedestrian":0,"bicycle":0,"motorcycle":0,"automobile":0,"bus":0,"truck":0,"resourceId":"f20fdf61-64b4-450a-b217-c2be12cb35b7"},"geometry":{"type":"Point","coordinates":[-45.8442309,-23.2090137]}},{"type":"Feature","id":"2824092","properties":{"period":"2026-07","date":"12/07/2026","hour":"07:42","type":"NAO DISPONIVEL","turn":"MANHA","roadType":"ESTRADAS E RODOVIAS","street":"SP 099","fatal":false,"fatalVictims":0,"seriousVictims":0,"pedestrian":0,"bicycle":0,"motorcycle":0,"automobile":0,"bus":0,"truck":0,"resourceId":"f20fdf61-64b4-450a-b217-c2be12cb35b7"},"geometry":{"type":"Point","coordinates":[-45.881662,-23.2150861673]}},{"type":"Feature","id":"2836528","properties":{"period":"2026-07","date":"12/07/2026","hour":"07:15","type":"OUTROS","turn":"MANHA","roadType":"ESTRADAS E RODOVIAS","street":"BR 116","fatal":false,"fatalVictims":0,"seriousVictims":1,"pedestrian":0,"bicycle":0,"motorcycle":1,"automobile":0,"bus":0,"truck":0,"resourceId":"f20fdf61-64b4-450a-b217-c2be12cb35b7"},"geometry":{"type":"Point","coordinates":[-45.8303064477,-23.1749791386]}},{"type":"Feature","id":"2826263","properties":{"period":"2026-07","date":"13/07/2026","hour":"20:12","type":"COLISAO","turn":"NOITE","roadType":"VIAS URBANAS","street":"RUA AMBROSIO MOLINA","fatal":false,"fatalVictims":0,"seriousVictims":0,"pedestrian":0,"bicycle":1,"motorcycle":1,"automobile":0,"bus":0,"truck":0,"resourceId":"f20fdf61-64b4-450a-b217-c2be12cb35b7"},"geometry":{"type":"Point","coordinates":[-45.781457,-23.1453707]}},{"type":"Feature","id":"2838236","properties":{"period":"2026-07","date":"15/07/2026","hour":"17:49","type":"COLISAO","turn":"TARDE","roadType":"VIAS URBANAS","street":"AVENIDA MARILISE MARTINS DOS SANTOS","fatal":false,"fatalVictims":0,"seriousVictims":0,"pedestrian":0,"bicycle":0,"motorcycle":1,"automobile":0,"bus":0,"truck":0,"resourceId":"f20fdf61-64b4-450a-b217-c2be12cb35b7"},"geometry":{"type":"Point","coordinates":[-45.7966523,-23.1477282]}},{"type":"Feature","id":"2829135","properties":{"period":"2026-07","date":"18/07/2026","hour":"20:11","type":"COLISAO","turn":"NOITE","roadType":"VIAS URBANAS","street":"RUA MANOEL BOSCO RIBEIRO","fatal":false,"fatalVictims":0,"seriousVictims":0,"pedestrian":0,"bicycle":0,"motorcycle":1,"automobile":1,"bus":0,"truck":0,"resourceId":"f20fdf61-64b4-450a-b217-c2be12cb35b7"},"geometry":{"type":"Point","coordinates":[-45.9261539,-23.2300893]}},{"type":"Feature","id":"2825689","properties":{"period":"2026-07","date":"20/07/2026","hour":"17:38","type":"NAO DISPONIVEL","turn":"TARDE","roadType":"VIAS URBANAS","street":"RUA DOS ALECRINS","fatal":false,"fatalVictims":0,"seriousVictims":0,"pedestrian":0,"bicycle":0,"motorcycle":1,"automobile":0,"bus":0,"truck":0,"resourceId":"f20fdf61-64b4-450a-b217-c2be12cb35b7"},"geometry":{"type":"Point","coordinates":[-45.9218543,-23.2267948]}},{"type":"Feature","id":"2832167","properties":{"period":"2026-07","date":"21/07/2026","hour":"07:08","type":"COLISAO","turn":"MANHA","roadType":"VIAS URBANAS","street":"AVENIDA ANTONIO GALVAO JUNIOR","fatal":false,"fatalVictims":0,"seriousVictims":0,"pedestrian":0,"bicycle":0,"motorcycle":1,"automobile":1,"bus":0,"truck":0,"resourceId":"f20fdf61-64b4-450a-b217-c2be12cb35b7"},"geometry":{"type":"Point","coordinates":[-45.7768891,-23.1345801]}},{"type":"Feature","id":"2827177","properties":{"period":"2026-07","date":"16/07/2026","hour":"21:44","type":"COLISAO","turn":"NOITE","roadType":"VIAS URBANAS","street":"AVENIDA DOUTOR EDUARDO CURY","fatal":false,"fatalVictims":0,"seriousVictims":0,"pedestrian":0,"bicycle":0,"motorcycle":1,"automobile":1,"bus":0,"truck":0,"resourceId":"f20fdf61-64b4-450a-b217-c2be12cb35b7"},"geometry":{"type":"Point","coordinates":[-45.9065825,-23.2043119]}},{"type":"Feature","id":"2827578","properties":{"period":"2026-07","date":"17/07/2026","hour":"20:10","type":"ATROPELAMENTO","turn":"NOITE","roadType":"VIAS URBANAS","street":"RUA UBIRAJARA RAIMUNDO DE SOUZA","fatal":false,"fatalVictims":0,"seriousVictims":0,"pedestrian":2,"bicycle":0,"motorcycle":0,"automobile":1,"bus":0,"truck":0,"resourceId":"f20fdf61-64b4-450a-b217-c2be12cb35b7"},"geometry":{"type":"Point","coordinates":[-45.8654208,-23.2727174]}},{"type":"Feature","id":"2836862","properties":{"period":"2026-07","date":"20/07/2026","hour":"11:34","type":"OUTROS","turn":"MANHA","roadType":"VIAS URBANAS","street":"AVENIDA CONSTANCIA DA CUNHA PAIVA","fatal":false,"fatalVictims":0,"seriousVictims":0,"pedestrian":0,"bicycle":0,"motorcycle":0,"automobile":0,"bus":0,"truck":0,"resourceId":"f20fdf61-64b4-450a-b217-c2be12cb35b7"},"geometry":{"type":"Point","coordinates":[-45.8002905,-23.1708486]}},{"type":"Feature","id":"2822025","properties":{"period":"2026-07","date":"11/07/2026","hour":"16:23","type":"ATROPELAMENTO","turn":"TARDE","roadType":"VIAS URBANAS","street":"AVENIDA SAO JOSE","fatal":false,"fatalVictims":0,"seriousVictims":0,"pedestrian":2,"bicycle":0,"motorcycle":0,"automobile":1,"bus":0,"truck":0,"resourceId":"f20fdf61-64b4-450a-b217-c2be12cb35b7"},"geometry":{"type":"Point","coordinates":[-45.8881236,-23.1814547]}},{"type":"Feature","id":"2831557","properties":{"period":"2026-07","date":"13/07/2026","hour":"00:14","type":"NAO DISPONIVEL","turn":"MADRUGADA","roadType":"ESTRADAS E RODOVIAS","street":"SP 099","fatal":false,"fatalVictims":0,"seriousVictims":0,"pedestrian":0,"bicycle":0,"motorcycle":0,"automobile":0,"bus":0,"truck":0,"resourceId":"f20fdf61-64b4-450a-b217-c2be12cb35b7"},"geometry":{"type":"Point","coordinates":[-45.881662,-23.2150861673]}},{"type":"Feature","id":"2835465","properties":{"period":"2026-07","date":"13/07/2026","hour":"13:38","type":"COLISAO","turn":"TARDE","roadType":"VIAS URBANAS","street":"RUA DOUTOR FRANCISCO DE SOUZA","fatal":false,"fatalVictims":0,"seriousVictims":0,"pedestrian":0,"bicycle":0,"motorcycle":1,"automobile":1,"bus":0,"truck":0,"resourceId":"f20fdf61-64b4-450a-b217-c2be12cb35b7"},"geometry":{"type":"Point","coordinates":[-45.9045344,-23.193119]}},{"type":"Feature","id":"2834462","properties":{"period":"2026-07","date":"15/07/2026","hour":"17:02","type":"NAO DISPONIVEL","turn":"TARDE","roadType":"VIAS URBANAS","street":"RUA LUIS PASTEUR","fatal":false,"fatalVictims":0,"seriousVictims":0,"pedestrian":0,"bicycle":0,"motorcycle":0,"automobile":0,"bus":0,"truck":0,"resourceId":"f20fdf61-64b4-450a-b217-c2be12cb35b7"},"geometry":{"type":"Point","coordinates":[-45.8769725,-23.1891723]}},{"type":"Feature","id":"2828139","properties":{"period":"2026-07","date":"16/07/2026","hour":"23:13","type":"COLISAO","turn":"NOITE","roadType":"VIAS URBANAS","street":"RUA CANDEIAS","fatal":false,"fatalVictims":0,"seriousVictims":0,"pedestrian":0,"bicycle":0,"motorcycle":0,"automobile":2,"bus":1,"truck":0,"resourceId":"f20fdf61-64b4-450a-b217-c2be12cb35b7"},"geometry":{"type":"Point","coordinates":[-45.908274,-23.2501594]}},{"type":"Feature","id":"2835804","properties":{"period":"2026-07","date":"17/07/2026","hour":"13:55","type":"COLISAO","turn":"TARDE","roadType":"VIAS URBANAS","street":"RUA MANOEL BOSCO RIBEIRO","fatal":false,"fatalVictims":0,"seriousVictims":0,"pedestrian":0,"bicycle":0,"motorcycle":1,"automobile":1,"bus":0,"truck":0,"resourceId":"f20fdf61-64b4-450a-b217-c2be12cb35b7"},"geometry":{"type":"Point","coordinates":[-45.926016,-23.230427]}},{"type":"Feature","id":"2826846","properties":{"period":"2026-07","date":"19/07/2026","hour":"11:33","type":"NAO DISPONIVEL","turn":"MANHA","roadType":"VIAS URBANAS","street":"ESTRADA MUNICIPAL DO JAGUARI","fatal":false,"fatalVictims":0,"seriousVictims":0,"pedestrian":0,"bicycle":0,"motorcycle":0,"automobile":0,"bus":0,"truck":0,"resourceId":"f20fdf61-64b4-450a-b217-c2be12cb35b7"},"geometry":{"type":"Point","coordinates":[-45.9177645,-23.1595196]}},{"type":"Feature","id":"2824266","properties":{"period":"2026-07","date":"20/07/2026","hour":"20:17","type":"ATROPELAMENTO","turn":"NOITE","roadType":"ESTRADAS E RODOVIAS","street":"SP 099","fatal":true,"fatalVictims":1,"seriousVictims":0,"pedestrian":1,"bicycle":0,"motorcycle":1,"automobile":0,"bus":0,"truck":0,"resourceId":"f20fdf61-64b4-450a-b217-c2be12cb35b7"},"geometry":{"type":"Point","coordinates":[-45.8324043247,-23.2595433476]}},{"type":"Feature","id":"2824854","properties":{"period":"2026-07","date":"14/07/2026","hour":"20:08","type":"COLISAO","turn":"NOITE","roadType":"VIAS URBANAS","street":"AVENIDA RUI BARBOSA","fatal":false,"fatalVictims":0,"seriousVictims":0,"pedestrian":0,"bicycle":0,"motorcycle":0,"automobile":1,"bus":0,"truck":0,"resourceId":"f20fdf61-64b4-450a-b217-c2be12cb35b7"},"geometry":{"type":"Point","coordinates":[-45.8875563,-23.179976]}},{"type":"Feature","id":"2826723","properties":{"period":"2026-07","date":"15/07/2026","hour":"22:13","type":"COLISAO","turn":"NOITE","roadType":"VIAS URBANAS","street":"AVENIDA PRINCESA ISABEL","fatal":false,"fatalVictims":0,"seriousVictims":0,"pedestrian":0,"bicycle":0,"motorcycle":1,"automobile":1,"bus":0,"truck":0,"resourceId":"f20fdf61-64b4-450a-b217-c2be12cb35b7"},"geometry":{"type":"Point","coordinates":[-45.893253,-23.1615665]}},{"type":"Feature","id":"2829953","properties":{"period":"2026-07","date":"17/07/2026","hour":"06:40","type":"OUTROS","turn":"MANHA","roadType":"ESTRADAS E RODOVIAS","street":"BR 116","fatal":false,"fatalVictims":0,"seriousVictims":0,"pedestrian":0,"bicycle":0,"motorcycle":0,"automobile":0,"bus":0,"truck":0,"resourceId":"f20fdf61-64b4-450a-b217-c2be12cb35b7"},"geometry":{"type":"Point","coordinates":[-45.8391757632,-23.1792563135]}},{"type":"Feature","id":"2837990","properties":{"period":"2026-07","date":"18/07/2026","hour":"15:55","type":"COLISAO","turn":"TARDE","roadType":"ESTRADAS E RODOVIAS","street":"BR 116","fatal":false,"fatalVictims":0,"seriousVictims":0,"pedestrian":0,"bicycle":0,"motorcycle":1,"automobile":1,"bus":0,"truck":0,"resourceId":"f20fdf61-64b4-450a-b217-c2be12cb35b7"},"geometry":{"type":"Point","coordinates":[-45.9153395397,-23.234005291]}},{"type":"Feature","id":"2829216","properties":{"period":"2026-07","date":"18/07/2026","hour":"20:30","type":"OUTROS","turn":"NOITE","roadType":"VIAS URBANAS","street":"AVENIDA MARIANA ANDRADE","fatal":false,"fatalVictims":0,"seriousVictims":0,"pedestrian":0,"bicycle":0,"motorcycle":0,"automobile":0,"bus":0,"truck":0,"resourceId":"f20fdf61-64b4-450a-b217-c2be12cb35b7"},"geometry":{"type":"Point","coordinates":[-45.8038256,-23.2145563]}},{"type":"Feature","id":"2829791","properties":{"period":"2026-07","date":"18/07/2026","hour":"21:59","type":"OUTROS","turn":"NOITE","roadType":"VIAS URBANAS","street":"RUA AUDEMO VENEZIANI","fatal":false,"fatalVictims":0,"seriousVictims":0,"pedestrian":0,"bicycle":0,"motorcycle":0,"automobile":0,"bus":0,"truck":0,"resourceId":"f20fdf61-64b4-450a-b217-c2be12cb35b7"},"geometry":{"type":"Point","coordinates":[-45.9002919,-23.1523094]}},{"type":"Feature","id":"2833121","properties":{"period":"2026-07","date":"18/07/2026","hour":"09:38","type":"COLISAO","turn":"MANHA","roadType":"VIAS URBANAS","street":"RUA SARDONICA","fatal":false,"fatalVictims":0,"seriousVictims":0,"pedestrian":0,"bicycle":0,"motorcycle":0,"automobile":1,"bus":0,"truck":0,"resourceId":"f20fdf61-64b4-450a-b217-c2be12cb35b7"},"geometry":{"type":"Point","coordinates":[-45.8742753,-23.1920085]}},{"type":"Feature","id":"2837268","properties":{"period":"2026-07","date":"20/07/2026","hour":"16:14","type":"COLISAO","turn":"TARDE","roadType":"VIAS URBANAS","street":"AVENIDA SAO JOAO","fatal":false,"fatalVictims":0,"seriousVictims":0,"pedestrian":0,"bicycle":0,"motorcycle":1,"automobile":0,"bus":0,"truck":0,"resourceId":"f20fdf61-64b4-450a-b217-c2be12cb35b7"},"geometry":{"type":"Point","coordinates":[-45.9038575,-23.2026223]}},{"type":"Feature","id":"2826358","properties":{"period":"2026-07","date":"20/07/2026","hour":"18:23","type":"COLISAO","turn":"NOITE","roadType":"VIAS URBANAS","street":"AVENIDA DOUTOR NELSON D'AVILA","fatal":false,"fatalVictims":0,"seriousVictims":0,"pedestrian":0,"bicycle":0,"motorcycle":1,"automobile":0,"bus":1,"truck":0,"resourceId":"f20fdf61-64b4-450a-b217-c2be12cb35b7"},"geometry":{"type":"Point","coordinates":[-45.8857383,-23.192277]}},{"type":"Feature","id":"2830380","properties":{"period":"2026-07","date":"13/07/2026","hour":"07:11","type":"OUTROS","turn":"MANHA","roadType":"ESTRADAS E RODOVIAS","street":"SP 099","fatal":false,"fatalVictims":0,"seriousVictims":0,"pedestrian":0,"bicycle":0,"motorcycle":1,"automobile":0,"bus":0,"truck":0,"resourceId":"f20fdf61-64b4-450a-b217-c2be12cb35b7"},"geometry":{"type":"Point","coordinates":[-45.8080666871,-23.2785690274]}},{"type":"Feature","id":"2838500","properties":{"period":"2026-07","date":"13/07/2026","hour":"17:53","type":"ATROPELAMENTO","turn":"TARDE","roadType":"VIAS URBANAS","street":"RUA AMBROSIO MOLINA","fatal":false,"fatalVictims":0,"seriousVictims":0,"pedestrian":0,"bicycle":0,"motorcycle":0,"automobile":0,"bus":0,"truck":0,"resourceId":"f20fdf61-64b4-450a-b217-c2be12cb35b7"},"geometry":{"type":"Point","coordinates":[-45.7816368,-23.1452561]}},{"type":"Feature","id":"2828352","properties":{"period":"2026-07","date":"13/07/2026","hour":"01:52","type":"CHOQUE","turn":"MADRUGADA","roadType":"VIAS URBANAS","street":"RUA URUPE","fatal":false,"fatalVictims":0,"seriousVictims":0,"pedestrian":0,"bicycle":0,"motorcycle":0,"automobile":1,"bus":0,"truck":0,"resourceId":"f20fdf61-64b4-450a-b217-c2be12cb35b7"},"geometry":{"type":"Point","coordinates":[-45.8925043,-23.2319075]}},{"type":"Feature","id":"2835837","properties":{"period":"2026-07","date":"13/07/2026","hour":"09:42","type":"COLISAO","turn":"MANHA","roadType":"VIAS URBANAS","street":"AVENIDA JOAO RODOLFO CASTELLI","fatal":false,"fatalVictims":0,"seriousVictims":0,"pedestrian":0,"bicycle":0,"motorcycle":1,"automobile":1,"bus":0,"truck":0,"resourceId":"f20fdf61-64b4-450a-b217-c2be12cb35b7"},"geometry":{"type":"Point","coordinates":[-45.8172168,-23.2520277]}},{"type":"Feature","id":"2824916","properties":{"period":"2026-07","date":"14/07/2026","hour":"20:01","type":"COLISAO","turn":"NOITE","roadType":"VIAS URBANAS","street":"RUA SAIGIRO NAKAMURA","fatal":false,"fatalVictims":0,"seriousVictims":0,"pedestrian":0,"bicycle":0,"motorcycle":1,"automobile":0,"bus":0,"truck":0,"resourceId":"f20fdf61-64b4-450a-b217-c2be12cb35b7"},"geometry":{"type":"Point","coordinates":[-45.8620815,-23.1805083]}},{"type":"Feature","id":"2834022","properties":{"period":"2026-07","date":"14/07/2026","hour":"13:41","type":"OUTROS","turn":"TARDE","roadType":"VIAS URBANAS","street":"AVENIDA PRESIDENTE TANCREDO NEVES","fatal":false,"fatalVictims":0,"seriousVictims":0,"pedestrian":0,"bicycle":0,"motorcycle":0,"automobile":0,"bus":0,"truck":0,"resourceId":"f20fdf61-64b4-450a-b217-c2be12cb35b7"},"geometry":{"type":"Point","coordinates":[-45.7929124,-23.1871277]}},{"type":"Feature","id":"2827204","properties":{"period":"2026-07","date":"16/07/2026","hour":"21:42","type":"OUTROS","turn":"NOITE","roadType":"VIAS URBANAS","street":"RUA IBICARAI","fatal":false,"fatalVictims":0,"seriousVictims":0,"pedestrian":0,"bicycle":0,"motorcycle":0,"automobile":0,"bus":0,"truck":0,"resourceId":"f20fdf61-64b4-450a-b217-c2be12cb35b7"},"geometry":{"type":"Point","coordinates":[-45.9113215,-23.2600756]}},{"type":"Feature","id":"2835445","properties":{"period":"2026-07","date":"17/07/2026","hour":"16:22","type":"OUTROS","turn":"TARDE","roadType":"VIAS URBANAS","street":"RUA BAHIA","fatal":false,"fatalVictims":0,"seriousVictims":0,"pedestrian":0,"bicycle":1,"motorcycle":0,"automobile":0,"bus":0,"truck":1,"resourceId":"f20fdf61-64b4-450a-b217-c2be12cb35b7"},"geometry":{"type":"Point","coordinates":[-45.8692613,-23.1923136]}},{"type":"Feature","id":"2830914","properties":{"period":"2026-07","date":"17/07/2026","hour":"06:39","type":"COLISAO","turn":"MANHA","roadType":"VIAS URBANAS","street":"AVENIDA ANDROMEDA","fatal":false,"fatalVictims":0,"seriousVictims":0,"pedestrian":0,"bicycle":0,"motorcycle":0,"automobile":2,"bus":0,"truck":0,"resourceId":"f20fdf61-64b4-450a-b217-c2be12cb35b7"},"geometry":{"type":"Point","coordinates":[-45.8849297,-23.2258314]}},{"type":"Feature","id":"2831012","properties":{"period":"2026-07","date":"17/07/2026","hour":"09:26","type":"COLISAO","turn":"MANHA","roadType":"VIAS URBANAS","street":"AVENIDA RIO CLARO","fatal":false,"fatalVictims":0,"seriousVictims":0,"pedestrian":0,"bicycle":0,"motorcycle":1,"automobile":1,"bus":0,"truck":0,"resourceId":"f20fdf61-64b4-450a-b217-c2be12cb35b7"},"geometry":{"type":"Point","coordinates":[-45.9232713,-23.2260073]}},{"type":"Feature","id":"2833976","properties":{"period":"2026-07","date":"18/07/2026","hour":"16:50","type":"COLISAO","turn":"TARDE","roadType":"ESTRADAS E RODOVIAS","street":"BR 116","fatal":false,"fatalVictims":0,"seriousVictims":1,"pedestrian":0,"bicycle":0,"motorcycle":0,"automobile":2,"bus":0,"truck":0,"resourceId":"f20fdf61-64b4-450a-b217-c2be12cb35b7"},"geometry":{"type":"Point","coordinates":[-45.9178171405,-23.2363796027]}},{"type":"Feature","id":"2833940","properties":{"period":"2026-07","date":"21/07/2026","hour":"15:25","type":"COLISAO","turn":"TARDE","roadType":"VIAS URBANAS","street":"AVENIDA DOUTOR ADEMAR DE BARROS","fatal":false,"fatalVictims":0,"seriousVictims":0,"pedestrian":0,"bicycle":0,"motorcycle":0,"automobile":1,"bus":0,"truck":0,"resourceId":"f20fdf61-64b4-450a-b217-c2be12cb35b7"},"geometry":{"type":"Point","coordinates":[-45.8911399,-23.1949295]}},{"type":"Feature","id":"2837593","properties":{"period":"2026-07","date":"24/07/2026","hour":"13:40","type":"ATROPELAMENTO","turn":"TARDE","roadType":"VIAS URBANAS","street":"RUA BACABAL","fatal":false,"fatalVictims":0,"seriousVictims":0,"pedestrian":2,"bicycle":0,"motorcycle":0,"automobile":0,"bus":0,"truck":0,"resourceId":"f20fdf61-64b4-450a-b217-c2be12cb35b7"},"geometry":{"type":"Point","coordinates":[-45.902574,-23.2331644]}},{"type":"Feature","id":"2831947","properties":{"period":"2026-07","date":"26/07/2026","hour":"00:06","type":"COLISAO","turn":"MADRUGADA","roadType":"VIAS URBANAS","street":"RUA XINGU","fatal":false,"fatalVictims":0,"seriousVictims":0,"pedestrian":0,"bicycle":0,"motorcycle":1,"automobile":0,"bus":0,"truck":0,"resourceId":"f20fdf61-64b4-450a-b217-c2be12cb35b7"},"geometry":{"type":"Point","coordinates":[-45.8793495,-23.222159]}},{"type":"Feature","id":"2836225","properties":{"period":"2026-07","date":"29/07/2026","hour":"17:45","type":"OUTROS","turn":"TARDE","roadType":"VIAS URBANAS","street":"AVENIDA JOAO BATISTA DE SOUZA SOARES","fatal":false,"fatalVictims":0,"seriousVictims":0,"pedestrian":0,"bicycle":0,"motorcycle":0,"automobile":0,"bus":0,"truck":0,"resourceId":"f20fdf61-64b4-450a-b217-c2be12cb35b7"},"geometry":{"type":"Point","coordinates":[-45.901123,-23.2267109]}},{"type":"Feature","id":"2837989","properties":{"period":"2026-07","date":"29/07/2026","hour":"11:30","type":"OUTROS","turn":"MANHA","roadType":"ESTRADAS E RODOVIAS","street":"BR 116","fatal":false,"fatalVictims":0,"seriousVictims":0,"pedestrian":0,"bicycle":0,"motorcycle":1,"automobile":1,"bus":0,"truck":0,"resourceId":"f20fdf61-64b4-450a-b217-c2be12cb35b7"},"geometry":{"type":"Point","coordinates":[-45.8391757632,-23.1792563135]}},{"type":"Feature","id":"2837735","properties":{"period":"2026-07","date":"30/07/2026","hour":"17:38","type":"COLISAO","turn":"TARDE","roadType":"VIAS URBANAS","street":"AVENIDA BENEDICTO ALBINO TOMAZ","fatal":false,"fatalVictims":0,"seriousVictims":1,"pedestrian":0,"bicycle":0,"motorcycle":1,"automobile":1,"bus":0,"truck":0,"resourceId":"f20fdf61-64b4-450a-b217-c2be12cb35b7"},"geometry":{"type":"Point","coordinates":[-45.8005384,-23.1841505]}},{"type":"Feature","id":"2834957","properties":{"period":"2026-07","date":"23/07/2026","hour":"13:05","type":"COLISAO","turn":"TARDE","roadType":"VIAS URBANAS","street":"RUA PEDRO RACHID","fatal":false,"fatalVictims":0,"seriousVictims":0,"pedestrian":0,"bicycle":1,"motorcycle":0,"automobile":0,"bus":1,"truck":0,"resourceId":"f20fdf61-64b4-450a-b217-c2be12cb35b7"},"geometry":{"type":"Point","coordinates":[-45.8963909,-23.1642777]}},{"type":"Feature","id":"2836065","properties":{"period":"2026-07","date":"24/07/2026","hour":"18:45","type":"COLISAO","turn":"NOITE","roadType":"ESTRADAS E RODOVIAS","street":"BR 116","fatal":false,"fatalVictims":0,"seriousVictims":0,"pedestrian":0,"bicycle":0,"motorcycle":1,"automobile":1,"bus":0,"truck":0,"resourceId":"f20fdf61-64b4-450a-b217-c2be12cb35b7"},"geometry":{"type":"Point","coordinates":[-45.83470971,-23.177181758]}},{"type":"Feature","id":"2828498","properties":{"period":"2026-07","date":"26/07/2026","hour":"13:14","type":"ATROPELAMENTO","turn":"TARDE","roadType":"VIAS URBANAS","street":"RUA CARLOS NUNES DE PAULA","fatal":false,"fatalVictims":0,"seriousVictims":0,"pedestrian":0,"bicycle":0,"motorcycle":0,"automobile":0,"bus":0,"truck":0,"resourceId":"f20fdf61-64b4-450a-b217-c2be12cb35b7"},"geometry":{"type":"Point","coordinates":[-45.8971127,-23.2795869]}},{"type":"Feature","id":"2835369","properties":{"period":"2026-07","date":"27/07/2026","hour":"12:59","type":"COLISAO","turn":"TARDE","roadType":"VIAS URBANAS","street":"RUA ROSARIO","fatal":false,"fatalVictims":0,"seriousVictims":0,"pedestrian":0,"bicycle":0,"motorcycle":1,"automobile":1,"bus":0,"truck":0,"resourceId":"f20fdf61-64b4-450a-b217-c2be12cb35b7"},"geometry":{"type":"Point","coordinates":[-45.898212,-23.2343125]}},{"type":"Feature","id":"2834004","properties":{"period":"2026-07","date":"27/07/2026","hour":"20:20","type":"OUTROS","turn":"NOITE","roadType":"ESTRADAS E RODOVIAS","street":"BR 116","fatal":false,"fatalVictims":0,"seriousVictims":0,"pedestrian":0,"bicycle":0,"motorcycle":1,"automobile":0,"bus":0,"truck":0,"resourceId":"f20fdf61-64b4-450a-b217-c2be12cb35b7"},"geometry":{"type":"Point","coordinates":[-45.7688280881,-23.1438137088]}},{"type":"Feature","id":"2837901","properties":{"period":"2026-07","date":"30/07/2026","hour":"20:53","type":"OUTROS","turn":"NOITE","roadType":"ESTRADAS E RODOVIAS","street":"BR 116","fatal":false,"fatalVictims":0,"seriousVictims":0,"pedestrian":0,"bicycle":0,"motorcycle":0,"automobile":1,"bus":0,"truck":0,"resourceId":"f20fdf61-64b4-450a-b217-c2be12cb35b7"},"geometry":{"type":"Point","coordinates":[-45.9323928913,-23.2482383693]}},{"type":"Feature","id":"2833515","properties":{"period":"2026-07","date":"30/07/2026","hour":"12:18","type":"COLISAO","turn":"TARDE","roadType":"VIAS URBANAS","street":"RUA BENEDITO DA SILVA MAIA","fatal":false,"fatalVictims":0,"seriousVictims":0,"pedestrian":0,"bicycle":0,"motorcycle":1,"automobile":1,"bus":0,"truck":0,"resourceId":"f20fdf61-64b4-450a-b217-c2be12cb35b7"},"geometry":{"type":"Point","coordinates":[-45.9169558,-23.2241924]}},{"type":"Feature","id":"2825270","properties":{"period":"2026-07","date":"31/07/2026","hour":"18:08","type":"CHOQUE","turn":"NOITE","roadType":"VIAS URBANAS","street":"RUA ILHA DO NORTE","fatal":false,"fatalVictims":0,"seriousVictims":0,"pedestrian":0,"bicycle":0,"motorcycle":1,"automobile":1,"bus":0,"truck":0,"resourceId":"f20fdf61-64b4-450a-b217-c2be12cb35b7"},"geometry":{"type":"Point","coordinates":[-45.904251,-23.2376898]}},{"type":"Feature","id":"2832156","properties":{"period":"2026-07","date":"23/07/2026","hour":"10:30","type":"COLISAO","turn":"MANHA","roadType":"VIAS URBANAS","street":"AVENIDA PRINCESA ISABEL","fatal":false,"fatalVictims":0,"seriousVictims":0,"pedestrian":0,"bicycle":0,"motorcycle":0,"automobile":0,"bus":0,"truck":0,"resourceId":"f20fdf61-64b4-450a-b217-c2be12cb35b7"},"geometry":{"type":"Point","coordinates":[-45.8927019,-23.1628486]}},{"type":"Feature","id":"2831466","properties":{"period":"2026-07","date":"27/07/2026","hour":"00:13","type":"NAO DISPONIVEL","turn":"MADRUGADA","roadType":"VIAS URBANAS","street":"RUA JOSE DE CAMPOS","fatal":false,"fatalVictims":0,"seriousVictims":0,"pedestrian":0,"bicycle":0,"motorcycle":0,"automobile":0,"bus":0,"truck":0,"resourceId":"f20fdf61-64b4-450a-b217-c2be12cb35b7"},"geometry":{"type":"Point","coordinates":[-45.9008495,-23.260747]}},{"type":"Feature","id":"2831291","properties":{"period":"2026-07","date":"28/07/2026","hour":"09:21","type":"OUTROS","turn":"MANHA","roadType":"VIAS URBANAS","street":"AVENIDA JORGE ZARUR","fatal":false,"fatalVictims":0,"seriousVictims":0,"pedestrian":0,"bicycle":0,"motorcycle":0,"automobile":0,"bus":0,"truck":0,"resourceId":"f20fdf61-64b4-450a-b217-c2be12cb35b7"},"geometry":{"type":"Point","coordinates":[-45.9047916,-23.2078837]}},{"type":"Feature","id":"2834211","properties":{"period":"2026-07","date":"28/07/2026","hour":"12:08","type":"COLISAO","turn":"TARDE","roadType":"VIAS URBANAS","street":"ESTRADA JUCA CARVALHO","fatal":false,"fatalVictims":0,"seriousVictims":0,"pedestrian":0,"bicycle":0,"motorcycle":1,"automobile":1,"bus":0,"truck":0,"resourceId":"f20fdf61-64b4-450a-b217-c2be12cb35b7"},"geometry":{"type":"Point","coordinates":[-45.917723,-23.149783]}},{"type":"Feature","id":"2825527","properties":{"period":"2026-07","date":"30/07/2026","hour":"19:09","type":"OUTROS","turn":"NOITE","roadType":"VIAS URBANAS","street":"AVENIDA JOSE ANTONIO SILVERIO","fatal":false,"fatalVictims":0,"seriousVictims":0,"pedestrian":0,"bicycle":0,"motorcycle":0,"automobile":0,"bus":0,"truck":0,"resourceId":"f20fdf61-64b4-450a-b217-c2be12cb35b7"},"geometry":{"type":"Point","coordinates":[-45.8254468,-23.2385976]}},{"type":"Feature","id":"2829600","properties":{"period":"2026-07","date":"30/07/2026","hour":"06:56","type":"COLISAO","turn":"MANHA","roadType":"VIAS URBANAS","street":"PRACA MARTE","fatal":false,"fatalVictims":0,"seriousVictims":0,"pedestrian":0,"bicycle":0,"motorcycle":1,"automobile":1,"bus":0,"truck":0,"resourceId":"f20fdf61-64b4-450a-b217-c2be12cb35b7"},"geometry":{"type":"Point","coordinates":[-45.856595,-23.2084966]}},{"type":"Feature","id":"2834034","properties":{"period":"2026-07","date":"31/07/2026","hour":"11:41","type":"OUTROS","turn":"MANHA","roadType":"VIAS URBANAS","street":"RUA SIQUEIRA CAMPOS","fatal":false,"fatalVictims":0,"seriousVictims":0,"pedestrian":0,"bicycle":0,"motorcycle":0,"automobile":0,"bus":0,"truck":0,"resourceId":"f20fdf61-64b4-450a-b217-c2be12cb35b7"},"geometry":{"type":"Point","coordinates":[-45.8817383,-23.1796827]}},{"type":"Feature","id":"2827495","properties":{"period":"2026-07","date":"23/07/2026","hour":"22:49","type":"COLISAO","turn":"NOITE","roadType":"VIAS URBANAS","street":"AVENIDA PRESIDENTE JUSCELINO KUBITSCHEK","fatal":false,"fatalVictims":0,"seriousVictims":0,"pedestrian":0,"bicycle":0,"motorcycle":1,"automobile":1,"bus":0,"truck":0,"resourceId":"f20fdf61-64b4-450a-b217-c2be12cb35b7"},"geometry":{"type":"Point","coordinates":[-45.8522396,-23.1801968]}},{"type":"Feature","id":"2833109","properties":{"period":"2026-07","date":"27/07/2026","hour":"12:36","type":"OUTROS","turn":"TARDE","roadType":"ESTRADAS E RODOVIAS","street":"SP 099","fatal":false,"fatalVictims":0,"seriousVictims":0,"pedestrian":0,"bicycle":0,"motorcycle":0,"automobile":1,"bus":0,"truck":0,"resourceId":"f20fdf61-64b4-450a-b217-c2be12cb35b7"},"geometry":{"type":"Point","coordinates":[-45.8678308438,-23.2396948214]}},{"type":"Feature","id":"2827189","properties":{"period":"2026-07","date":"28/07/2026","hour":"21:24","type":"NAO DISPONIVEL","turn":"NOITE","roadType":"VIAS URBANAS","street":"AVENIDA GEORGE EASTMAN","fatal":false,"fatalVictims":0,"seriousVictims":0,"pedestrian":0,"bicycle":0,"motorcycle":0,"automobile":0,"bus":0,"truck":0,"resourceId":"f20fdf61-64b4-450a-b217-c2be12cb35b7"},"geometry":{"type":"Point","coordinates":[-45.9193055,-23.2504224]}},{"type":"Feature","id":"2829970","properties":{"period":"2026-07","date":"30/07/2026","hour":"07:31","type":"OUTROS","turn":"MANHA","roadType":"VIAS URBANAS","street":"AVENIDA DEPUTADO BENEDITO MATARAZZO","fatal":false,"fatalVictims":0,"seriousVictims":0,"pedestrian":0,"bicycle":0,"motorcycle":0,"automobile":0,"bus":0,"truck":0,"resourceId":"f20fdf61-64b4-450a-b217-c2be12cb35b7"},"geometry":{"type":"Point","coordinates":[-45.8695487,-23.1937526]}},{"type":"Feature","id":"2837366","properties":{"period":"2026-07","date":"22/07/2026","hour":"16:59","type":"COLISAO","turn":"TARDE","roadType":"VIAS URBANAS","street":"AVENIDA OLIVO GOMES","fatal":false,"fatalVictims":0,"seriousVictims":0,"pedestrian":0,"bicycle":0,"motorcycle":0,"automobile":0,"bus":0,"truck":0,"resourceId":"f20fdf61-64b4-450a-b217-c2be12cb35b7"},"geometry":{"type":"Point","coordinates":[-45.8928669,-23.1654311]}},{"type":"Feature","id":"2826303","properties":{"period":"2026-07","date":"26/07/2026","hour":"09:56","type":"OUTROS","turn":"MANHA","roadType":"VIAS URBANAS","street":"RUA PASTOR JOSE FERREIRA RITO","fatal":false,"fatalVictims":0,"seriousVictims":0,"pedestrian":0,"bicycle":0,"motorcycle":0,"automobile":0,"bus":0,"truck":0,"resourceId":"f20fdf61-64b4-450a-b217-c2be12cb35b7"},"geometry":{"type":"Point","coordinates":[-45.8086507,-23.2144259]}},{"type":"Feature","id":"2833439","properties":{"period":"2026-07","date":"27/07/2026","hour":"03:42","type":"OUTROS","turn":"MADRUGADA","roadType":"VIAS URBANAS","street":"AVENIDA CASSIOPEIA","fatal":false,"fatalVictims":0,"seriousVictims":0,"pedestrian":0,"bicycle":0,"motorcycle":1,"automobile":0,"bus":0,"truck":0,"resourceId":"f20fdf61-64b4-450a-b217-c2be12cb35b7"},"geometry":{"type":"Point","coordinates":[-45.8804864,-23.2295888]}},{"type":"Feature","id":"2838029","properties":{"period":"2026-07","date":"27/07/2026","hour":"01:20","type":"COLISAO","turn":"MADRUGADA","roadType":"ESTRADAS E RODOVIAS","street":"BR 116","fatal":false,"fatalVictims":0,"seriousVictims":0,"pedestrian":0,"bicycle":0,"motorcycle":0,"automobile":0,"bus":0,"truck":1,"resourceId":"f20fdf61-64b4-450a-b217-c2be12cb35b7"},"geometry":{"type":"Point","coordinates":[-45.751487381,-23.1353876589]}},{"type":"Feature","id":"2827716","properties":{"period":"2026-07","date":"29/07/2026","hour":"22:54","type":"COLISAO","turn":"NOITE","roadType":"ESTRADAS E RODOVIAS","street":"SP 088","fatal":false,"fatalVictims":0,"seriousVictims":0,"pedestrian":0,"bicycle":0,"motorcycle":1,"automobile":1,"bus":0,"truck":0,"resourceId":"f20fdf61-64b4-450a-b217-c2be12cb35b7"},"geometry":{"type":"Point","coordinates":[-45.9127304,-23.2657727]}},{"type":"Feature","id":"2838141","properties":{"period":"2026-07","date":"30/07/2026","hour":"16:43","type":"COLISAO","turn":"TARDE","roadType":"VIAS URBANAS","street":"RUA ABOLICAO","fatal":false,"fatalVictims":0,"seriousVictims":0,"pedestrian":0,"bicycle":0,"motorcycle":0,"automobile":0,"bus":0,"truck":0,"resourceId":"f20fdf61-64b4-450a-b217-c2be12cb35b7"},"geometry":{"type":"Point","coordinates":[-45.885639,-23.2040473]}},{"type":"Feature","id":"2835215","properties":{"period":"2026-07","date":"31/07/2026","hour":"12:57","type":"COLISAO","turn":"TARDE","roadType":"VIAS URBANAS","street":"RUA FRANCISCO ROSA MARQUES","fatal":false,"fatalVictims":0,"seriousVictims":0,"pedestrian":0,"bicycle":0,"motorcycle":0,"automobile":1,"bus":0,"truck":0,"resourceId":"f20fdf61-64b4-450a-b217-c2be12cb35b7"},"geometry":{"type":"Point","coordinates":[-45.9013508,-23.2630092]}},{"type":"Feature","id":"2835967","properties":{"period":"2026-07","date":"31/07/2026","hour":"18:30","type":"OUTROS","turn":"NOITE","roadType":"ESTRADAS E RODOVIAS","street":"BR 116","fatal":false,"fatalVictims":0,"seriousVictims":0,"pedestrian":0,"bicycle":0,"motorcycle":1,"automobile":4,"bus":0,"truck":0,"resourceId":"f20fdf61-64b4-450a-b217-c2be12cb35b7"},"geometry":{"type":"Point","coordinates":[-45.8658086399,-23.1920391312]}},{"type":"Feature","id":"2831952","properties":{"period":"2026-07","date":"30/07/2026","hour":"00:50","type":"OUTROS","turn":"MADRUGADA","roadType":"VIAS URBANAS","street":"ESTRADA MUNICIPAL DO JAGUARI","fatal":false,"fatalVictims":0,"seriousVictims":0,"pedestrian":0,"bicycle":0,"motorcycle":0,"automobile":0,"bus":0,"truck":0,"resourceId":"f20fdf61-64b4-450a-b217-c2be12cb35b7"},"geometry":{"type":"Point","coordinates":[-45.9131526,-23.157813]}},{"type":"Feature","id":"2827933","properties":{"period":"2026-07","date":"30/07/2026","hour":"22:40","type":"COLISAO","turn":"NOITE","roadType":"VIAS URBANAS","street":"AVENIDA LIVIO VENEZIANI","fatal":false,"fatalVictims":0,"seriousVictims":1,"pedestrian":0,"bicycle":0,"motorcycle":1,"automobile":1,"bus":0,"truck":0,"resourceId":"f20fdf61-64b4-450a-b217-c2be12cb35b7"},"geometry":{"type":"Point","coordinates":[-45.8575411,-23.2090494]}},{"type":"Feature","id":"2827077","properties":{"period":"2026-07","date":"22/07/2026","hour":"20:20","type":"NAO DISPONIVEL","turn":"NOITE","roadType":"VIAS URBANAS","street":"RUA DOS GUARARAPES","fatal":false,"fatalVictims":0,"seriousVictims":0,"pedestrian":0,"bicycle":0,"motorcycle":0,"automobile":0,"bus":0,"truck":0,"resourceId":"f20fdf61-64b4-450a-b217-c2be12cb35b7"},"geometry":{"type":"Point","coordinates":[-45.8750699,-23.1792172]}},{"type":"Feature","id":"2825797","properties":{"period":"2026-07","date":"23/07/2026","hour":"19:48","type":"COLISAO","turn":"NOITE","roadType":"VIAS URBANAS","street":"AVENIDA EDUARDO LOURENCO","fatal":false,"fatalVictims":0,"seriousVictims":0,"pedestrian":0,"bicycle":0,"motorcycle":0,"automobile":1,"bus":0,"truck":0,"resourceId":"f20fdf61-64b4-450a-b217-c2be12cb35b7"},"geometry":{"type":"Point","coordinates":[-45.8091357,-23.2083652]}},{"type":"Feature","id":"2830217","properties":{"period":"2026-07","date":"26/07/2026","hour":"23:44","type":"NAO DISPONIVEL","turn":"NOITE","roadType":"ESTRADAS E RODOVIAS","street":"BR 116","fatal":false,"fatalVictims":0,"seriousVictims":0,"pedestrian":0,"bicycle":0,"motorcycle":0,"automobile":0,"bus":0,"truck":0,"resourceId":"f20fdf61-64b4-450a-b217-c2be12cb35b7"},"geometry":{"type":"Point","coordinates":[-45.8128522953,-23.1658508086]}},{"type":"Feature","id":"2835118","properties":{"period":"2026-07","date":"27/07/2026","hour":"12:36","type":"NAO DISPONIVEL","turn":"TARDE","roadType":"ESTRADAS E RODOVIAS","street":"SP 099","fatal":false,"fatalVictims":0,"seriousVictims":0,"pedestrian":0,"bicycle":0,"motorcycle":0,"automobile":0,"bus":0,"truck":0,"resourceId":"f20fdf61-64b4-450a-b217-c2be12cb35b7"},"geometry":{"type":"Point","coordinates":[-45.881662,-23.2150861673]}},{"type":"Feature","id":"2830863","properties":{"period":"2026-07","date":"29/07/2026","hour":"09:25","type":"OUTROS","turn":"MANHA","roadType":"VIAS URBANAS","street":"RUA JOSE ALVES DOS SANTOS","fatal":false,"fatalVictims":0,"seriousVictims":0,"pedestrian":0,"bicycle":0,"motorcycle":0,"automobile":0,"bus":0,"truck":0,"resourceId":"f20fdf61-64b4-450a-b217-c2be12cb35b7"},"geometry":{"type":"Point","coordinates":[-45.8885273,-23.2172727]}},{"type":"Feature","id":"2834937","properties":{"period":"2026-07","date":"29/07/2026","hour":"14:43","type":"COLISAO","turn":"TARDE","roadType":"VIAS URBANAS","street":"RUA ANTONIO ALEIXO DA SILVA","fatal":false,"fatalVictims":0,"seriousVictims":0,"pedestrian":0,"bicycle":0,"motorcycle":1,"automobile":0,"bus":0,"truck":0,"resourceId":"f20fdf61-64b4-450a-b217-c2be12cb35b7"},"geometry":{"type":"Point","coordinates":[-45.8846767,-23.2197591]}},{"type":"Feature","id":"2835097","properties":{"period":"2026-07","date":"29/07/2026","hour":"14:07","type":"ATROPELAMENTO","turn":"TARDE","roadType":"VIAS URBANAS","street":"AVENIDA SAMUEL WAINER","fatal":false,"fatalVictims":0,"seriousVictims":0,"pedestrian":1,"bicycle":0,"motorcycle":1,"automobile":0,"bus":0,"truck":0,"resourceId":"f20fdf61-64b4-450a-b217-c2be12cb35b7"},"geometry":{"type":"Point","coordinates":[-45.876452,-23.196036]}},{"type":"Feature","id":"2834387","properties":{"period":"2026-07","date":"30/07/2026","hour":"12:54","type":"COLISAO","turn":"TARDE","roadType":"VIAS URBANAS","street":"AVENIDA PEDRO FRIGGI","fatal":false,"fatalVictims":0,"seriousVictims":0,"pedestrian":0,"bicycle":0,"motorcycle":1,"automobile":1,"bus":0,"truck":0,"resourceId":"f20fdf61-64b4-450a-b217-c2be12cb35b7"},"geometry":{"type":"Point","coordinates":[-45.832482,-23.180185]}},{"type":"Feature","id":"2830568","properties":{"period":"2026-07","date":"31/07/2026","hour":"23:42","type":"NAO DISPONIVEL","turn":"NOITE","roadType":"VIAS URBANAS","street":"AVENIDA JOAO RODOLFO CASTELLI","fatal":false,"fatalVictims":0,"seriousVictims":0,"pedestrian":0,"bicycle":0,"motorcycle":0,"automobile":0,"bus":0,"truck":0,"resourceId":"f20fdf61-64b4-450a-b217-c2be12cb35b7"},"geometry":{"type":"Point","coordinates":[-45.8323301,-23.2447071]}},{"type":"Feature","id":"2832704","properties":{"period":"2026-07","date":"31/07/2026","hour":"08:47","type":"ATROPELAMENTO","turn":"MANHA","roadType":"VIAS URBANAS","street":"AVENIDA JOAO BATISTA DE SOUZA SOARES","fatal":false,"fatalVictims":0,"seriousVictims":0,"pedestrian":0,"bicycle":0,"motorcycle":0,"automobile":0,"bus":1,"truck":0,"resourceId":"f20fdf61-64b4-450a-b217-c2be12cb35b7"},"geometry":{"type":"Point","coordinates":[-45.9101237,-23.257497]}},{"type":"Feature","id":"2830963","properties":{"period":"2026-07","date":"22/07/2026","hour":"04:50","type":"OUTROS","turn":"MADRUGADA","roadType":"VIAS URBANAS","street":"AVENIDA FLORESTAN FERNANDES","fatal":false,"fatalVictims":0,"seriousVictims":0,"pedestrian":0,"bicycle":0,"motorcycle":1,"automobile":0,"bus":0,"truck":0,"resourceId":"f20fdf61-64b4-450a-b217-c2be12cb35b7"},"geometry":{"type":"Point","coordinates":[-45.8847566,-23.1975899]}},{"type":"Feature","id":"2834106","properties":{"period":"2026-07","date":"22/07/2026","hour":"12:17","type":"COLISAO","turn":"TARDE","roadType":"VIAS URBANAS","street":"AVENIDA PROFESSOR SEBASTIAO PAULO DE TOLEDO PONTES","fatal":false,"fatalVictims":0,"seriousVictims":0,"pedestrian":0,"bicycle":0,"motorcycle":1,"automobile":0,"bus":0,"truck":0,"resourceId":"f20fdf61-64b4-450a-b217-c2be12cb35b7"},"geometry":{"type":"Point","coordinates":[-45.8590992,-23.1774972]}},{"type":"Feature","id":"2826041","properties":{"period":"2026-07","date":"23/07/2026","hour":"19:48","type":"NAO DISPONIVEL","turn":"NOITE","roadType":"VIAS URBANAS","street":"AVENIDA EDUARDO LOURENCO","fatal":false,"fatalVictims":0,"seriousVictims":0,"pedestrian":0,"bicycle":0,"motorcycle":0,"automobile":0,"bus":0,"truck":0,"resourceId":"f20fdf61-64b4-450a-b217-c2be12cb35b7"},"geometry":{"type":"Point","coordinates":[-45.8094214,-23.2081279]}},{"type":"Feature","id":"2830950","properties":{"period":"2026-07","date":"24/07/2026","hour":"08:21","type":"OUTROS","turn":"MANHA","roadType":"VIAS URBANAS","street":"ESTRADA JUCA CARVALHO","fatal":false,"fatalVictims":0,"seriousVictims":0,"pedestrian":0,"bicycle":0,"motorcycle":0,"automobile":1,"bus":0,"truck":0,"resourceId":"f20fdf61-64b4-450a-b217-c2be12cb35b7"},"geometry":{"type":"Point","coordinates":[-45.9595984,-23.1255111]}},{"type":"Feature","id":"2828884","properties":{"period":"2026-07","date":"27/07/2026","hour":"22:33","type":"NAO DISPONIVEL","turn":"NOITE","roadType":"VIAS URBANAS","street":"AVENIDA CASSIOPEIA","fatal":false,"fatalVictims":0,"seriousVictims":0,"pedestrian":0,"bicycle":0,"motorcycle":0,"automobile":0,"bus":0,"truck":0,"resourceId":"f20fdf61-64b4-450a-b217-c2be12cb35b7"},"geometry":{"type":"Point","coordinates":[-45.8890878,-23.2292541]}},{"type":"Feature","id":"2830508","properties":{"period":"2026-07","date":"30/07/2026","hour":"06:41","type":"OUTROS","turn":"MANHA","roadType":"VIAS URBANAS","street":"RUA GISELE MARTINS","fatal":false,"fatalVictims":0,"seriousVictims":0,"pedestrian":0,"bicycle":0,"motorcycle":0,"automobile":0,"bus":0,"truck":0,"resourceId":"f20fdf61-64b4-450a-b217-c2be12cb35b7"},"geometry":{"type":"Point","coordinates":[-45.897417,-23.2459358]}},{"type":"Feature","id":"2825856","properties":{"period":"2026-07","date":"22/07/2026","hour":"19:21","type":"COLISAO","turn":"NOITE","roadType":"VIAS URBANAS","street":"RUA MARTINS FONTES","fatal":false,"fatalVictims":0,"seriousVictims":0,"pedestrian":0,"bicycle":0,"motorcycle":0,"automobile":0,"bus":0,"truck":0,"resourceId":"f20fdf61-64b4-450a-b217-c2be12cb35b7"},"geometry":{"type":"Point","coordinates":[-45.8725982,-23.1811974]}},{"type":"Feature","id":"2833986","properties":{"period":"2026-07","date":"22/07/2026","hour":"16:45","type":"OUTROS","turn":"TARDE","roadType":"ESTRADAS E RODOVIAS","street":"BR 116","fatal":false,"fatalVictims":0,"seriousVictims":0,"pedestrian":0,"bicycle":0,"motorcycle":1,"automobile":0,"bus":0,"truck":0,"resourceId":"f20fdf61-64b4-450a-b217-c2be12cb35b7"},"geometry":{"type":"Point","coordinates":[-45.9199652953,-23.2384381085]}},{"type":"Feature","id":"2832735","properties":{"period":"2026-07","date":"27/07/2026","hour":"11:55","type":"OUTROS","turn":"MANHA","roadType":"VIAS URBANAS","street":"AVENIDA OLIVO GOMES","fatal":false,"fatalVictims":0,"seriousVictims":0,"pedestrian":0,"bicycle":0,"motorcycle":0,"automobile":0,"bus":0,"truck":0,"resourceId":"f20fdf61-64b4-450a-b217-c2be12cb35b7"},"geometry":{"type":"Point","coordinates":[-45.8899338,-23.171546]}},{"type":"Feature","id":"2827468","properties":{"period":"2026-07","date":"29/07/2026","hour":"22:11","type":"NAO DISPONIVEL","turn":"NOITE","roadType":"VIAS URBANAS","street":"RUA ALZIRO LEBRAO","fatal":false,"fatalVictims":0,"seriousVictims":0,"pedestrian":0,"bicycle":0,"motorcycle":0,"automobile":0,"bus":0,"truck":0,"resourceId":"f20fdf61-64b4-450a-b217-c2be12cb35b7"},"geometry":{"type":"Point","coordinates":[-45.9013196,-23.1537039]}},{"type":"Feature","id":"2831956","properties":{"period":"2026-07","date":"29/07/2026","hour":"08:38","type":"NAO DISPONIVEL","turn":"MANHA","roadType":"VIAS URBANAS","street":"AVENIDA NICANOR REIS","fatal":false,"fatalVictims":0,"seriousVictims":0,"pedestrian":0,"bicycle":0,"motorcycle":0,"automobile":0,"bus":0,"truck":0,"resourceId":"f20fdf61-64b4-450a-b217-c2be12cb35b7"},"geometry":{"type":"Point","coordinates":[-45.8652512,-23.2713159]}},{"type":"Feature","id":"2833506","properties":{"period":"2026-07","date":"31/07/2026","hour":"11:38","type":"COLISAO","turn":"MANHA","roadType":"VIAS URBANAS","street":"RUA SIQUEIRA CAMPOS","fatal":false,"fatalVictims":0,"seriousVictims":0,"pedestrian":0,"bicycle":0,"motorcycle":1,"automobile":1,"bus":0,"truck":0,"resourceId":"f20fdf61-64b4-450a-b217-c2be12cb35b7"},"geometry":{"type":"Point","coordinates":[-45.8819856,-23.1796452]}}]}
